Ticker,PLTR,PLTR,PLTR,PLTR,PLTR,AMD,AMD,AMD,AMD,AMD,META,META,META,META,META,GOOGL,GOOGL,GOOGL,GOOGL,GOOGL,TSLA,TSLA,TSLA,TSLA,TSLA,AAPL,AAPL,AAPL,AAPL,AAPL,NVDA,NVDA,NVDA,NVDA,NVDA,MSFT,MSFT,MSFT,MSFT,MSFT
Price,Open,High,Low,Close,Volume,Open,High,Low,Close,Volume,Open,High,Low,Close,Volume,Open,High,Low,Close,Volume,Open,High,Low,Close,Volume,Open,High,Low,Close,Volume,Open,High,Low,Close,Volume,Open,High,Low,Close,Volume
Date,,,,,,,,,,,,,,,,,,,,,,,,,,,,,,,,,,,,,,,,
2020-01-02,,,,,,46.86000061035156,49.25,46.630001068115234,49.099998474121094,80331100,204.95021983697868,207.96374966670473,204.47440252196083,207.95384216308594,12077100,66.82791589956109,67.83250427246094,66.73275901654908,67.83250427246094,27278000,28.299999237060547,28.713333129882812,28.11400032043457,28.68400001525879,142981500,71.28257523373918,72.33170151465225,71.02992253216576,72.27154541015625,135480400,5.934968570207183,5.963804244995117,5.8845060207937,5.963804244995117,237536000,150.0902625907942,151.93353980620552,149.6648931447306,151.82955932617188,22622100
2020-01-03,,,,,,48.029998779296875,49.38999938964844,47.540000915527344,48.599998474121094,73127400,205.40621831494474,208.56843626979165,205.1484719660643,206.85350036621094,11188400,66.80760773096915,68.08379009099887,66.77390239021686,67.4776611328125,23408000,29.366666793823242,30.266666412353516,29.128000259399414,29.534000396728516,266677500,71.5015494021164,72.32688945190185,71.34514498799838,71.56892395019531,146322800,5.844233913695736,5.912097802856729,5.8193753167124,5.868346691131592,205384000,149.6554253847614,151.19620847768044,149.4096455068012,149.93899536132812,21116200
2020-01-06,,,,,,48.02000045776367,48.86000061035156,47.86000061035156,48.38999938964844,47934900,204.90064921266088,210.9277239141144,204.7222233942496,210.74929809570312,17058900,66.98750339759994,69.3014879316115,66.95628606830468,69.27621459960938,46768000,29.364667892456055,30.104000091552734,29.333332061767578,30.1026668548584,151995000,70.693043053502,72.17769145821572,70.44279162661955,72.13919067382812,118387200,5.775127201579622,5.898176519464269,5.74902588859055,5.892956256866455,262636000,148.4832764629302,150.39272928536337,147.9444646847199,150.32655334472656,20813700
2020-01-07,,,,,,49.349998474121094,49.38999938964844,48.040000915527344,48.25,58061400,210.96737540793467,212.7120488834595,209.90668266717276,211.2052764892578,14912400,69.40754568235849,69.55821012407621,68.96645724727993,69.14239501953125,34330000,30.760000228881836,31.441999435424805,30.224000930786133,31.270666122436523,268231500,72.14881244029856,72.40387369288733,71.58094243439095,71.79991149902344,108872000,5.9212948654387905,6.010039801296708,5.876301039294927,5.964300155639648,314856000,150.60072617609066,150.93156268718585,148.71018237427404,148.95594787597656,21634100
2020-01-08,,,,,,47.849998474121094,48.29999923706055,47.13999938964844,47.83000183105469,53767000,211.14580552041744,214.35760631734092,210.7592011294325,213.3464813232422,13475000,69.12803404922425,69.97205154999614,69.01949936379778,69.6345443725586,35314000,31.579999923706055,33.232666015625,31.215333938598633,32.80933380126953,467164500,71.50396791568657,73.2557137520239,71.50396791568657,72.9549331665039,132079200,5.96007489141587,6.0167524399804355,5.920052874364095,5.975487232208252,277108000,150.23204869357042,151.99971686703032,149.30568631614628,151.3285675048828,27746500
2020-01-09,,,,,,48.939998626708984,49.959999084472656,48.38999938964844,48.970001220703125,76512800,215.64629488466662,216.47899413112594,214.39726870391826,216.39968872070312,12642800,70.47161667281351,70.8061518370151,69.89076858429041,70.36556243896484,33200000,33.13999938964844,33.253334045410156,31.524667739868164,32.089332580566406,426606000,73.92945117823741,74.69704373534724,73.67920704582386,74.50454711914062,170108400,6.061746936440658,6.11345267607093,5.987420054256741,6.041114330291748,255112000,152.98278300469048,153.34199090041147,152.21711516271918,153.21910095214844,21385000
2020-01-10,,,,,,49.2599983215332,49.290000915527344,48.0,48.16999816894531,44133700,217.29186465452847,217.96595313144368,215.52736073472445,216.1617889404297,12119400,70.84531111023372,71.11640582320393,70.35614880232912,70.82003021240234,26258000,32.11933135986328,32.3293342590332,31.579999923706055,31.876667022705078,194392500,74.73796219850064,75.23605661610512,74.17249322271363,74.67298889160156,140644800,6.148253830514935,6.178581141333891,6.059260434267668,6.073429584503174,316296000,153.90915972860566,154.28726267501992,152.35890014667973,152.51014709472656,20725900
2020-01-13,,,,,,48.65999984741211,48.86000061035156,48.2400016784668,48.75,34266800,217.68835231287758,220.0377162368791,217.3017479313842,219.97824096679688,14463400,71.13176223123057,71.44052494087894,70.64210838991625,71.36866760253906,30730000,32.900001525878906,35.04199981689453,32.79999923706055,34.990665435791016,397764000,74.98817927043977,76.29476778625667,74.87026834030729,76.26829528808594,121532000,6.156457847574533,6.288953447003874,6.133836231355337,6.263846397399902,319840000,152.9071617022491,154.3723358820374,152.43452580062083,154.34397888183594,21626500
2020-01-14,,,,,,48.63999938964844,49.040000915527344,47.90999984741211,48.209999084472656,38563200,219.68086596283632,220.44416728003057,216.72681136156237,217.15306091308594,13288900,71.36717204334909,71.49751649539529,70.76104311691866,70.90081024169922,26076000,36.284000396728516,36.49399948120117,34.99333190917969,35.861331939697266,434943000,76.2057563300334,76.4150983993522,75.11572800719021,75.23844146728516,161954400,6.221089716905771,6.2464456898529646,6.1338363992497795,6.147011756896973,359088000,154.44794943449625,154.6464628468558,152.86934735532085,153.2569122314453,23477400
2020-01-15,,,,,,48.22999954223633,49.08000183105469,48.119998931884766,48.54999923706055,40199900,218.689545721998,219.75022328905106,218.2236359574362,219.22483825683594,10036500,71.02124763841545,71.40583792168397,70.95384451597616,71.32752990722656,21550000,35.31733322143555,35.85599899291992,34.452667236328125,34.56666564941406,260532000,75.0387517285312,75.91702968411356,74.48531097304532,74.91603088378906,121923600,6.15968906872303,6.182061762177155,6.0786502856138,6.104503154754639,263104000,153.72010076525626,154.96786650736908,153.67284871260028,154.24945068359375,21417900
2020-01-16,,,,,,49.16999816894531,50.310001373291016,48.9900016784668,49.77000045776367,58898900,220.6325164962698,220.69199177101737,218.4714857160289,219.8394775390625,10015300,71.63728563930937,71.89748302625469,71.36718158869391,71.87071990966797,26080000,32.91666793823242,34.297332763671875,32.81133270263672,34.232666015625,326050500,75.4574175522418,75.96513894112196,75.09648089083629,75.85444641113281,108829200,6.157946621578014,6.193991555459539,6.134579668900062,6.18802547454834,284192000,155.35541857174925,157.1419816102334,155.05292468702913,157.0758056640625,23865400
2020-01-17,,,,,,50.20000076293945,51.04999923706055,49.900001525878906,50.93000030517578,57722500,220.09721000545602,220.3549412394602,218.61026762459173,220.2062530517578,15905900,72.48426869061286,73.3768514456116,72.18740154979925,73.3258056640625,52424000,33.840667724609375,34.37799835205078,33.54399871826172,34.03333282470703,204436500,76.10228015577917,76.69662274727602,75.7966897960532,76.69422149658203,137816400,6.207168278849511,6.2146260007402,6.149248013832999,6.196727752685547,253792000,158.25735915256237,158.3046256141996,156.37626359951238,157.9548797607422,34371700
2020-01-21,,,,,,50.959999084472656,51.810001373291016,50.70000076293945,51.04999923706055,49095000,220.22607789610095,220.4342413538847,217.21253293939026,219.51234436035156,14275800,73.30002755955512,73.83925246721381,72.86439154992613,73.46110534667969,48930000,35.349998474121094,36.571998596191406,35.227333068847656,36.47999954223633,267052500,76.32367023769899,76.7640097522044,76.03732655340609,76.17448425292969,110843200,6.160186089168899,6.196976854432715,6.129361406762414,6.163417816162109,217916000,157.55786779949122,158.98523718683614,157.32154989283947,157.38772583007812,29517200
2020-01-22,,,,,,51.630001068115234,51.880001068115234,51.20000076293945,51.43000030517578,40772200,220.37477440386175,220.81094659506738,219.35374183170325,219.39340209960938,12212800,73.83182870287273,74.36955634065013,73.4814353131619,73.54139709472656,28458000,38.125999450683594,39.633331298828125,37.27333450317383,37.97066879272461,470535000,76.65813158547017,76.99741293025565,76.35254118737379,76.4463882446289,101832400,6.208659581685237,6.303867502720389,6.189767066563044,6.217360019683838,239240000,158.2384898999051,158.3235753219564,156.61262128751815,156.63153076171875,24138800
2020-01-23,,,,,,51.34000015258789,51.75,50.7400016784668,51.709999084472656,40135400,218.82835703609265,219.56192073379037,217.36124476665748,217.8469696044922,11195000,73.72377206652983,74.0186578379967,73.36544584943454,73.58202362060547,26650000,37.616668701171875,38.79999923706055,37.040000915527344,38.14666748046875,294765000,76.499312044199,76.89393223945343,75.95308995960856,76.81452941894531,104472000,6.257381577194218,6.294171859786776,6.168636648680007,6.285719871520996,244516000,157.09477110583956,157.6713876582786,156.2251225129935,157.59576416015625,19680800
2020-01-24,,,,,,52.279998779296875,52.810001373291016,49.470001220703125,50.349998474121094,80004900,218.87792022361282,219.849385004895,214.22874465282248,216.04281616210938,11905800,73.98495419699645,74.05334797496889,72.51597775102503,72.66416931152344,29786000,38.04199981689453,38.25733184814453,36.95066833496094,37.654666900634766,215304000,77.05997452322455,77.8010945444288,76.40306717879187,76.5931625366211,146537600,6.40106482430508,6.450782022304533,6.172366566956607,6.226558208465576,373512000,158.3424670503659,158.3613765241698,155.44993777757642,156.0076446533203,24918100
2020-01-27,,,,,,48.45000076293945,49.790000915527344,47.900001525878906,49.2599983215332,48878600,211.2449307896908,214.17915496687039,210.6501478512568,212.99951171875,13810700,70.94789842652807,71.19768245755475,70.35118456784836,70.95731353759766,34132000,36.132667541503906,37.62933349609375,35.95199966430664,37.201332092285156,204121500,74.60798611282112,75.01945169928203,73.36155372985573,74.34089660644531,161940000,5.922289664238681,6.021972504994483,5.772890101483585,5.971012592315674,470536000,152.33048975941733,154.4384554968188,151.4324847586313,153.39865112304688,32078100
2020-01-28,,,,,,50.029998779296875,50.849998474121094,49.47999954223633,50.529998779296875,62343800,214.2584886549919,216.8358615605444,211.66130074124504,215.8941192626953,13413800,71.45340418513541,72.10066465532061,70.88940505128319,71.88755798339844,29724000,37.89933395385742,38.45399856567383,37.2053337097168,37.793331146240234,176827500,75.21919235562906,76.61481100227473,75.12053546591517,76.4439697265625,162234000,6.036887788328454,6.196479436751818,5.9836904141412175,6.164163589477539,310976000,154.81664442841867,156.68827891861844,154.14550939686842,156.4047088623047,24899900
2020-01-29,,,,,,47.84000015258789,48.06999969482422,46.099998474121094,47.5099983215332,112349900,219.51234719018524,222.2483156951887,216.5483699652949,221.28675842285156,33181300,72.28206348912828,72.5635715376291,71.63431138988481,72.19483947753906,21566000,38.37933349609375,39.31999969482422,37.82866668701172,38.732666015625,267022500,78.0705856603743,78.88870711130171,77.33186702648361,78.04411315917969,216229200,6.149745962240131,6.185790910221257,6.063983811930669,6.103757858276367,258848000,158.65439337526382,159.5145940552649,156.62206505752158,158.84344482421875,34754500
2020-01-30,,,,,,46.4900016784668,48.810001373291016,46.130001068115234,48.779998779296875,70460200,204.7321243582591,209.58946307756923,202.96762073363075,207.7060089111328,48775500,71.2729971212912,72.12295839747925,71.11936068796703,72.07340240478516,27110000,42.16133117675781,43.391998291015625,41.20000076293945,42.72066879272461,435085500,77.12975418029563,77.9839679399373,76.69903440937786,77.9310302734375,126743200,6.0060631260830695,6.123892669348195,5.951126138120667,6.110468864440918,290504000,164.52456542873182,164.52456542873182,161.4429700217879,163.32406616210938,51597500
2020-01-31,,,,,,48.400001525878906,48.58000183105469,46.790000915527344,47.0,60322400,206.6155751830227,206.8733215207169,199.30973708992997,200.15234375,31359900,72.74792746502517,72.83763191582841,70.72585665176216,71.00934600830078,43822000,42.66666793823242,43.53333282470703,42.167999267578125,43.371334075927734,235789500,77.22362047859812,77.64471336153747,74.1821305597575,74.47569274902344,199588400,6.064727541518416,6.07665970389611,5.835532446221562,5.877294540405273,370420000,162.7852531721158,162.9648426873359,160.29918387299614,160.91360473632812,36142700
2020-02-03,,,,,,46.400001525878906,48.099998474121094,46.22999954223633,48.02000045776367,46983500,201.6690349356694,203.35423322426226,200.73721531848193,202.41250610351562,15495600,72.4401606618482,73.66183373200143,72.19037662681714,73.47845458984375,71636000,44.91266632080078,52.409332275390625,44.90133285522461,52.0,705975000,73.22201466798846,75.43335387455234,72.72151906032097,74.2711410522461,173788400,5.859149408225992,5.993634007995882,5.852934876956835,5.974244594573975,255564000,161.10263707783204,164.9498995377037,161.07428008281042,164.8364715576172,30107000
2020-02-04,,,,,,49.209999084472656,49.75,48.61000061035156,49.45000076293945,46302100,204.82132452213955,208.766688674191,203.4136877364672,208.00338745117188,19628900,72.08530406404785,72.7221511823301,70.47656803193662,71.63529205322266,95880000,58.86399841308594,64.59933471679688,55.59199905395508,59.137332916259766,914082000,75.87127869651542,76.91318645690339,75.46703146839315,76.72309112548828,136616400,6.11593790463185,6.162423375434906,6.065972258437693,6.143281936645508,271544000,167.44542355504944,170.75387441009062,166.66084633572413,170.2623291015625,36433300
2020-02-05,,,,,,50.290000915527344,50.41999816894531,49.310001373291016,49.84000015258789,42737100,210.66004622291484,210.87813228249038,206.89313819597234,208.28094482421875,12538200,72.53728878225081,72.58536256030895,70.85570477873623,71.66700744628906,36376000,54.88399887084961,56.39866638183594,46.94066619873047,48.97999954223633,726357000,77.84681134417079,78.14519062464261,76.74716330264357,77.34872436523438,118826800,6.264093880586738,6.274285957619516,6.150241893918573,6.233518123626709,208220000,173.95835927347207,174.1190537403817,168.64593664566272,170.05438232421875,39186300
2020-02-06,,,,,,48.79999923706055,49.38999938964844,47.630001068115234,49.31999969482422,48670600,208.63784471301705,209.35157827127708,207.5176766040334,209.01454162597656,10567500,71.96092092342109,73.42692575234067,71.88658312903618,73.1498794555664,37822000,46.66133117675781,53.05533218383789,45.79999923706055,49.930667877197266,598212000,77.61821910965085,78.2558723391088,77.06237729988993,78.25346374511719,105425600,6.267822801669854,6.3202738761901855,6.186784032913833,6.3202738761901855,218284000,171.06581980124434,173.75984990152529,170.20561909708994,173.5802459716797,27751400
2020-02-07,,,,,,48.90999984741211,50.66999816894531,48.63999938964844,49.72999954223633,53107600,208.46933139342443,210.9673989072856,208.10254197559698,210.48165893554688,12242500,72.72462536770595,73.60977419551057,72.62649648623446,73.30547332763672,28360000,48.70333480834961,51.31666564941406,48.66666793823242,49.871334075927734,255952500,77.75419304088338,78.00262411427845,76.7001698716179,77.1897964477539,117684000,6.2802526606422955,6.302376904478737,6.228795373447548,6.254151344299316,189752000,172.8429430262262,175.47079730341426,172.49318267512277,173.82601928710938,33529100
2020-02-10,,,,,,49.470001220703125,52.29999923706055,49.349998474121094,52.2599983215332,60971700,209.67868908891847,211.93884011724154,208.82617492027316,211.2052764892578,11856400,73.21230643210724,74.78089390340634,73.11169710268464,74.76998901367188,38302000,53.33333206176758,54.66600036621094,50.15999984741211,51.41866683959961,370338000,75.7787945932457,77.55640411376953,75.69920332307832,77.55640411376953,109348800,6.2767737971779916,6.537787963444863,6.271801981367196,6.537042617797852,529608000,173.53300042903595,178.50512495189932,173.22105900121804,178.37278747558594,35844300
2020-02-11,,,,,,53.220001220703125,54.47999954223633,52.90999984741211,53.79999923706055,74719100,208.36026761626928,209.0244333528046,204.71229469095942,205.38638305664062,25030800,74.99845195639648,75.82165758238281,74.61088980891566,74.83936309814453,34852000,51.25266647338867,52.23400115966797,50.53333282470703,51.62533187866211,175462500,78.05083753790159,78.12319321791004,76.8713884288646,77.08846282958984,94323200,6.645175998628958,6.7739429741623995,6.583278181322372,6.6593451499938965,638556000,180.21607754330697,180.26334402188803,173.45738939363605,174.345947265625,53159900
2020-02-12,,,,,,54.529998779296875,54.849998474121094,53.529998779296875,53.88999938964844,45994900,206.04065155669,209.38131053815937,205.59455674975018,208.92530822753906,13813700,75.12683532807398,75.34688423463207,74.7704979689078,75.26412200927734,31042000,51.858001708984375,52.650001525878906,50.891334533691406,51.15266799926758,180337500,77.53712876134894,78.92400308456664,77.53712876134894,78.91918182373047,113730400,6.712045068202593,6.781400607181102,6.673265764706395,6.774937152862549,374644000,175.42353231595447,175.67875972595644,171.89767274276622,174.6011505126953,47062900
2020-02-13,,,,,,53.43000030517578,55.029998779296875,53.34000015258789,54.529998779296875,51640000,207.69612402270548,212.46425035483114,207.35907224095146,211.28460693359375,15396600,74.83640497378897,75.62689608164477,74.53903875028274,75.0044174194336,22914000,49.45600128173828,54.53333282470703,49.0,53.599998474121094,394339500,78.19315895415963,78.68278545723169,77.99055564537478,78.35717010498047,94747600,6.717016286330041,6.7983035102749065,6.689671780436804,6.731185436248779,528016000,173.06034274994119,176.03794280419976,172.86182934859667,173.65586853027344,35295800
2020-02-14,,,,,,55.189998626708984,55.400001525878906,54.560001373291016,55.310001373291016,52365400,212.13711067573826,213.05900768129823,210.79885649725966,212.31553649902344,10741700,75.06092014232502,75.33449526939701,74.6158614465477,75.26907348632812,23198000,52.4813346862793,54.198001861572266,52.366668701171875,53.33533477783203,235405500,78.32583137266305,78.62491882489209,77.86997566415033,78.3764877319336,80113600,7.1408547082051,7.332513775197744,7.109533125809277,7.203746795654297,1041924000,173.2210544650253,175.26284498070825,172.65388562499024,175.2061309814453,23149500
2020-02-18,,,,,,54.939998626708984,58.130001068115234,54.84000015258789,56.88999938964844,70133200,211.6910190874841,216.0824480300486,211.54231578381527,215.90402221679688,15609200,75.05150424505347,75.85537316720415,74.8864637897621,75.30426025390625,25642000,56.106666564941406,57.33333206176758,55.490665435791016,57.22666549682617,245725500,76.06342045111482,77.12227238383039,75.8825237997063,76.94137573242188,152531200,7.100583691147785,7.39068289468149,7.081194275806796,7.372287273406982,620164000,175.45187980244407,177.42749418236605,175.34789933909548,176.98321533203125,27792200
2020-02-19,,,,,,57.9900016784668,59.27000045776367,57.5099983215332,58.900001525878906,58597300,216.09238818984397,216.41951733330308,214.22874887291087,215.59674072265625,12135100,75.68885642045224,75.8643026659883,75.38059282964247,75.57337951660156,22746000,61.56666564941406,62.98533248901367,60.06800079345703,61.16133117675781,381345000,77.18256041371585,78.28482562119284,77.18256041371585,78.0556869506836,93984000,7.49459070572819,7.840621144248622,7.49459070572819,7.822971343994141,694332000,178.25331684081806,178.36705462621129,176.74623333197428,177.5139923095703,29997500
2020-02-20,,,,,,58.439998626708984,59.02000045776367,56.150001525878906,57.27000045776367,74203400,214.63516582675354,216.8655792462106,211.09623594075467,212.71205139160156,13109200,75.2829563031184,75.68241413427546,74.5519353136324,75.18284606933594,25962000,60.79666519165039,60.79999923706055,57.3293342590332,59.96066665649414,264523500,77.81690294978998,78.30411519495496,76.75081563386378,77.25491333007812,100566000,7.774995472066673,7.863243059615663,7.366818730914301,7.673821449279785,810052000,177.20123010558348,177.48558908217993,171.6562951458951,174.80316162109375,36862400
2020-02-21,,,,,,56.709999084472656,56.79999923706055,52.88999938964844,53.279998779296875,88271100,211.62161778756874,212.3750115450859,207.01210284110857,208.350341796875,14092300,74.56778297216329,74.88348786244822,73.27475187398645,73.52106475830078,42520000,60.46533203125,60.87066650390625,58.6966667175293,60.06666564941406,214722000,76.84969364795695,77.29108544658935,74.89118775773731,75.50623321533203,129554000,7.561709436571416,7.586816487039171,7.225373675917475,7.310141086578369,768180000,173.6183316037425,173.93112500826635,168.00704036902022,169.27716064453125,48572600
2020-02-24,,,,,,48.18000030517578,50.279998779296875,47.4900016784668,49.119998931884766,86624100,200.04330227154202,201.87718865486534,196.4448971524232,198.9727020263672,23080100,70.52710913822696,71.1877548802108,69.72125896753626,70.36901092529297,49560000,55.93333435058594,57.56666564941406,54.813331604003906,55.58599853515625,227883000,71.69778197998241,73.3668508412422,69.76098226638659,71.919677734375,222195200,6.716519314840207,7.006866948451461,6.662079222439039,6.793332099914551,856916000,159.02140017038658,165.4478463263177,154.71813679067944,161.97869873046875,68311100
2020-02-25,,,,,,51.13999938964844,51.2400016784668,47.119998931884766,47.56999969482422,88699400,200.48940579669573,201.72852449754058,194.24424451924557,195.05711364746094,21433500,70.92113799695146,71.21106293016649,68.4143664703446,68.70677185058594,51580000,56.599998474121094,57.106666564941406,52.46666717529297,53.32733154296875,259357500,72.58779705787798,72.96888275320897,69.0132775682206,69.48360443115234,230673600,6.86840412228699,6.930301930876322,6.412499271487127,6.5141706466674805,1055496000,165.11611976454265,165.72274558384058,158.9076748317135,159.3057861328125,68073300
2020-02-26,,,,,,47.70000076293945,49.290000915527344,47.06999969482422,47.4900016784668,86378400,195.47344515740704,199.4584549193443,193.78824684047552,195.4833526611328,16524500,69.13595745407619,70.06224551074448,68.22255562083214,68.91243743896484,49776000,52.16666793823242,54.22066879272461,51.740665435791016,51.91999816894531,211282500,69.10976087175733,71.84733184529837,69.10252529966198,70.58587646484375,198054800,6.514420378343546,6.847275971235997,6.512929213052933,6.653379440307617,747732000,160.8602904747629,164.22516022296588,159.4385096358819,161.29629516601562,56206100
2020-02-27,,,,,,45.380001068115234,46.2400016784668,42.209999084472656,44.0099983215332,106416200,190.15020867647684,194.17486384025085,187.8503970823426,188.0982208251953,21682600,67.35969967242637,67.86819119574264,65.13442914630396,65.16961669921875,62290000,48.66666793823242,49.31800079345703,44.599998474121094,45.266666412353516,364158000,67.8000523998572,68.98190880585912,65.8367176160919,65.97178649902344,320605600,6.340222462355224,6.6411905100878075,6.190733538467209,6.283013820648193,906416000,154.80340681441123,158.31993443345746,149.7418592358991,149.93142700195312,93174900
2020-02-28,,,,,,41.36000061035156,46.150001525878906,41.040000915527344,45.47999954223633,100331800,181.10958449994126,191.06219427727905,180.23725522882313,190.79454040527344,32568900,63.15548440926263,66.53253692106605,62.85316484722115,66.37394714355469,80198000,41.97999954223633,46.03466796875,40.768001556396484,44.53266525268555,363343500,62.049933897959434,67.15121537740396,61.835266448657556,65.93317413330078,426510000,6.030797544626237,6.77699866718428,6.014132526651322,6.717551231384277,1133252000,144.46235233203646,155.17309954673496,144.07372893416303,153.56173706054688,97012700
2020-03-02,,,,,,47.41999816894531,47.68000030517578,44.65999984741211,47.459999084472656,102324700,192.34094096110195,194.8588383823931,187.20604083380425,194.72996520996094,24949000,66.97562400936349,68.76376163348303,65.67763179244827,68.70677185058594,55430000,47.41733169555664,49.5793342590332,45.77799987792969,49.574668884277344,302925000,68.08465633915449,72.7059623843327,66.98480559511727,72.07161712646484,341397200,6.887436000024887,6.904598685338675,6.491949395482949,6.8757452964782715,890744000,156.68967642563902,163.90284290585905,153.8461156233935,163.7796173095703,71030800
2020-03-03,,,,,,49.029998779296875,50.20000076293945,45.66999816894531,46.75,141972300,194.511866637883,195.5229915679651,182.36850535212912,184.27178955078125,27984100,69.26977724679543,69.79065597401333,65.87784927791827,66.29812622070312,56602000,53.66666793823242,53.798667907714844,47.740665435791016,49.70066833496094,386760000,73.24384124809224,73.32343252495296,68.93367144924383,69.78268432617188,319475600,6.931462850373076,6.991158887369875,6.528265410526086,6.61358118057251,652792000,164.73699710492832,165.87441879835387,153.79875590311715,155.93142700195312,71677000
2020-03-04,,,,,,48.25,50.13999938964844,47.209999084472656,50.11000061035156,93311800,187.52324816700101,190.1600961433349,184.76744964693935,190.0906982421875,23062500,67.35077754870201,68.5313112774351,66.26242870695833,68.47283172607422,47598000,50.930667877197266,51.10133361816406,48.31533432006836,49.96666717529297,225735000,71.49997249663515,73.17869059647481,70.70161622739258,73.01950073242188,219178400,6.720786112979837,7.086175961601068,6.646165702503717,7.076724052429199,597408000,159.70387209335476,161.79862063132381,156.98352219099715,161.6564483642578,49814400
2020-03-05,,,,,,48.68000030517578,49.720001220703125,47.5099983215332,48.11000061035156,98302700,185.15406034636916,187.34482873238224,182.2892186883273,183.55807495117188,19333400,66.68617596648993,67.08663199651346,64.50997717418309,65.16020965576172,54380000,48.2513313293457,49.71666717529297,47.871334075927734,48.30266571044922,162790500,71.27808040208855,72.25009782118012,70.28677058471263,70.6509780883789,187572800,6.877488416985179,7.044140056322009,6.7531215361195445,6.797645092010498,540328000,157.3910652042187,161.959711223559,157.04983739033096,157.59959411621094,47817300
2020-03-06,,,,,,49.439998626708984,49.540000915527344,46.7400016784668,48.59000015258789,124590900,176.77761198822552,182.18016588247215,174.7256243932262,179.51358032226562,24559600,62.93940012057122,64.56498121361302,62.307997902917315,64.21756744384766,64640000,46.0,47.133331298828125,45.61800003051758,46.89866638183594,189943500,68.01712645055636,70.14447238483373,67.83140857783133,69.71273040771484,226176800,6.618306340364054,6.675764049860248,6.417329367295338,6.617311477661133,515412000,154.1305218148439,154.60444876040788,147.86520701596388,153.14476013183594,72821100
2020-03-09,,,,,,43.029998779296875,46.34000015258789,42.5099983215332,43.27000045776367,80859800,168.12361063187322,173.47659670849464,163.75199676458902,168.02447509765625,29949000,59.718466349939796,62.085973437860574,59.37550676498299,60.25520706176758,69252000,40.35933303833008,44.20000076293945,40.33333206176758,40.53333282470703,256105500,63.61530125773645,67.07404319923313,63.43440466648222,64.1989974975586,286744800,5.967121698181325,6.452152626694076,5.924339753977124,6.104920387268066,614160000,143.12593617364425,149.52394987677073,142.17808229169958,142.7657470703125,70419300
2020-03-10,,,,,,45.40999984741211,45.439998626708984,43.099998474121094,45.380001068115234,76228200,173.14949241413558,176.73797540293373,168.02449918050053,176.63885498046875,24517800,62.16823929817354,63.231806414527796,60.19176194894064,63.19810485839844,54872000,43.96200180053711,44.53333282470703,40.53333282470703,43.02199935913086,233916000,66.84490987612755,69.08802459436366,64.97081653756358,68.82270812988281,285290000,6.3810155877339705,6.493940830230713,6.118601874560568,6.493940830230713,580648000,149.91250932333253,152.63284417285914,144.62348518857524,152.52857971191406,65354400
2020-03-11,,,,,,44.189998626708984,45.970001220703125,43.79999923706055,45.70000076293945,101601100,172.49521209053785,174.34894375307698,166.2004988435292,168.75804138183594,20373900,61.864928567207265,62.29412145420184,59.03353279180073,60.012847900390625,54732000,42.68000030517578,43.571998596191406,40.866668701171875,42.28200149536133,199837500,66.9052206904251,67.82899618098686,65.57140256073914,66.4324722290039,255598800,6.354152540659785,6.382508269115836,6.033534832806254,6.13054084777832,499964000,148.93623128461837,149.4765002813039,143.26805670517658,145.61874389648438,56371600
2020-03-12,,,,,,42.0,42.5,39.0,39.0099983215332,107461500,158.1511933411001,165.1497485564688,152.99646250655854,153.12533569335938,43266300,55.63764838838644,58.91508605796514,54.93636636348303,55.089012145996094,94326000,38.72600173950195,39.633331298828125,36.41666793823242,37.369998931884766,283636500,61.73157866504394,65.1227869054102,59.81648575015455,59.8719596862793,418474000,5.607949780649273,5.873099896236231,5.367673129494751,5.380358695983887,816540000,137.72312904394167,145.46709111192325,131.35355178409353,131.8085174560547,93226400
2020-03-13,,,,,,42.20000076293945,43.90999984741211,39.599998474121094,43.900001525878906,86689700,162.1064728706814,169.30326924656868,156.22810068211894,168.79771423339844,35028600,58.233132133653775,60.1863137168854,55.12568453350552,60.17987060546875,79400000,39.66666793823242,40.50466537475586,33.46666717529297,36.44133377075195,339604500,63.89027147674693,67.51543909047871,61.01039330045894,67.04510498046875,370732000,5.733311612240155,5.994979476802565,5.462440911971198,5.99050235748291,634836000,139.80845142650895,153.46702971159257,133.3914764198404,150.54763793945312,92727400
2020-03-16,,,,,,39.08000183105469,43.369998931884766,38.5099983215332,38.709999084472656,84545900,150.99405163604348,157.7447677177131,141.8543111327493,144.7389678955078,39120400,54.00165747110648,56.77010841763743,52.88505935869878,53.17845916748047,96520000,31.299999237060547,32.9913330078125,29.47800064086914,29.67133331298828,307342500,58.35725065107087,62.488927074911565,57.88692016083435,58.41996383666992,322423600,5.283353073561972,5.62386990228448,4.825434365934162,4.885130405426025,726972000,132.6995561069242,141.56199653216387,127.96028624596262,128.35838317871094,87905900
2020-03-17,,,,,,40.189998626708984,42.880001068115234,38.29999923706055,41.880001068115234,92741900,149.42779444555768,152.5999350106582,138.78128207529338,148.11927795410156,34255600,54.05271078786061,55.805169307355584,51.993966214349946,55.411659240722656,83194000,29.333999633789062,31.456666946411133,26.399999618530273,28.68000030517578,359919000,59.698292128180576,62.1343642760622,57.50100115086754,60.98868942260742,324056000,4.99730987245585,5.493533932299811,4.750814909910553,5.404238224029541,833632000,132.69950524755737,139.8084073143908,127.96023720300174,138.92691040039062,81059800
2020-03-18,,,,,,39.540000915527344,41.95000076293945,36.75,39.119998931884766,106949300,138.53345221468916,146.8900603543709,135.9065269708406,145.68069458007812,37553100,52.531193206500674,54.76389386649369,51.39427142867843,54.079959869384766,93044000,25.933332443237305,26.99066734313965,23.367332458496094,24.08133316040039,356793000,57.83144944633274,60.298878525080625,57.192279125756,59.495697021484375,300233600,4.977162031994791,5.221915838198457,4.494121265098619,5.0448174476623535,874268000,130.8038008732288,138.386629909358,127.97920110693828,133.07864379882812,81593200
2020-03-19,,,,,,39.560001373291016,41.70000076293945,37.689998626708984,39.81999969482422,88939000,145.34365741244116,158.53779047574193,143.53950851010524,151.7969970703125,39862300,53.932764120819286,57.12396841730102,52.313622306797946,55.0949592590332,74064000,24.979999542236328,30.133333206176758,23.8973331451416,28.50933265686035,452932500,59.66934574830385,60.98386029227968,58.51643172371911,59.039825439453125,271857200,5.023426414589291,5.3908064456390665,4.810261985939699,5.297282695770264,765512000,135.3250421111004,142.32019078914172,131.75163052839716,135.26817321777344,85922700
2020-03-20,,,,,,41.5099983215332,42.47999954223633,39.58000183105469,39.61000061035156,106859500,154.661843728049,157.88355234458237,146.71165392213462,148.4265899658203,32568400,56.048007686267525,56.4236781479315,52.638244210911644,52.94105911254883,82878000,29.213333129882812,31.799999237060547,28.38599967956543,28.50200080871582,424282500,59.6187005747609,60.74026183260014,54.99257275597992,55.291656494140625,401693200,5.447267659587445,5.728834186154782,5.102274251473931,5.1176958084106445,804636000,138.38659381849652,139.42923832428477,128.77536110031102,130.1876678466797,84866200
2020-03-23,,,,,,40.619998931884766,42.31999969482422,38.95000076293945,41.63999938964844,101704700,148.35720874770473,150.98413436617852,141.0117093943652,146.810791015625,29830800,52.354259277931504,52.87662770446044,50.00013402704838,52.24324417114258,83672000,28.906667709350586,29.46666717529297,27.366666793823242,28.952667236328125,246817500,55.01187186548029,55.11317353712298,51.280577065059646,54.117034912109375,336752800,5.1167009402216665,5.384587537043199,4.937861436737908,5.290317058563232,643876000,129.865433072782,133.23980446764403,125.60957912301353,128.88914489746094,78975200
2020-03-24,,,,,,44.040000915527344,46.810001373291016,43.9900016784668,46.220001220703125,106794200,153.8588832945832,159.90577292075932,151.24186544509297,159.57864379882812,30440400,54.71383949660357,56.1684399560884,53.84404970701331,56.00389862060547,72468000,31.81999969482422,34.24599838256836,31.600000381469727,33.66666793823242,343428000,57.00896347667582,59.74170869121859,56.512101379550025,59.54634094238281,287531200,5.696002435464178,6.284506733213007,5.672372901435857,6.197947025299072,1101644000,136.2539396766585,141.79888839830375,133.90326706268647,140.60458374023438,82516700
2020-03-25,,,,,,46.790000915527344,47.880001068115234,44.43000030517578,44.630001068115234,93760400,157.53657450192858,161.57115177000506,151.7275861217966,154.8501739501953,35184300,55.73478286590232,56.804793052032366,53.67455271127898,54.59687423706055,90324000,36.349998474121094,37.133331298828125,34.07400131225586,35.95000076293945,318340500,60.47977034705603,62.28873655883238,58.924060140998606,59.218318939208984,303602000,6.312859829513209,6.512344228239109,6.060643923544413,6.109395980834961,793432000,141.1449320351475,146.28229859463184,136.9080238155709,139.25869750976562,75638200
2020-03-26,,,,,,45.779998779296875,47.5,45.400001525878906,47.5,73680200,156.8724186451682,162.57236434633546,155.65313014783945,161.91810607910156,26556800,55.246119650005106,58.05917685755691,54.121592502034,57.63493728637695,76562000,36.49266815185547,37.33333206176758,34.150001525878906,35.21066665649414,260710500,59.45951435519265,62.392448772259634,59.42092219277503,62.334564208984375,252087200,6.316343948572078,6.52229572585307,6.218343085472186,6.398426532745361,696108000,140.66147850366175,148.4907590553709,140.63304405067825,147.9694366455078,64568100
2020-03-27,,,,,,46.31999969482422,47.97999954223633,45.900001525878906,46.58000183105469,74599200,156.8228392049175,158.69638583006187,153.40287506390268,155.42510986328125,24879900,55.87802267264633,57.04666104910788,54.71483674205059,55.02508544921875,62794000,33.66666793823242,35.0533332824707,32.935333251953125,34.29066848754883,215661000,60.962160830090674,61.71468959022156,59.58734725663957,59.7537727355957,204216800,6.2183432436518,6.544681965395406,6.18551039891607,6.286247730255127,638828000,143.8368104074525,146.81307068348792,141.41978038772191,141.89370727539062,57042300
2020-03-30,,,,,,47.2400016784668,48.459999084472656,46.65999984741211,47.86000061035156,68486600,157.79431561478617,165.2984253012151,156.68407016221562,164.50538635253906,22515200,56.13424235942423,57.044173024062125,54.44174969491328,56.81173324584961,58736000,34.017333984375,34.44333267211914,32.7486686706543,33.47533416748047,179971500,60.47735878660068,61.630272940074015,60.154154031335516,61.459022521972656,167976400,6.351662537174328,6.615320557112791,6.307636668176136,6.606117248535156,602252000,144.4908288761412,152.22531899610644,142.1875367282903,151.87460327148438,63420300
2020-03-31,,,,,,47.93000030517578,48.529998779296875,45.15999984741211,45.47999954223633,83483700,164.03946028004327,169.44201394815866,162.7706041382974,165.3479766845703,23676300,56.93167488332719,58.154330943122716,56.33645085139658,57.58686447143555,65228000,33.41666793823242,36.19733428955078,33.133331298828125,34.93333435058594,266572500,61.649564437343955,63.31139742053906,60.78125926146835,61.333595275878906,197002000,6.646164892139033,6.850126943033816,6.411111600364291,6.556621074676514,949960000,151.08785281104335,156.18730963025092,148.39595215161313,149.48599243164062,77927200
2020-04-01,,,,,,44.18000030517578,46.849998474121094,43.15999984741211,43.65999984741211,92083100,160.21308298396346,162.72105796616114,156.66424529203292,158.21067810058594,19507600,55.7060473473911,55.97466538166446,54.19395404177955,54.620670318603516,51970000,33.599998474121094,34.26333236694336,31.67333221435547,32.104000091552734,200298000,59.45468518637688,59.990139440698485,57.6770756954336,58.10640335083008,176218400,6.358878296830433,6.505133575069819,6.001447838462549,6.045970916748047,656912000,145.02158279515615,149.52388683618224,142.955269145982,144.17799377441406,57969900
2020-04-02,,,,,,43.400001525878906,45.279998779296875,43.099998474121094,44.4900016784668,79024100,157.71502449327173,159.94543801619128,154.56269884871304,156.8129425048828,20886300,54.516589764619354,55.64508338449243,54.17611063573357,55.3606071472168,56410000,32.068668365478516,32.95066833496094,29.760000228881836,30.29800033569336,297876000,57.96891771690177,59.12906732554458,57.13920472068674,59.07600402832031,165934000,6.0750723908705835,6.367583396823031,6.0270670594457165,6.354400634765625,675764000,143.94104566900393,147.3722710107029,142.51926529474,147.1637420654297,49630700
2020-04-03,,,,,,44.29999923706055,44.84000015258789,41.70000076293945,42.59000015258789,79335000,155.7820075497119,156.5354014513651,149.51703084026698,152.83786010742188,25983300,55.24562600577843,55.44783157309285,53.28154321364978,54.1547966003418,51374000,33.96666717529297,34.36600112915039,31.22599983215332,32.000667572021484,338431500,58.56226275717802,59.26172817079223,57.63848363538416,58.22700119018555,129880000,6.316841179647941,6.358379663037295,5.929562996468458,6.066864013671875,663212000,147.01209719751583,149.1732022198361,144.25383978691568,145.80831909179688,41243300
2020-04-06,,,,,,44.29999923706055,47.58000183105469,44.060001373291016,47.52000045776367,82294000,158.7558847591794,164.75322240440192,157.13016159944928,164.10888671875,28453600,56.152088293952644,59.0142061972001,55.755602497061574,58.639530181884766,63320000,34.08000183105469,34.733333587646484,33.19733428955078,34.41600036621094,223527000,60.51594604650854,63.460940873525914,60.14933155714907,63.30657958984375,201820400,6.348679425541923,6.712825761305832,6.291221713068466,6.676012992858887,727884000,151.95986202303195,157.81758901537097,149.3627385346234,156.6517333984375,67111700
2020-04-07,,,,,,48.959999084472656,49.650001525878906,46.68000030517578,47.560001373291016,102098700,170.2945455005244,171.88062340287595,164.5648621453682,167.36032104492188,31411900,60.31566330394941,60.502509752587144,58.34513751348153,58.60830307006836,61620000,36.33333206176758,37.66666793823242,35.48933410644531,36.36333465576172,268797000,65.31574871652275,65.53283058918733,62.46964431369385,62.57335662841797,202887200,6.897385702203857,6.921015708413255,6.399918279480084,6.442949295043945,784520000,160.74657738050755,161.13520104240234,154.74665904141477,154.9646759033203,62769000
2020-04-08,,,,,,48.06999969482422,49.0,47.61000061035156,48.790000915527344,64930800,169.75924101007092,173.4765966526272,166.2798015739834,172.7628631591797,21664200,59.62627523106197,60.211089663751835,58.677190583284805,59.81956100463867,40334000,36.9466667175293,37.14733123779297,35.55533218383789,36.589332580566406,189840000,63.37170347185306,64.48843981733701,63.00750327122689,64.17488861083984,168895200,6.551895173160466,6.664820405786756,6.482000959912944,6.639946937561035,542444000,157.0309386966601,157.9787925050275,154.97409766807493,156.51910400390625,48318200
2020-04-09,,,,,,49.650001525878906,50.25,47.720001220703125,48.380001068115234,80270100,174.36874306338953,175.53847875125393,170.07645004300642,173.66493225097656,23534300,60.373655297137006,60.56247930945825,59.09697386880248,59.798255920410156,54028000,37.4726676940918,38.345333099365234,37.14066696166992,38.20000076293945,204750000,64.80923169926753,65.13966834587349,63.84444973045493,64.63797760009766,161834800,6.765557136655976,6.7884404027807115,6.477523263677439,6.54045295715332,525564000,157.6849471612122,158.64227422215973,154.81295151526945,156.528564453125,51385100
2020-04-13,,,,,,48.470001220703125,51.06999969482422,48.22999954223633,50.939998626708984,64290100,172.15818714577597,173.4766112060572,167.97492136833023,173.2684326171875,19355400,59.54698356017191,60.192262693866695,58.59690819494701,59.98856735229492,38702000,39.34400177001953,43.46666717529297,38.70199966430664,43.39666748046875,337131000,64.71517076301717,66.01521817669068,64.11700321080237,65.90667724609375,131022800,6.480758012396661,6.720786122072241,6.392457643914677,6.712080478668213,398408000,155.77975792648093,156.936140571891,153.83665499194112,156.87925720214844,41905300
2020-04-14,,,,,,52.2400016784668,55.13999938964844,52.11000061035156,54.93000030517578,85306800,177.4219650400709,179.65237866656275,175.08250836457879,176.6190185546875,21011800,61.453579036793315,63.22685269710416,60.887099444718835,62.70547866821289,63358000,46.597999572753906,49.45866775512695,46.1619987487793,47.32600021362305,458647500,67.53473560751405,69.5245983530926,67.06440146882377,69.23516082763672,194994800,6.840177411632227,7.096870512386343,6.812567953080137,7.062794208526611,530948000,160.18727199112618,164.6895769731253,159.23941831070533,164.64218139648438,52874300
2020-04-15,,,,,,53.72999954223633,55.56999969482422,53.40999984741211,54.9900016784668,83814000,173.6649549167508,176.6388395990374,171.31559085805145,175.42945861816406,17423000,61.77770250465346,63.195134097542535,61.15770048868612,62.312461853027344,42236000,49.46666717529297,50.20866775512695,47.33333206176758,48.65533447265625,353655000,68.11360677368938,69.06150330884216,67.6866933945227,68.60323333740234,131154400,6.894898243400246,7.068265763838534,6.849628905717081,6.985437393188477,366148000,162.2725509605704,164.5189740701982,160.4147658031758,162.91709899902344,40940800
2020-04-16,,,,,,55.959999084472656,58.08000183105469,55.630001068115234,56.95000076293945,103106500,176.40094249595273,176.50007804648965,171.0082952675099,174.7157440185547,23593200,62.80013418506722,63.10840152659315,61.36585370716055,62.31890106201172,57896000,47.79600143432617,50.630001068115234,47.11466598510742,49.680667877197266,309868500,69.31474850581405,69.51253053826382,68.10153570587103,69.14832305908203,157125200,7.1406481386780065,7.4371386115629985,7.127465375917318,7.330183029174805,745620000,165.21091903796932,168.0355192918761,163.88391504970426,167.8080291748047,50479600
2020-04-17,,,,,,57.349998474121094,57.7599983215332,55.54999923706055,56.599998474121094,76908800,177.64004249237715,178.71064279610266,175.1221601097714,177.67970275878906,20974800,63.5217397961262,63.9330931634959,62.743639511197074,63.3879280090332,51050000,51.48533248901367,51.663333892822266,49.84400177001953,50.259334564208984,196923000,68.66596138703994,69.21106568283508,66.77739611765809,68.21009826660156,215250000,7.412262703968566,7.433653908291517,7.137163532970877,7.270982265472412,539120000,170.13972936582047,170.6136561885665,166.69901600449276,169.2866668701172,52765600
2020-04-20,,,,,,55.97999954223633,58.630001068115234,55.849998474121094,56.970001220703125,72367300,175.86563891213842,178.92873664609874,175.23121075566158,176.68841552734375,16110700,62.93642471323275,63.27987960151955,62.26983493676543,62.503265380859375,35292000,48.8466682434082,51.03799819946289,47.48066711425781,49.75733184814453,221199000,67.04030517443523,67.9399598531097,66.77498860082595,66.79428100585938,130015200,7.144627352201528,7.30033451878303,7.095626685846547,7.139901161193848,449388000,167.41942713278866,169.42887263033774,165.86494742536163,165.93128967285156,36669600
2020-04-21,,,,,,56.900001525878906,57.72999954223633,51.40999984741211,52.91999816894531,123906400,173.7244463083156,173.85331949681193,166.87459432435907,169.3131866455078,24850500,61.58937667810342,61.95067114702243,59.72044698572963,60.07530212402344,49648000,48.67466735839844,50.22200012207031,44.919334411621094,45.781333923339844,303136500,66.6374787843657,66.87143866583018,64.02050667372501,64.72962188720703,180991600,7.022002163547339,7.083190258887159,6.64392677965587,6.703622817993164,735160000,164.4526192889561,164.6137526846759,157.4479809248554,159.06881713867188,56203700
2020-04-22,,,,,,54.90999984741211,56.150001525878906,54.34000015258789,55.91999816894531,63041600,176.89656099734918,183.17145914344033,176.5892620174074,180.69322204589844,33242000,61.51007845827195,63.43153994426798,61.31629733223083,62.36747741699219,46296000,46.93199920654297,48.93333435058594,45.91400146484375,48.807334899902344,212482500,65.99348871174,67.02821933430408,65.65340957801277,66.59407043457031,116862400,6.8956450294305265,7.160297985277611,6.850127091236819,7.117515563964844,483356000,162.45263993058774,164.92653858793065,161.91237085947336,164.47157287597656,34620200
2020-04-23,,,,,,56.650001525878906,57.290000915527344,55.63999938964844,55.900001525878906,69662700,182.4775699303214,185.42171704056207,181.5556577930537,183.5184326171875,21426600,62.73074553471791,63.84139948935235,62.47253710306715,62.99985885620117,34202000,48.50666809082031,48.93333435058594,46.87533187866211,47.04199981689453,198550500,66.53860187329087,67.95683260093587,66.29740637160167,66.33599853515625,124814400,7.1595510947877585,7.291379655385693,7.039163692591461,7.064285755157471,424160000,165.03077686564262,165.93123481658628,161.99764849573384,162.48104858398438,32790800
2020-04-24,,,,,,55.099998474121094,56.779998779296875,54.41999816894531,56.18000030517578,72761000,181.63496693142514,188.7524724391057,179.2558651348406,188.41543579101562,28792000,62.198476293536736,63.323997976696404,61.65331112209811,63.268985748291016,37402000,47.387332916259766,48.71533203125,46.54533386230469,48.34333419799805,198180000,66.85940309058712,68.26074851489837,66.81116104086111,68.2510986328125,126161200,7.054088445216467,7.205069426004072,6.979468044624654,7.203079700469971,352328000,163.08769987665707,165.45733404774205,161.8081061021307,165.44786071777344,34277600
2020-04-27,,,,,,57.439998626708984,58.0,56.25,56.4900016784668,62568100,190.98288327866794,192.06339111328126,185.77858493882417,185.8677978515625,29197800,64.03221756640986,64.13629803011247,62.69705646864389,62.9845085144043,44186000,49.17399978637695,53.29933166503906,49.0,53.25,310221000,67.96888765338052,68.62976831599522,67.5226818754922,68.29933166503906,117087600,7.3373975726820175,7.549069967899464,7.312772698085706,7.389382839202881,479388000,167.38146452077441,167.67529682402676,164.26303252623075,164.9739227294922,33194400
2020-04-28,,,,,,57.15999984741211,57.349998474121094,55.29999923706055,55.5099983215332,80501800,187.01771028708674,187.55300290864224,180.97080499676386,181.31776428222656,21731000,63.59608296834432,63.67339274554905,60.97829284393305,61.08782196044922,80700000,53.042667388916016,53.66666793823242,50.44599914550781,51.27466583251953,228330000,68.75999295891828,68.94088953934559,67.10057451078693,67.19222259521484,112004800,7.53663104306545,7.566479296297554,7.241633139529117,7.247105121612549,442904000,166.4336412831067,166.50947132086196,160.55695075653242,160.95504760742188,34392700
2020-04-29,,,,,,54.529998779296875,54.86000061035156,52.7400016784668,53.65999984741211,110800900,189.26792646662525,195.19588081139872,188.34602947753794,192.4995574951172,45954500,66.65890931799292,67.40975100521514,65.75344053982592,66.51914978027344,108358000,52.678001403808594,53.54666519165039,52.21066665649414,53.367332458496094,243240000,68.67558356725064,69.86708968672151,68.47298027123995,69.399169921875,137280800,7.38166990447082,7.476437571649678,7.306552316924315,7.4237060546875,379160000,164.18721740272696,168.41463676243595,162.9170969287767,168.17767333984375,51286600
2020-04-30,,,,,,53.43000030517578,54.290000915527344,52.029998779296875,52.38999938964844,65543900,205.11871627371636,207.86460707918596,199.81529821911894,202.92796325683594,46230100,65.98291477764961,66.90672236515653,65.49424409029045,66.74317169189453,55842000,57.01266860961914,57.987998962402344,50.900001525878906,52.12533187866211,427078500,69.93703810047037,71.03930319142114,69.54871691757756,70.86322784423828,183064000,7.369731966325882,7.423707427424529,7.256060938526402,7.269989967346191,375916000,170.61368155033583,170.99281727965172,167.0402687259744,169.86488342285156,53875900
2020-05-01,,,,,,51.06999969482422,51.95000076293945,49.09000015258789,49.880001068115234,69562700,199.84506577329986,205.4756137669369,197.3172606533983,200.5092315673828,30415600,65.62260463477621,66.97759396680019,64.90744952945606,65.28707885742188,48872000,50.33333206176758,51.518001556396484,45.5359992980957,46.75466537475586,487977000,69.04220099303798,72.11744313333922,68.94572428038448,69.72237396240234,240616800,7.072742973426641,7.185916793498489,6.985437482195325,7.033691883087158,342096000,166.63269876050148,169.32460004626728,164.93603238128148,165.4668426513672,39370500
2020-05-04,,,,,,49.81999969482422,52.61000061035156,49.72999954223633,52.560001373291016,62590600,198.45722553825703,204.11752577558354,197.02975853702785,203.47317504882812,19250700,64.83162512222222,65.64144560406487,64.23094864842768,65.56362915039062,30806000,46.733333587646484,50.79999923706055,46.53333282470703,50.74599838256836,288556500,69.74650229526233,70.83670324791197,69.05909368437592,70.70886993408203,133568000,6.986433684527206,7.259046052360772,6.986433684527206,7.245365619659424,317556000,165.3909752711956,169.66578968159777,164.7369539912882,169.51412963867188,30372900
2020-05-05,,,,,,53.43000030517578,53.5099983215332,51.290000915527344,52.189998626708984,56560500,205.21787302604636,208.54862447224508,204.70239544631238,205.26744079589844,21071200,66.28721289666468,67.94798532924645,66.16480134457395,66.85814666748047,39666000,52.65266799926758,53.26133346557617,50.8120002746582,51.2140007019043,254875500,71.16714520888473,72.59984709930193,71.02242643355622,71.77013397216797,147751200,7.349334512729044,7.468726569323231,7.245363538713571,7.30630350112915,368896000,171.20133121146824,174.073326774574,170.5188753882451,171.3340301513672,36839200
2020-05-06,,,,,,52.41999816894531,53.310001373291016,51.880001068115234,52.15999984741211,48138100,206.30828366476794,209.7580007057453,204.86100162397798,206.65524291992188,21857000,67.30320697756437,67.83300920932899,66.66536163173396,66.68022918701172,31732000,51.766666412353516,52.6533317565918,50.740665435791016,52.172000885009766,166848000,72.4695983843977,73.14012158473827,72.0860984199546,72.51060485839844,142333600,7.385651288802493,7.5117592899465135,7.347843653286045,7.407042026519775,323464000,172.5852051098927,174.59465034524186,172.15867383336482,173.02120971679688,32139300
2020-05-07,,,,,,52.93000030517578,52.970001220703125,51.619998931884766,51.95000076293945,48956600,209.32183905617606,209.75801124137712,207.22028353893103,209.42095947265625,15152000,67.46724765565328,68.1952965450196,67.03260232501718,67.86224365234375,30652000,51.81399917602539,53.09333419799805,51.4900016784668,52.00266647338867,172915500,73.13527743933939,73.60561146479019,72.83378315653766,73.26069641113281,115215200,7.546085197423918,7.646324879643541,7.494846194741485,7.583146572113037,373732000,174.56623962588404,174.92642871255168,173.05915549446175,174.02597045898438,28316000
2020-05-08,,,,,,52.150001525878906,53.27000045776367,51.810001373291016,53.189998626708984,40686100,210.3924218065606,211.3539790092418,209.0145225871451,210.50146484375,12506000,68.48374294304661,69.21822742140198,67.99755269554913,68.60863494873047,33326000,52.917999267578125,54.93333435058594,52.46733474731445,54.62799835205078,241297500,73.9185584660756,75.05766251679151,73.59206160601275,75.00445556640625,133838400,7.654780572992808,7.779147440058237,7.620952864853898,7.7729291915893555,339216000,175.33398059636073,175.35294172080944,173.79846216732196,175.04962158203125,30877800
2020-05-11,,,,,,52.900001525878906,55.88999938964844,52.75,55.7400016784668,68746400,209.05417540242968,213.1283979401851,208.53869783260805,211.32423400878906,12911900,68.23444914371004,70.1544207533012,68.17051714278251,69.56266784667969,32718000,52.70066833496094,54.93333435058594,52.33333206176758,54.08599853515625,247794000,74.51349610684939,76.67803493373073,74.30550263769149,76.1846694946289,145946400,7.7679541359634445,8.071409584799568,7.739349814452519,8.02464771270752,469060000,173.59942157303036,177.73206481211713,173.31507699714257,177.00222778320312,30892700
2020-05-12,,,,,,56.209999084472656,56.58000183105469,53.75,53.7599983215332,55631100,211.43330602250234,213.40598853770206,208.1719520951021,208.27108764648438,14704600,69.79215149229233,70.09496266146002,68.12146448577768,68.15467071533203,33918000,55.133331298828125,56.21933364868164,53.866668701171875,53.96066665649414,238603500,76.86666541777984,77.31650723109308,75.19307880379056,75.31400299072266,162301200,8.08235272343663,8.131104316123853,7.753278049532233,7.762978553771973,493060000,177.05906765949712,177.2865432828998,172.79372616350702,172.99276733398438,32038200
2020-05-13,,,,,,54.040000915527344,55.220001220703125,51.29999923706055,52.18000030517578,76824700,207.6068840689912,208.94513823709826,200.35061325172475,203.31459045410156,20684600,68.20321596744674,68.65768970686308,65.81687529627737,66.82394409179688,40368000,54.72200012207031,55.06666564941406,50.88666534423828,52.73066711425781,285982500,75.49297320787404,76.41200151515211,73.33084801811279,74.40465545654297,200622400,7.877395816576789,8.037580085660547,7.55628053841165,7.7405924797058105,625852000,173.0306868403567,174.45246731650903,167.33407714285644,170.37669372558594,44711500
2020-05-14,,,,,,52.099998474121094,54.540000915527344,51.61000061035156,54.5099983215332,73814000,200.79670108521395,205.12865514260832,198.94298438348417,205.00970458984375,17178900,66.08996899266552,67.27198506358019,65.5834587375986,67.24671173095703,36660000,52.0,53.557334899902344,50.93333435058594,53.55533218383789,205233000,73.64526572674791,74.92222510630167,72.92455476842612,74.86176300048828,158929200,7.8020291552258385,7.995295322692752,7.648560336924135,7.989823341369629,602312000,168.28191004143457,171.26765735101736,166.5189018898924,171.11599731445312,41873900
2020-05-15,,,,,,53.31999969482422,54.439998626708984,52.86000061035156,54.20000076293945,66950900,203.48308610249018,209.50023762187058,202.34308801660057,209.04425048828125,19383200,66.82049185975197,68.1249195115489,66.3615562640386,68.04959106445312,41544000,52.689998626708984,53.66999816894531,52.436668395996094,53.27799987792969,157776000,72.6391584973057,74.46511071572239,72.6052961832284,74.41915893554688,166348400,7.849789033988688,8.457445355701928,7.8341188748298665,8.447745323181152,987660000,169.72269569068143,177.30552593773953,167.7701192161601,173.60890197753906,46610400
2020-05-18,,,,,,54.97999954223633,55.25,54.2400016784668,54.59000015258789,48569200,210.30321228793318,212.77154209652375,209.10375389922334,211.33416748046875,20151900,67.48063955767863,69.02593525404038,67.11487952102308,68.6502685546875,47094000,55.185333251953125,55.64799880981445,53.59199905395508,54.242000579833984,174987000,75.73966595706034,76.54501787394523,75.0503965474728,76.17256927490234,135178400,8.716127930897029,8.87133792590906,8.63653320763608,8.70592975616455,774460000,176.06381750534854,176.49034876011717,174.3671658161669,175.2676239013672,35264500
2020-05-19,,,,,,54.38999938964844,56.72999954223633,54.36000061035156,55.470001220703125,60388500,211.41347485337647,218.5706254884204,210.9773026621722,214.99205017089844,31843200,68.66513655434181,69.01255036140522,68.0842884983356,68.11600494384766,31586000,54.34466552734375,54.80466842651367,53.73866653442383,53.867332458496094,144547500,76.18951157558008,77.03356024520173,75.70098039780004,75.732421875,101729600,8.74572658115145,9.041470783714418,8.71836571880114,8.760899543762207,717320000,175.38132561469354,176.86946249824126,173.92163764116737,174.05433654785156,26799100
2020-05-20,,,,,,56.54999923706055,56.97999954223633,55.630001068115234,56.38999938964844,50888200,221.55439970264038,229.3261477219346,221.24710071828457,227.96807861328125,50162900,68.84751154962743,69.9809622319671,68.76127821697874,69.8387222290039,38262000,54.70000076293945,55.06666564941406,54.119998931884766,54.37066650390625,109639500,76.58855099973772,77.27539958314759,76.54985436932522,77.20526885986328,111504800,8.94546363424336,8.997200316413634,8.843731399121578,8.924570083618164,587536000,175.66071783659345,176.64923929090085,174.83379305536764,176.46864318847656,31261300
2020-05-21,,,,,,56.68000030517578,56.720001220703125,54.61000061035156,54.650001525878906,48496100,232.67673086362328,235.13513788236287,229.18736871943992,229.37571716308594,47782600,69.92941107697126,70.2005057215295,69.10670447181921,69.71927642822266,30894000,54.400001525878906,55.5,53.06666564941406,55.17333221435547,183819000,77.06740654244075,77.60673109306647,76.39264748790822,76.6296615600586,102688800,9.005654160074906,9.006648548506421,8.69324445182905,8.730803489685059,761068000,176.2214567764737,177.42858736101067,174.2159152791908,174.34898376464844,29119500
2020-05-22,,,,,,54.77000045776367,55.369998931884766,53.779998779296875,55.16999816894531,43524100,229.49468518792358,233.93569739189326,226.7488091058961,232.86509704589844,33925600,69.57803347006285,70.22727525632826,69.18402813173392,70.04093170166016,28544000,54.81133270263672,55.45199966430664,54.133331298828125,54.45866775512695,149812500,76.3684660434856,77.20526681531915,76.26689384939174,77.12303924560547,81803200,8.780547685374982,9.046942204307483,8.669115477795355,8.98052978515625,1038764000,174.12091369625077,175.32804455149363,173.50308419399207,174.42506408691406,20826900
2020-05-26,,,,,,56.0099983215332,56.08000183105469,53.02000045776367,53.189998626708984,51618900,237.6827745670303,238.8029274814234,229.65328009154226,230.1786651611328,33178300,71.46430955805518,71.62042645531723,70.34622550732381,70.44385528564453,44590000,55.633331298828125,55.63999938964844,54.38066864013672,54.591331481933594,121345500,78.23798137351547,78.41694688255292,76.54504205476862,76.60066986083984,125522000,9.110371082978151,9.135245028089948,8.628076531061675,8.67359447479248,770780000,177.1149280601144,177.26701047752772,172.13435216853748,172.58108520507812,36073600
2020-05-27,,,,,,53.27000045776367,53.279998779296875,49.09000015258789,52.7400016784668,102414500,227.07592667175928,228.5529463704739,219.20504286108883,227.1453094482422,34697600,70.37596228255275,70.64111296949386,69.11712797478641,70.38983917236328,31684000,54.7239990234375,55.180667877197266,52.33333206176758,54.68199920654297,173242500,76.45795296780663,77.07949771603786,75.7203109556176,76.93438720703125,112945200,8.581312372243556,8.589022676430485,7.956244482923498,8.482068061828613,1175892000,171.27889401164592,172.98028518277715,167.85712674872016,172.80918884277344,39517100
2020-05-28,,,,,,52.25,53.540000915527344,51.25,51.7400016784668,53670200,222.3474544873753,229.6136480957041,222.05006298497125,223.4973602294922,29377200,69.38474775293726,71.5882086759432,69.339154421006,70.28873443603516,35170000,54.23400115966797,54.983333587646484,53.44599914550781,53.72066879272461,108834000,76.610323390573,78.22345564249268,76.33462002234297,76.96826171875,133560800,8.369639419944306,8.716125833839921,8.336806580777488,8.444011688232422,734896000,171.79218001595007,175.03335144358766,171.45000181643846,172.41949462890625,33810200
2020-05-29,,,,,,52.06999969482422,53.79999923706055,51.849998474121094,53.79999923706055,64666700,223.2395972377781,225.50967091525212,220.93980105083412,223.13055419921875,23241500,70.39728538164485,71.20512469439173,70.17674488627267,71.04603576660156,37044000,53.91666793823242,55.66666793823242,53.61399841308594,55.66666793823242,176467500,77.21010083931498,77.66961131806718,76.53776259003484,76.89328002929688,153532400,8.51117118789498,8.830545425415039,8.442023234926523,8.830545425415039,745256000,173.68367206153434,175.1474401638824,171.47853469767063,174.1779327392578,42130400
2020-06-01,,,,,,53.310001373291016,54.11000061035156,52.88999938964844,53.630001068115234,36864400,222.6349336528641,230.41660521672765,221.55442576593646,229.89122009277344,18223800,70.6584640274907,71.44548411572828,70.48896178135337,71.11293029785156,25162000,57.20000076293945,59.93333435058594,56.939998626708984,59.87333297729492,224092500,76.84732546524727,77.95982952875313,76.71672526884876,77.83890533447266,80791200,8.788508985175579,8.795970693494391,8.645486899720394,8.761645317077637,389876000,173.50309629122472,173.94032973105288,172.47657596070565,173.77874755859375,22622400
2020-06-02,,,,,,53.45000076293945,53.56999969482422,52.0099983215332,53.540000915527344,42855200,228.9296642431122,230.9717294741029,224.58778740668208,230.6941680908203,20919000,71.11937761225468,71.51586345984298,70.4557597178944,71.4816665649414,23442000,59.64666748046875,60.57733154296875,58.06666564941406,58.770668029785156,203484000,77.57286288939194,78.22343558014592,77.1326970947877,78.19924926757812,87642800,8.751696604772091,8.792488351879058,8.614146503329726,8.780549049377441,391320000,175.12837777397453,175.84124769707074,172.37195320601938,175.75570678710938,30794600
2020-06-03,,,,,,53.599998474121094,53.650001525878906,52.33000183105469,52.72999954223633,46765300,230.0894397073156,230.6247322510461,226.54060246078376,228.1564178466797,15380300,71.50099393024125,71.81371930747741,70.95186229426255,71.33000946044922,27732000,59.20800018310547,59.862667083740234,58.67333221435547,58.86399841308594,119242500,78.51849729325161,78.89094587146293,77.94773126866299,78.62974548339844,104491200,8.777561966367868,8.821338761503675,8.65593065978825,8.725078582763672,365440000,175.67025722601443,176.73480555699172,174.4916397857301,176.1835174560547,27311000
2020-06-04,,,,,,52.59000015258789,53.7400016784668,52.20000076293945,52.630001068115234,44869100,227.56166814251998,229.6136559660789,222.6547611255217,224.32012939453125,17041500,71.20758919005584,71.43259900133093,69.68261343947218,70.09346771240234,26982000,59.32533264160156,59.71666717529297,57.229331970214844,57.62533187866211,133315500,78.45321898447096,78.75068784203134,77.58014227825346,77.95259094238281,87560400,8.687754775208147,8.902012270046486,8.637487714854524,8.726078033447266,424280000,175.17592802316418,176.6396814066733,173.27494131537807,173.86424255371094,28761800
2020-06-05,,,,,,52.9900016784668,53.56999969482422,52.08000183105469,53.099998474121094,53908300,224.73646886520714,229.3360765026521,223.34864695784768,228.76112365722656,16750400,70.15988391423575,71.67941486247041,69.76240739637808,71.36817169189453,42642000,58.522666931152344,59.10133361816406,57.746665954589844,59.04399871826172,117178500,78.2016892052146,80.23321448623865,78.17266857529869,80.1727523803711,137250400,8.753950844015113,8.955516553513727,8.667849509418327,8.87887191772461,481748000,173.57911125390655,178.43613342107156,172.99930966240385,177.932373046875,39893600
2020-06-08,,,,,,53.29999923706055,53.349998474121094,52.2599983215332,52.970001220703125,39681700,227.03627128724105,229.53433868756787,225.43037837858236,229.38563537597656,15466500,70.68719800230541,71.81320729132332,70.59798511297558,71.76563262939453,33878000,61.266666412353516,63.33333206176758,60.61066818237305,63.327999114990234,212620500,79.87044290894595,80.68063661442805,79.16182879014318,80.64677429199219,95654400,8.83631482994791,8.848756999932231,8.645698165784353,8.764398574829102,387736000,176.7347352095089,179.2155234245811,175.30899518943008,179.03492736816406,33211600
2020-06-09,,,,,,52.95000076293945,56.459999084472656,52.720001220703125,56.38999938964844,79919100,229.50460868151143,237.68279193428225,228.40427069337295,236.5923614501953,27462900,71.6268918970475,72.7449762963482,71.48415273048701,71.96588134765625,33624000,62.66733169555664,63.62933349609375,61.595333099365234,62.711334228515625,170823000,80.3275377952439,83.5852289286094,80.2960963197302,83.19343566894531,147712400,8.759420850072939,9.0677421085264,8.710895726334888,9.00428581237793,468488000,178.69279515847796,181.25912495422665,177.98942467972202,180.4036865234375,29783900
2020-06-10,,,,,,57.20000076293945,59.0,57.029998779296875,57.439998626708984,78719400,238.86242350765383,239.11024723031758,233.23186066323433,234.6692352294922,20720700,72.43321038271085,72.99125789477492,72.07885440964705,72.59130859375,31762000,66.12533569335938,68.49866485595703,65.5,68.336669921875,278451000,84.13903931497238,85.80053629513817,83.70129439282721,85.33377075195312,166651600,9.125477007268065,9.456194614625154,9.111291963518875,9.323558807373047,632180000,181.66785837577257,188.69200596232676,181.55378927395938,187.0951690673828,43872300
2020-06-11,,,,,,55.939998626708984,56.68000030517578,52.79999923706055,52.83000183105469,78715400,227.93834758086746,230.8626644574939,221.60397389010276,222.47630310058594,26708200,71.41822106728198,71.94207934602183,69.30595418790874,69.47891998291016,47144000,66.01333618164062,67.9306640625,64.80000305175781,64.85600280761719,238747500,84.48006542527774,84.90330013235034,81.13530524486026,81.23687744140625,201662400,9.107807709528801,9.21854464450774,8.745486794003435,8.75568962097168,583652000,183.56877003820745,186.068557478218,176.85828986662466,177.0483856201172,52854700
2020-06-12,,,,,,55.0099983215332,55.599998474121094,52.11000061035156,53.5,71189100,227.8986807845685,229.64336940745946,222.54569462569273,226.59017944335938,22091400,70.6663867539515,71.09508812261465,68.68099326977082,70.02507781982422,36676000,65.33333587646484,65.8653335571289,60.84000015258789,62.35200119018555,251451000,83.36998591557237,84.11487578630992,80.83057755802524,81.93824005126953,200146000,9.120251596693144,9.14488723008976,8.663118775221182,8.891311645507812,570908000,181.10703377682555,182.22862370226562,176.0123877928457,178.44566345214844,43373600
2020-06-15,,,,,,52.58000183105469,54.72999954223633,52.40999984741211,54.68000030517578,56740700,223.13053074437644,231.73497700505658,222.84306192346097,230.4760284423828,15340300,68.8638691116069,70.62376113767836,68.75037355248693,70.41263580322266,30468000,61.18600082397461,66.5893325805664,60.56666564941406,66.05999755859375,235458000,80.59598270848474,83.60215667626827,80.43394102615576,82.95158386230469,138808800,8.774602299815214,9.139909650009946,8.703431219632431,9.131448745727539,400004000,175.44212028441342,181.37320590282792,174.90033194035374,179.58627319335938,32770200
2020-06-16,,,,,,55.720001220703125,56.06999969482422,53.59000015258789,54.459999084472656,50949700,235.07566763151695,236.38418413576704,230.9717074264881,233.5986328125,15236700,71.81322690409293,72.21813722349192,70.82152444896292,71.6878433227539,30648000,67.4566650390625,67.52532958984375,64.15933227539062,65.47533416748047,210766500,85.00002619954361,85.42084738289208,83.3699705447458,85.14997100830078,165428800,9.182462012681775,9.22401944930365,8.797992597026973,9.02668285369873,535716000,183.3406869206334,185.8975167043763,181.98148820479122,183.98703002929688,42556700
2020-06-17,,,,,,54.790000915527344,55.81999969482422,54.29999923706055,54.54999923706055,45146500,232.95430545591276,235.52175566028157,229.71276684259786,233.4796905517578,19578100,72.00849116981989,72.46741921038576,71.12581508481102,71.98866271972656,30610000,65.84733581542969,67.0,65.50466918945312,66.11933135986328,148362000,85.89245089695726,85.95291299210936,84.9105470621372,85.0314712524414,114406400,9.071725930471368,9.256121053617617,9.028425617741286,9.193411827087402,408304000,185.37475436642524,186.60089915769962,184.10109650074745,184.62387084960938,25687800
2020-06-18,,,,,,54.619998931884766,55.119998931884766,53.650001525878906,54.040000915527344,40354700,232.94441171457788,234.08439488590344,230.12912248871174,233.88613891601562,15782500,71.85533075477441,72.009957845373,70.68520289467715,71.07574462890625,34862000,66.86666870117188,67.94667053222656,66.2979965209961,66.9306640625,146278500,84.9879677448257,85.48134066707664,84.45831902990098,85.06536102294922,96820400,9.184452518393515,9.239696626119995,9.072471090667309,9.175494194030762,254408000,184.39573922892131,186.76247326807626,184.39573922892131,186.60089111328125,23061600
2020-06-19,,,,,,54.40999984741211,55.459999084472656,53.81999969482422,54.22999954223633,52801500,235.72005439059743,238.73359995512666,233.49956305458932,236.7113494873047,30081300,71.36716642098271,71.59018730358088,70.32639221907522,70.60591888427734,52784000,67.51866912841797,67.73133087158203,66.0893325805664,66.72666931152344,130195500,85.76910554734732,86.23345026330821,83.4739596024441,84.57920837402344,264476000,9.1998831293818,9.40144879419368,9.184703242099346,9.218545913696289,524160000,188.75853105299961,189.4238737093687,184.74744667739753,185.48883056640625,44441100
2020-06-22,,,,,,54.66999816894531,55.16999816894531,53.7400016784668,54.7599983215332,44704800,236.4833301779443,238.60470084956552,234.84769949632482,237.13758850097656,18917800,70.62425602292842,71.90985329738507,70.3358133685618,71.89547729492188,29442000,66.663330078125,67.2586669921875,66.00133514404297,66.28800201416016,95436000,84.97101145656654,86.93481917934642,84.92505967255737,86.79212951660156,135445200,9.257116662206737,9.48730014807517,9.230489448016012,9.482820510864258,398468000,186.09710051660872,190.82105397926182,185.56482652138783,190.64047241210938,32818900
2020-06-23,,,,,,55.04999923706055,55.369998931884766,53.869998931884766,53.9900016784668,48089000,239.17959124848883,243.05555727308604,237.77195454697917,240.13124084472656,24017900,71.96189170393863,73.11169968828236,71.61496948877875,72.55562591552734,37752000,66.59200286865234,67.46666717529297,66.267333984375,66.78533172607422,95479500,88.03281532631361,90.05950604686922,87.61441494809407,88.64469146728516,212155600,9.506959593896607,9.598037964663789,9.364121900954425,9.406425476074219,375108000,192.08520538344897,193.85312366603114,191.45787626628606,191.91412353515625,30917400
2020-06-24,,,,,,53.939998626708984,54.7400016784668,51.91999816894531,52.38999938964844,53535500,239.10033962270523,241.10275966290268,230.65450238843093,231.98284912109375,20834900,72.5209391776435,73.14093740058806,70.87156316474966,71.00537872314453,31592000,66.27400207519531,66.72533416748047,63.542667388916016,64.0566635131836,164394000,88.27467257128609,89.19128014209528,86.70749216559717,87.07994079589844,192623200,9.432553235534522,9.512433926958058,9.10233306985164,9.192914009094238,449372000,191.61950404139304,193.1878125857555,186.82900846349898,188.04563903808594,36740600
2020-06-25,,,,,,52.560001373291016,52.70000076293945,50.540000915527344,51.93000030517578,51129600,232.57760203013643,235.23428019830692,230.7139779243627,233.6283721923828,18704300,70.93203051023997,71.48215278669201,70.35316378712089,71.42169189453125,23958000,63.61800003051758,65.73200225830078,62.47666549682617,65.73200225830078,138817500,87.23472854623947,88.27467380594872,86.47774180640029,88.23597717285156,137522400,9.312611657128182,9.461173510700254,9.13991158750096,9.446242332458496,376072000,188.00759762528094,190.67848176164708,185.79294626046538,190.42184448242188,27803900
2020-06-26,,,,,,51.849998474121094,51.95000076293945,49.45000076293945,50.099998474121094,65485700,230.61484635194967,231.06092603450634,213.52491672530047,214.19900512695312,76343900,71.00191289630564,71.21948135641514,67.15452813817328,67.52821350097656,97640000,66.31866455078125,66.33333587646484,63.65800094604492,63.982666015625,132823500,88.13196647381191,88.35204937887517,85.37730996316603,85.52484130859375,205256800,9.456194784156569,9.456194784156569,9.082923937413547,9.112785339355469,592084000,189.84206955429684,189.99415200060372,185.23218461473925,186.6103973388672,54675800
2020-06-29,,,,,,50.150001525878906,50.279998779296875,48.41999816894531,50.279998779296875,49905800,207.9241133024566,218.8283576234436,205.30709527045812,218.7193145751953,58514300,67.41917770561653,69.28563069385827,66.98849501522294,69.24449157714844,45074000,64.60066986083984,67.33333587646484,63.23466873168945,67.29000091552734,135396000,85.43292926447474,87.59021978453077,84.95648772182999,87.49589538574219,130646000,9.127469304571116,9.162059060199192,8.858962505668218,9.15757942199707,342248000,186.08762003729692,188.7014772152176,183.9680235503295,188.61593627929688,26701600
2020-06-30,,,,,,51.15999984741211,52.77000045776367,50.81999969482422,52.61000061035156,42275700,218.66973623252326,225.51958755508608,216.56819590528403,225.0933380126953,33927100,69.23012100555543,70.57419791827895,68.73698854618216,70.27931213378906,40286000,67.0999984741211,72.51266479492188,66.91533660888672,71.98733520507812,253777500,87.08477070075071,88.51168219927229,87.06542607576557,88.2262954711914,140223200,9.271053714697091,9.48232479694981,9.22377307669493,9.453956604003906,367892000,188.08363804294686,194.28084454907003,187.9505695474995,193.43490600585938,34310300
2020-07-01,,,,,,52.630001068115234,52.869998931884766,51.599998474121094,52.58000183105469,32370900,226.51087976376274,236.91947598923105,225.57906015771016,235.4821014404297,43399700,70.33483147032733,71.78745069882932,70.08752033557674,71.46629333496094,42182000,72.19999694824219,75.68866729736328,72.03333282470703,74.64199829101562,199903500,88.30369462192029,88.84543272516727,88.01106009800148,88.0594253540039,110737200,9.476850244240778,9.53159694518685,9.369597135978692,9.48605728149414,326648000,193.083257178087,196.1343478236479,191.78108566908128,194.56602478027344,32061200
2020-07-02,,,,,,53.029998779296875,53.189998626708984,52.04999923706055,52.34000015258789,29081400,236.91947344299328,237.91076831095558,230.58509984175245,231.38804626464844,30633600,71.9539643543716,73.77184427310539,71.91579724002281,72.85050964355469,57218000,81.43199920654297,81.86666870117188,79.04000091552734,80.57733154296875,258751500,88.96394347072363,89.59758515519175,87.94576368111557,88.0594253540039,114041600,9.594553626527235,9.692599684605682,9.534083742752678,9.567927360534668,364056000,195.49750959900197,197.72167556493906,194.85118093605638,196.04879760742188,29315800
2020-07-06,,,,,,52.900001525878906,53.52000045776367,52.33000183105469,53.400001525878906,36769400,231.72506250986436,238.30725924920742,230.24804296711477,238.1883087158203,26206200,73.75349753113677,74.8363938077184,73.19990428110967,74.32344055175781,44712000,85.11266326904297,91.85266876220703,84.40266418457031,91.43866729736328,308548500,89.48390600830983,90.8817894339713,89.45246453610925,90.41502380371094,118655600,9.696828302232177,9.863058044346857,9.667713036457133,9.793878555297852,315892000,198.49153344403433,200.67767110943888,197.78816312460114,200.26895141601562,31897600
2020-07-07,,,,,,53.279998779296875,54.16999816894531,52.86000061035156,52.93000030517578,32153100,237.32591582434424,245.49417612610122,236.7410554631184,238.76329040527344,27887800,74.1490043020227,75.39743275025508,73.83032740946122,73.84123229980469,42364000,93.6673355102539,95.30000305175781,89.11399841308594,92.65733337402344,322345500,90.79231129924504,91.5686426186408,90.02323513682953,90.13448333740234,112424400,9.90038756505966,10.023566685048234,9.805327925441164,9.826231002807617,357800000,200.03140621936777,204.0424909932597,197.6931997228957,197.94032287597656,33600700
2020-07-08,,,,,,53.0099983215332,53.470001220703125,52.06999969482422,53.43000030517578,35608300,236.03722575248477,244.8399291745789,234.53045329150478,241.45960998535156,29791300,74.38044955606385,74.89439355873654,73.95918199653875,74.51921844482422,31766000,93.66666412353516,94.48400115966797,87.42266845703125,91.05867004394531,244669500,91.10914041281748,92.26517560751083,91.02207114050358,92.23373413085938,117092000,9.947666754146862,10.177851180830768,9.91954727786294,10.168891906738281,365480000,199.67017648667414,202.70223856853215,198.35849081572363,202.2935333251953,33600000
2020-07-09,,,,,,53.52000045776367,57.58000183105469,53.310001373291016,57.2599983215332,87216300,242.86726001825312,244.3839400646168,237.1574066158228,242.37161254882812,22174900,74.83293808896195,75.7849985849552,74.12224472312172,75.2656021118164,41836000,93.1326675415039,93.90399932861328,90.08533477783203,92.9520034790039,175764000,93.1237365851939,93.17694353591374,91.58558408723032,92.63037109375,125642800,10.332386498774396,10.521261277875176,10.186312717025418,10.460542678833008,494548000,205.6202645828633,205.66779215946096,201.00086550314717,203.70977783203125,33121700
2020-07-10,,,,,,57.540000915527344,58.150001525878906,55.5099983215332,55.880001068115234,59839700,241.56865372181096,243.3529875457348,237.23669990075217,242.9366455078125,22982700,74.99748836861167,76.38964683125434,74.37649937774104,76.274169921875,35918000,93.06666564941406,103.2613296508789,91.73400115966797,102.97666931152344,350064000,92.22648731516976,92.8504604512018,91.61703187636013,92.79241180419922,90257200,10.539926128477521,10.606119214480618,10.330894381296,10.430931091308594,497676000,203.04442188603093,203.48165528840798,200.63017471738777,203.09194946289062,26177600
2020-07-13,,,,,,56.68000030517578,58.349998474121094,53.380001068115234,53.59000015258789,57741800,244.85973024561372,247.9723954033769,236.34451129544084,236.91946411132812,24674900,76.8158557336052,78.12524419545197,74.66592103825721,74.94692993164062,42954000,110.5999984741211,119.66600036621094,98.0739974975586,99.80400085449219,584781000,94.09354889207897,96.69584034150665,92.15150630871287,92.36433410644531,191649200,10.546146184871182,10.74248607038914,9.978773838195186,10.005898475646973,457076000,203.86187245686293,205.11653102704423,196.27693724789137,196.8187255859375,38135600
2020-07-14,,,,,,53.29999923706055,54.86000061035156,52.2599983215332,54.720001220703125,54890100,234.6989652429233,238.237895148075,230.01014479769046,237.6431121826172,23378100,73.98347375977394,75.4707813470095,73.643486194084,75.3746337890625,38108000,103.73332977294922,106.0,95.4000015258789,101.12000274658203,351271500,91.74759804361886,94.08385428390145,90.81648768360292,93.8927993774414,170989200,10.028541788495506,10.354780666830045,9.740376500694476,10.32914924621582,542676000,195.92522739229784,198.51057084084894,192.02819828875812,198.0353240966797,37591800
2020-07-15,,,,,,54.959999084472656,55.369998931884766,53.59000015258789,55.34000015258789,42360300,239.44725732267958,242.68879549109946,235.97772558994842,238.1883087158203,19133600,75.49209008651471,76.14133186204778,74.23325586952488,75.17738342285156,31026000,102.86666870117188,103.33333587646484,97.13333129882812,103.06732940673828,245517000,95.7622806311285,96.01138416249864,93.34379687777705,94.53852844238281,153198000,10.366229867151485,10.384892650763021,10.009382445924082,10.180091857910156,403984000,199.18540043368412,200.86777786204274,194.87966636549174,197.7406463623047,32179400
2020-07-16,,,,,,54.68000030517578,55.150001525878906,53.7400016784668,54.91999816894531,36887100,235.92818533327153,239.65544869823316,234.27272467146835,238.83267211914062,18880700,74.41513840582077,75.12931041610598,73.75945351224223,75.08024597167969,26484000,98.47733306884766,102.11399841308594,97.73332977294922,100.04266357421875,214512000,93.41395603386725,94.22898406159878,92.7778934824319,93.37525939941406,110577600,9.96881868427963,10.159684052032336,9.849869569041433,10.088016510009766,344964000,195.23137241106915,195.51652338118896,192.2943507766109,193.82464599609375,29940700
2020-07-17,,,,,,55.310001373291016,55.810001373291016,54.68000030517578,55.040000915527344,34710400,238.90206319911425,242.0345586123702,235.78939791848782,239.923095703125,18152400,75.17887531922496,75.50201403049498,74.24664320234244,75.1759033203125,34264000,100.89666748046875,102.50066375732422,99.33333587646484,100.05599975585938,139950000,93.82508300436295,93.97986213133798,92.71499243301174,93.18659973144531,92186800,10.17834754249951,10.201241247818436,10.041233071795403,10.154458045959473,266284000,194.34740174799845,194.88917548630673,191.4198801082913,192.83612060546875,31635300
2020-07-20,,,,,,55.22999954223633,57.529998779296875,54.83000183105469,57.459999084472656,45034300,237.97025842481224,243.9081204995895,233.58873665026343,243.28359985351562,20872200,75.08421510478026,77.76098024738981,74.47462260455251,77.50475311279297,30166000,101.267333984375,110.0,99.19999694824219,109.53333282470703,256821000,93.27368244127173,95.28827651192833,92.93025444088441,95.15042114257812,90318000,10.22687761380154,10.482692610209122,10.109919077942694,10.462286949157715,284852000,194.85117236676646,201.78977799074687,192.95968503330636,201.1244354248047,36884800
2020-07-21,,,,,,57.810001373291016,58.5,56.31999969482422,57.0,44741000,244.0766121329838,244.760607979897,237.99006253468102,239.64552307128906,19364200,78.55493317782401,78.65504339573445,76.94867010071032,77.11222076416016,27486000,109.32866668701172,111.66666412353516,103.86666870117188,104.55733489990234,241608000,95.93882871957942,96.01380112244911,93.58806231123043,93.83716583251953,103433200,10.464523249805001,10.511307409960915,10.239316810486173,10.280874252319336,277036000,203.08242289101383,203.34855988217507,197.73114041936344,198.41549682617188,37990400
2020-07-22,,,,,,57.06999969482422,62.0,56.970001220703125,61.790000915527344,135159400,238.1685105392652,239.79423359282484,236.04714002881593,237.7819061279297,15427900,77.10181793412379,77.6603646078769,76.48330192524752,77.55480194091797,24482000,106.5999984741211,108.4280014038086,104.13333129882812,106.15533447265625,212416500,93.53970187859424,94.78038533647508,93.45263999834938,94.10079193115234,89001600,10.31969594109073,10.553612018427057,10.244046163134492,10.390617370605469,367292000,198.84326711943132,201.78980321266909,198.07336958951217,201.26702880859375,49605700
2020-07-23,,,,,,61.630001068115234,62.33000183105469,58.630001068115234,59.56999969482422,106829100,237.54398139412177,240.30968727296178,229.7325734104521,230.57518005371094,21771800,77.60832312561183,77.82738133717842,74.76651793434812,75.17093658447266,33910000,111.93000030517578,112.5999984741211,98.71800231933594,100.87133026123047,364927500,93.83473182823258,93.91212506570501,89.00986204054254,89.81763458251953,197004400,10.401813069331192,10.498365907215756,9.98499418719761,10.083040237426758,411660000,196.932773972612,200.47811108769793,192.14227804181618,192.51296997070312,67457000
2020-07-24,,,,,,64.18000030517578,69.94000244140625,64.05000305175781,69.4000015258789,205314500,228.18616733253234,231.45744341133576,224.92479875703089,228.70164489746094,18325800,74.30065587172042,75.10551538900812,73.72575189517956,74.74768829345703,29902000,94.40066528320312,97.66666412353516,91.10266876220703,94.46666717529297,290949000,88.0207257853986,89.93858177491317,86.23829692519554,89.59515380859375,185438800,9.829465676237367,10.3169573132017,9.731917986447955,10.147492408752441,473292000,190.4978812538678,192.81708741886504,187.7319420405287,191.33432006835938,39827000
2020-07-27,,,,,,69.27999877929688,71.62999725341797,67.79000091552734,68.97000122070312,107918100,229.44512648952175,232.90473604428718,228.82060585600848,231.4673614501953,13163100,74.99797375278568,76.20229106815995,74.95188130787318,75.79936218261719,27124000,95.66666412353516,103.19599914550781,94.19999694824219,102.63999938964844,240730500,90.6544431599045,91.81047808647506,90.43194679011566,91.71857452392578,121214000,10.185068171231439,10.393601505544966,10.170634417210804,10.373445510864258,292132000,191.4959232851321,193.87215699393317,190.91612168004946,193.7581024169922,30160900
2020-07-28,,,,,,68.0999984741211,69.80000305175781,67.0199966430664,67.61000061035156,94181400,232.58754071026527,232.91466986134392,227.82932188924227,228.11679077148438,14170100,75.57981265274391,75.62986776248196,74.3665717756482,74.52169799804688,30910000,100.26667022705078,104.3133316040039,98.29467010498047,98.43267059326172,237130500,91.29051001469016,91.46706199244389,90.20702659484037,90.21186828613281,103625600,10.326412591156744,10.334126413834573,10.16217347835774,10.168394088745117,271636000,193.52997313063014,194.56600751672175,191.75255500922717,192.01869201660156,23251400
2020-07-29,,,,,,75.5,77.19000244140625,73.9000015258789,76.08999633789062,132969700,229.12789264007753,231.66560505382344,228.30511609365914,231.25917053222656,13588300,74.58861682762489,75.9926633131017,74.4899888066213,75.5059814453125,22676000,100.06666564941406,102.32066345214844,99.13333129882812,99.94066619873047,141403500,90.69316227563066,92.12490824489846,90.65688648684609,91.94110107421875,90329200,10.342837732498475,10.467758773160696,10.29928965550237,10.417243003845215,284508000,192.4749048026826,194.51845971898967,192.00915783651203,193.95767211914062,19632600
2020-07-30,,,,,,75.37000274658203,78.95999908447266,75.06999969482422,78.19999694824219,80286900,228.21590781769854,232.84525307867406,227.006526857551,232.45864868164062,20615300,74.24018951935184,76.36733126760335,74.10142063314761,76.24243927001953,36042000,99.19999694824219,100.8826675415039,98.06666564941406,99.16600036621094,114315000,91.11640331382533,93.15760481726485,90.71009969017368,93.0536117553711,158130000,10.327164157319059,10.574020852068488,10.247781798584962,10.565062522888184,308880000,191.04920798725416,194.33792212812435,189.69000914080848,193.80563354492188,25079600
2020-07-31,,,,,,78.66999816894531,78.95999908447266,75.36000061035156,77.43000030517578,71621600,253.59305446658362,253.622792101852,246.83241636433706,251.46176147460938,53005100,74.19460163241017,74.5895976539911,72.06101661639134,73.74359893798828,91468000,101.0,101.13666534423828,94.73200225830078,95.38400268554688,183123000,99.53027425272276,102.94517185023635,97.53743878530429,102.79522705078125,374336800,10.514544480145966,10.716858214499968,10.384895060573951,10.565807342529297,386080000,194.2808703677026,194.94622743673912,189.15771085707848,194.8606719970703,51044000
2020-08-03,,,,,,78.19000244140625,78.5,77.05999755859375,77.66999816894531,42628800,250.45064335351154,253.1767042514364,248.15084711603382,249.76666259765625,23124900,73.89477056396018,74.22830750360635,72.9392388448342,73.48638916015625,45482000,96.61333465576172,100.65399932861328,96.29199981689453,99.0,132139500,104.67198130172932,107.9973966979683,104.37451250261263,105.38543701171875,308151200,10.683011944240379,11.047573183866636,10.665841424159556,10.959481239318848,412720000,201.04837293552396,206.86538804440696,200.02183829806603,205.81983947753906,78983000
2020-08-04,,,,,,78.02999877929688,85.80999755859375,77.98999786376953,85.04000091552734,155676100,249.37013301923434,250.5993440932362,245.27608039961166,247.6551971435547,17183500,73.68216387000284,73.99935107019559,72.55812799541475,73.0175552368164,37212000,99.6673355102539,101.82733154296875,97.46666717529297,99.13333129882812,126225000,105.57407987592546,107.17753592025956,104.85336899973937,106.08921813964844,173071600,10.999047691929793,11.17597770690918,10.855711635123345,11.17597770690918,310336000,203.56718229287267,204.1374841693981,199.8982769624529,202.73074340820312,49280100
2020-08-05,,,,,,84.95999908447266,86.31999969482422,83.31999969482422,85.30999755859375,65642600,248.01206299801274,250.07395811822374,245.61313125623738,246.9513702392578,13050100,73.19197656916673,73.8451808886987,72.91443128192094,73.30447387695312,29134000,99.53266906738281,99.98933410644531,97.88733673095703,99.00133514404297,74217000,105.81107748481342,106.79298122797726,105.34672538991457,106.47373962402344,121776800,11.192153640280633,11.319314022602223,11.114761945386586,11.234705924987793,249924000,204.26104567065477,204.3561008212258,201.09591510463036,202.39808654785156,28806400
2020-08-06,,,,,,85.48999786376953,86.9800033569336,84.77999877929688,86.70999908447266,53961700,246.87206891607784,264.27921961993843,246.50529465278117,262.970703125,45241600,73.15878990214848,74.65155001959869,72.94815610602834,74.58612823486328,33306000,99.38866424560547,101.15399932861328,98.48400115966797,99.30533599853516,89884500,106.80509589113738,110.68192568980469,106.21740601381943,110.18855285644531,202428800,11.29741869560058,11.3056308923253,11.127207604868579,11.283234596252441,244316000,201.8278088426474,205.65829691503933,201.07692527530068,205.63929748535156,32656800
2020-08-07,,,,,,86.66999816894531,87.29000091552734,82.66999816894531,84.8499984741211,66543200,261.7811188499135,276.4622227468874,261.1367832769081,266.1031799316406,72766400,74.78883662265774,75.33647844212679,73.6603391959197,74.26002502441406,27718000,99.96932983398438,99.98332977294922,94.33399963378906,96.84733581542969,133446000,109.71124638392962,110.1667423327947,106.88863402123575,107.6833267211914,198045600,11.260339414002283,11.451703222829494,10.986607785858899,11.147860527038574,342516000,204.21354073459383,205.02145153311608,200.4875933337867,201.9608612060547,27820400
2020-08-10,,,,,,85.05000305175781,85.16000366210938,79.31999969482422,82.23999786376953,70536100,265.7067062968509,271.47601990197774,257.42938743177587,260.7105712890625,30248800,73.88484774464752,74.6951597832656,73.22519259615039,74.1832046508789,20546000,96.53333282470703,97.16666412353516,92.38933563232422,94.57133483886719,112834500,109.12492193624439,110.26366188327368,106.60516497027935,109.24848937988281,212403600,11.281988797793014,11.355646995207982,10.806440904133613,11.113518714904785,427796000,201.19100975134887,201.39061981977142,196.13439055745314,197.94032287597656,36716500
2020-08-11,,,,,,80.70999908447266,80.70999908447266,76.0999984741211,76.87999725341797,77877700,257.92499936219986,263.6051295214165,252.90905003737163,253.9003448486328,28238300,74.04344711201892,74.85822859764728,73.25989808481575,73.3763656616211,31098000,93.06666564941406,94.66666412353516,91.0,91.6259994506836,129387000,108.51435673757749,109.01103688460056,105.74019692749955,105.99944305419922,187902400,11.022688071909158,11.085398252455002,10.745970061739232,10.799970626831055,354512000,196.9042350854853,197.36996761393385,193.08324719054212,193.31137084960938,36446500
2020-08-12,,,,,,78.43000030517578,82.87999725341797,77.55000305175781,82.61000061035156,88513700,256.7156503787785,261.6027271450453,255.86312100417206,257.6276550292969,21415700,73.70248342811784,74.91919576429234,73.59741228555046,74.69963836669922,22512000,98.0,105.66666412353516,95.66666412353516,103.65066528320312,327441000,107.08732184428196,109.77910643524714,106.89349720537619,109.52228546142578,165598000,10.940067773215741,11.414121299141076,10.907717377307964,11.387495040893555,464412000,195.12679185865025,199.8697593440699,194.6135317826881,198.83372497558594,28013100
2020-08-13,,,,,,82.87999725341797,84.0199966430664,81.54000091552734,81.83999633789062,57407400,259.2731838466184,262.851774371615,257.31043919341164,259.0253601074219,17374000,74.74769707911409,76.17306163204127,74.74769707911409,75.16598510742188,22388000,107.4000015258789,110.07866668701172,104.48400115966797,108.06666564941406,306379500,110.89843907131024,112.46117673591529,110.41144495933911,111.46054077148438,210082000,11.492760654115996,11.667700995815364,11.303388455676876,11.390235900878906,374460000,199.07135133423577,200.88679731225912,197.8452066566346,198.36798095703125,22588900
2020-08-14,,,,,,81.80999755859375,83.23999786376953,80.87999725341797,81.30000305175781,42389500,260.02651291246565,260.36354948357445,256.4281082755165,258.9658203125,14792700,75.01532552370992,75.32161534911621,74.29124675715514,74.57027435302734,21942000,110.99933624267578,111.25333404541016,108.44266510009766,110.04733276367188,188664000,111.28610608884811,111.4508577562041,109.55619139980415,111.36121368408203,165565200,11.476832769368302,11.65077729131371,11.387745994440417,11.510676383972168,366436000,198.42502169750838,199.21393305825572,197.23690479940333,198.55809020996094,17958900
2020-08-17,,,,,,82.08999633789062,83.05999755859375,81.55000305175781,82.41999816894531,31450200,260.2148669541819,261.80094457457125,257.14184723691153,258.88653564453125,13351100,75.13228262566284,75.51935329930157,74.58860350836233,75.14566040039062,19990000,111.80000305175781,123.05733489990234,111.52200317382812,122.3759994506836,303634500,112.48054699080019,112.50477691266525,110.44535925101356,111.07044982910156,119561600,11.796601930068785,12.352526897277611,11.76275926318703,12.280112266540527,621300000,199.2234376356791,200.73471877613036,198.57709453262723,199.86976623535156,20184800
2020-08-18,,,,,,82.80000305175781,82.87999725341797,81.02999877929688,81.66000366210938,30970500,258.6783600160507,262.8417795397226,257.003069579125,260.0562438964844,18690400,75.6353260607761,77.18409283335072,75.4147856047771,77.10529327392578,28378000,126.59933471679688,128.25999450683594,123.00733184814453,125.80599975585938,247117500,110.82331598950212,112.41996940914007,110.48896231124728,111.9959716796875,105633600,12.392592403457424,12.43838077420562,12.030520161674376,12.204215049743652,503448000,200.10741721992852,201.8468222550465,198.85277320484522,201.0198974609375,21336200
2020-08-19,,,,,,81.77999877929688,81.8499984741211,80.44999694824219,81.08999633789062,37507400,259.11457201254495,265.57780346029676,259.07491174852066,260.3041076660156,23291500,76.94223867615787,77.75354900546623,76.3232310449842,76.55170440673828,30472000,124.33333587646484,127.4000015258789,122.74732971191406,125.23533630371094,183079500,112.4030347872071,113.54661780572758,112.04203328527555,112.13652038574219,145538000,12.239799549527746,12.258213621054422,12.042214226825553,12.082528114318848,622624000,201.50579719810975,202.08700035706565,199.37153987670285,199.80029296875,27627600
2020-08-20,,,,,,79.73999786376953,82.83999633789062,79.12000274658203,82.7699966430664,42948900,259.2236388985947,267.282871976935,259.18397862860735,266.66827392578125,20299700,76.32173749907452,78.31407321175054,76.048661480078,78.11979675292969,26382000,124.04533386230469,134.79933166503906,123.80400085449219,133.45533752441406,309177000,112.17769677241944,114.73864510178977,112.16073508691606,114.62477111816406,126907200,11.919784161685799,12.317939398909461,11.823977434765848,12.085018157958984,921388000,199.64784525904383,204.85009118082817,199.04759673846627,204.44992065429688,26981500
2020-08-21,,,,,,83.29000091552734,84.41000366210938,82.2300033569336,83.80999755859375,48280300,266.35103716728554,268.1353559405538,264.100808566831,264.6856689453125,15538600,77.89924747722306,78.89442843243806,77.42892300821778,78.08609771728516,34838000,136.3173370361328,139.69932556152344,135.00332641601562,136.6653289794922,322344000,115.58180005044522,121.01382096112869,115.56968878487616,120.53167724609375,338054800,12.145487093065004,12.749688543498525,12.139016821784638,12.625016212463379,999868000,203.7639336758104,206.04110414119745,202.80161976429585,202.96359252929688,36249300
2020-08-24,,,,,,84.55000305175781,85.33000183105469,82.55000305175781,83.08000183105469,38036100,268.71030523947917,274.8365002201754,266.4303089079624,269.02752685546875,23685600,78.92365536175714,79.73199354637043,78.0598171870898,78.56087493896484,25638000,141.7519989013672,141.93333435058594,128.50132751464844,134.27999877929688,300954000,124.72560677695705,124.81041520723647,120.11251616944286,121.97325897216797,345937600,12.82434125696798,12.852959104530782,12.449825930553745,12.661595344543457,490564000,204.6499901784463,205.34553813622844,202.4014026425913,203.6019287109375,25460100
2020-08-25,,,,,,83.36000061035156,86.62000274658203,82.3499984741211,86.3499984741211,49234400,270.03869312838947,280.6257171951194,267.90741478238283,278.37548828125,42127200,78.31060961643863,79.73696497826347,78.20058515280574,79.58679962158203,25150000,131.65933227539062,135.19667053222656,131.1999969482422,134.8893280029297,159883500,120.84905806633049,121.31666526163795,119.25482230830535,120.97261810302734,211495600,12.572510303018028,12.702408418241676,12.515772966083365,12.691210746765137,289076000,203.0398003733022,206.38409208408316,203.0398003733022,206.25070190429688,23043700
2020-08-26,,,,,,86.97000122070312,87.72000122070312,85.19999694824219,86.0199966430664,47157300,281.5277213297594,302.0177980204833,281.5277213297594,301.264404296875,69015200,79.60909309862284,81.91316349499694,79.34543219094165,81.48396301269531,52188000,137.3333282470703,144.39999389648438,136.90866088867188,143.54466247558594,213591000,122.28582351932762,123.07324808240537,121.22219109888121,122.61775207519531,163022400,12.740232546554608,12.809163342409363,12.619292765610336,12.714103698730469,321244000,207.59416093128425,211.6054039276982,207.0987054135543,210.70977783203125,39600800
2020-08-27,,,,,,86.3499984741211,86.58000183105469,82.94000244140625,83.80000305175781,42194200,297.5471004668706,298.6077933403888,289.47794492699086,290.6675109863281,30301300,81.60687253223567,81.67526631440305,80.22909022649999,80.7103271484375,31350000,145.36399841308594,153.0399932861328,142.8333282470703,149.25,355395000,123.21862581210485,123.55055438295649,120.0107741116813,121.15193939208984,155552400,12.722563774605414,12.790748434338262,12.508554997682598,12.57002067565918,317604000,212.36760613351487,220.2376553277193,209.04235998516526,215.88340759277344,57602200
2020-08-28,,,,,,84.30000305175781,86.04000091552734,84.19000244140625,85.55000305175781,40723300,292.4319997680473,294.64259831800206,288.4470051025773,291.1036682128906,17157400,80.75740589680068,81.34617922901354,80.5661014503227,81.25102233886719,22418000,153.00799560546875,154.5659942626953,145.76800537109375,147.55999755859375,301218000,122.12347869162592,122.54020825717129,120.73276826199735,120.95567321777344,187630000,12.616555911556786,13.087374488755257,12.584205502883087,13.087125778198242,537160000,217.40786085994776,219.75173330507883,215.88340386059215,218.10340881347656,26292900
2020-08-31,,,,,,85.05000305175781,92.63999938964844,85.05000305175781,90.81999969482422,90655900,291.39114572986756,294.2956325042199,289.0120137865058,290.6476745605469,17345100,81.45620173894997,81.50229418365015,80.55222264754329,80.7603759765625,26422000,148.20333862304688,166.7133331298828,146.70333862304688,166.10667419433594,355123200,123.64257020703546,126.95701884822387,122.11133110592525,125.05750274658203,225702700,13.121966433485747,13.512407899244979,12.977635496323865,13.312832832336426,500840000,216.2835998158093,217.90334192876838,213.72058919228218,214.88299560546875,28774200
2020-09-01,,,,,,91.91999816894531,92.51000213623047,90.19000244140625,92.18000030517578,55825600,292.14450790373803,298.8654860327322,290.1619181282009,292.8681640625,17295900,80.89073338937213,82.23183846792581,80.7603889260026,82.02665710449219,22652000,167.3800048828125,167.49667358398438,156.836669921875,158.35000610351562,269523300,128.66273593650766,130.6397854362347,126.50156266667052,130.03890991210938,151948100,13.421857130089242,13.933391281331938,13.378544809007552,13.76138687133789,511316000,214.86392605709895,216.7123432061148,213.83490987501472,216.5408477783203,25725500
2020-09-02,,,,,,94.01000213623047,94.27999877929688,88.73999786376953,90.22000122070312,50366900,296.2782166171665,300.9571296299292,290.4989505638761,299.86669921875,24341400,82.66746793542667,85.54644234376782,82.27990568952355,85.1147689819336,49522000,159.663330078125,159.67999267578125,135.0399932861328,149.1233367919922,288528300,133.3437011033317,133.72166435231713,123.0805326757577,127.34473419189453,200119000,14.640330592742224,14.663232105009527,13.84004722644748,14.284622192382812,874012000,217.20777104208625,221.8669185708631,216.6170452591316,220.7140350341797,34080800
2020-09-03,,,,,,87.83999633789062,88.47000122070312,81.58999633789062,82.54000091552734,87462700,293.413355515593,295.00935596893214,281.1609655842515,288.58575439453125,32294100,84.22911293255147,84.25290404476684,79.67896062981355,80.75938415527344,63726000,135.7433319091797,143.93333435058594,134.0,135.6666717529297,262788300,122.99327511596653,124.86370387094604,116.78109860380435,117.14936828613281,257599600,13.769101909402469,13.8246113357648,12.823199748148971,12.959360122680664,945128000,218.4463820605244,218.48448730106884,204.81194608670688,207.04147338867188,58400300
2020-09-04,,,,,,81.44999694824219,84.38999938964844,76.33000183105469,82.01000213623047,82267800,284.7494405794508,286.48420653598356,268.77969535194666,280.268798828125,30333700,79.74290678318458,81.0309847491098,76.2226231580958,78.3656234741211,55850000,134.27000427246094,142.6666717529297,124.00666809082031,139.44000244140625,330965700,116.36437378387909,119.88234128870778,107.46768860387866,117.2269058227539,332607200,12.72861072124861,13.118173789760052,11.654265141820803,12.5680570602417,1463684000,204.9453609972527,208.0514545913692,195.5031981874679,204.13548278808594,59664100
2020-09-08,,,,,,78.05000305175781,81.87999725341797,78.0,78.69000244140625,54955700,268.9184805775717,276.86865482377584,267.0746865754725,268.7995300292969,24864000,75.57981382695054,77.09388450025051,75.158546265931,75.51042938232422,54032000,118.66666412353516,122.913330078125,109.95999908447266,110.06999969482422,346397100,110.4332424909772,115.3176975867679,109.20244081478072,109.33811950683594,231366600,11.683884939027743,12.495867661284716,11.653765820445578,11.861615180969238,795728000,196.75138131717694,200.11473306475375,192.65437628036617,193.09266662597656,52924300
2020-09-09,,,,,,81.4000015258789,82.44000244140625,79.27999877929688,81.91000366210938,54163900,273.3693922638843,276.05582330859846,268.98788560941557,271.3372497558594,22918800,76.76431129264915,77.2509930776457,75.58823926894804,76.68154907226562,39242000,118.86666870117188,123.0,113.836669921875,122.09333038330078,238397400,113.641095738678,115.4630720645518,111.70282021985868,113.6992416381836,176940500,12.346514414990567,12.75399944583385,12.178990048023763,12.66015625,736200000,197.7994142836165,204.6976117097977,196.94189367413148,201.31520080566406,45679000
2020-09-10,,,,,,83.06999969482422,83.30999755859375,78.37999725341797,78.9800033569336,51499400,273.11164648670973,276.7298665418841,264.70545549324396,265.7562255859375,24814700,76.82776716754222,77.99144475392224,75.33202727974195,75.63186645507812,33024000,128.73666381835938,132.99667358398438,120.1866683959961,123.77999877929688,254791800,116.64542107173031,116.78109976625105,109.02799770708086,109.98744201660156,182274400,12.933226534148584,13.008898952923687,12.114522597887174,12.258648872375488,698684000,203.32562487927262,204.60237606499447,194.47420152382745,195.67471313476562,35461500
2020-09-11,,,,,,79.81999969482422,79.98999786376953,75.04000091552734,76.33999633789062,54763000,267.7091340150961,269.02757334919295,260.353741816169,264.2891540527344,18913900,75.73594152014101,76.25880159487603,73.99487948244801,75.12188720703125,30706000,127.3133316040039,127.5,120.16666412353516,124.23999786376953,182152500,111.03412581023233,111.67376035548035,106.60516602652415,108.54344177246094,180860300,12.431646509399577,12.597926004409656,11.844439994967425,12.112030982971191,636928000,197.4183414729298,198.78084050234108,191.73971383980165,194.3979949951172,33620100
2020-09-14,,,,,,76.80000305175781,78.81999969482422,76.26000213623047,77.9000015258789,47448700,268.5913945912352,274.2318656084392,263.3870957978233,263.8331604003906,24093800,75.90939749332158,77.16575899280991,74.5940648803164,74.77842712402344,42660000,126.98332977294922,140.0,124.43333435058594,139.8733367919922,249061800,111.17950360312706,112.35215960156188,109.3187605672934,111.79975128173828,140150100,13.024579895343457,13.257569871709805,12.576769791725022,12.816729545593262,1201744000,194.59806571185905,199.32390157724174,194.39797317755668,195.71282958984375,30375800
2020-09-15,,,,,,77.66000366210938,80.33000183105469,75.97000122070312,78.93000030517578,57874400,268.3138178193406,272.1302791808794,266.95571832424275,270.048583984375,18478500,75.72304121338455,76.86788828127027,75.43608833739093,76.08135986328125,23042000,145.52000427246094,153.97999572753906,143.56666564941406,149.9199981689453,291894600,114.67804621956348,115.16261498676123,110.1037158741875,111.97415161132812,184642000,13.22271812799774,13.241387442148234,12.772419322351125,12.934965133666992,727556000,198.58070070929145,199.8764970654058,197.16103686948387,198.9237060546875,21823900
2020-09-16,,,,,,79.3499984741211,79.72000122070312,76.54000091552734,76.66000366210938,38393500,264.9632142037472,270.0683767325323,259.51109242016884,261.22601318359375,29183400,76.44613252697442,77.03540497341557,74.9152054033124,74.93998718261719,22128000,146.6233367919922,152.59666442871094,145.10333251953125,147.25332641601562,216837900,111.67375141580924,112.41998426492623,108.58219948246469,108.66941833496094,154679000,12.901363965653177,13.036279497509602,12.459777250368292,12.46052360534668,556384000,200.67689773691774,200.70548031266912,194.97920986822862,195.36985778808594,26328100
2020-09-17,,,,,,74.87999725341797,76.62999725341797,74.19999694824219,76.55000305175781,55619100,256.0316480397024,259.2236188586699,248.01207585132232,252.60177612304688,31281400,73.6375492023131,74.27440401171852,72.4803147274743,73.6985092163086,40008000,138.53334045410156,145.92999267578125,136.0,141.14332580566406,230337600,106.33379357166754,108.73725101622504,105.3549623880546,106.93465423583984,178011000,12.079920915572131,12.53544807871845,11.982841605278239,12.40974235534668,792512000,190.60582791327076,194.68377191902317,190.52008021903868,193.330810546875,34011300
2020-09-18,,,,,,77.0,77.4000015258789,73.8499984741211,74.93000030517578,51082900,256.15060729215287,256.9436613979263,247.87330359137397,250.3317108154297,28130800,73.76093762707353,74.10290649367926,70.95184715268981,71.91678619384766,63056000,149.31333923339844,150.3333282470703,142.93333435058594,147.38333129882812,259220400,106.99281442322203,107.45799642585531,102.81582548420052,103.54267883300781,287104900,12.539431169954202,12.578013731233012,11.937041086164525,12.136675834655762,698460000,193.22607051465485,194.0359343629213,186.98528485141622,190.92984008789062,55225300
2020-09-21,,,,,,74.2300033569336,77.9800033569336,73.87999725341797,77.94000244140625,61312000,245.38511667482754,247.77414085618435,242.00481278493712,245.98980712890625,24709400,70.9518489978719,71.37013697756234,69.51756861538587,70.87850189208984,56908000,151.0433349609375,151.89332580566406,135.69000244140625,149.79666137695312,328430400,101.31367629258035,106.78930687065947,99.91811535962182,106.68270111083984,195713800,11.873564364275431,12.468487029467878,11.853152604133797,12.46325969696045,721044000,187.88089322203805,193.140304553541,187.109134700145,192.9783172607422,39839700
2020-09-22,,,,,,78.36000061035156,78.79000091552734,75.2699966430664,77.69999694824219,56044700,251.1049272276944,253.09743980433467,246.05923944460713,252.5323944091797,30293100,71.87863322198784,72.555137240123,70.84678253105847,72.34945678710938,33950000,143.1999969482422,145.9199981689453,139.1999969482422,141.41000366210938,238742400,109.20245897106359,109.37690408898602,105.791096813168,108.35930633544922,183055400,12.5207622481134,12.593447344321817,12.103072204677165,12.58324146270752,646452000,195.37937226358838,198.27586581793489,192.54005839678513,197.62796020507812,33517100
2020-09-23,,,,,,77.38999938964844,77.91000366210938,74.33999633789062,74.7300033569336,42327500,253.03793500420102,255.7441658916591,245.98982754107175,246.85226440429688,19641300,71.9663575191047,72.01542196505994,69.51757431347869,69.8501205444336,37726000,135.05332946777344,137.38333129882812,125.2933349609375,126.78666687011719,285222600,108.17513727625399,108.65001261108696,103.47481418784108,103.81401824951172,150718700,12.521257209528594,12.672104438360137,12.027148498974409,12.071455955505371,647012000,198.08526187258073,198.27583172140538,190.58680064366783,191.120361328125,30803800
2020-09-24,,,,,,74.54000091552734,77.25,73.9000015258789,75.81999969482422,57540900,244.35419622510534,250.04423447504365,243.4818518607491,247.35781860351562,20006800,69.5175810262179,71.26755903816468,69.49130946306941,70.51770782470703,34552000,121.26667022705078,133.1666717529297,117.0999984741211,129.26333618164062,289683300,101.92422311648544,106.8474450340975,101.75947146104525,104.88009643554688,167743300,12.020181753118116,12.51528667777394,11.96218256477668,12.2947416305542,731240000,190.41532195894766,195.86528863786586,189.79599897271996,193.59764099121094,31202500
2020-09-25,,,,,,76.3499984741211,78.19999694824219,74.66999816894531,78.05999755859375,48206200,247.228944402206,253.52367312850794,244.4632382598628,252.60177612304688,18351300,70.62622846125542,71.66154250300926,69.76536238534027,71.32057189941406,30326000,131.1566619873047,136.2433319091797,130.43333435058594,135.77999877929688,201625500,105.08360984198643,108.96985441233768,104.34706305845842,108.81478881835938,149981400,12.39380921782391,12.827928447559664,12.192929643192095,12.818220138549805,588016000,193.94064144048286,199.17145554804117,192.9783130746284,198.00906372070312,29437300
2020-09-28,,,,,,79.12000274658203,79.56999969482422,77.5199966430664,79.4800033569336,48005500,257.1418933996532,257.3401644822639,252.60177602629912,254.58436584472656,18826300,72.95260740958123,73.00216340239244,71.67840660128883,72.29196166992188,30784000,141.5399932861328,142.69332885742188,138.51666259765625,140.39999389648438,149158800,111.46053870423745,111.76096905147743,109.29935819072301,111.41207885742188,137672400,12.984005218588951,12.995455974352662,12.695007286262086,12.978777885437012,573808000,200.92458801246855,202.53480726710254,198.2377101829386,199.5525665283203,32004900
2020-09-29,,,,,,79.30000305175781,82.55000305175781,79.30000305175781,81.7699966430664,61568900,255.56574368325687,261.03768081045007,254.6636616660201,259.5111083984375,20200200,72.55215865956741,72.95309862826339,72.06100757603167,72.65673065185547,31816000,138.6666717529297,142.8333282470703,137.1999969482422,139.69000244140625,150657900,111.01474148847176,111.7512809163313,110.06498316084728,110.56893157958984,99382200,12.881698289843444,13.384769035049606,12.877467046243323,13.168704986572266,621460000,199.4668235840097,200.1528343424677,197.04672603654993,197.47547912597656,24221900
2020-09-30,10.0,11.40999984741211,9.109999656677246,9.5,338584400.0,81.75,82.94000244140625,80.66000366210938,81.98999786376953,51533700,259.6994682440942,263.76375343697214,257.8358288522011,259.6201477050781,20142500,72.40496388039755,73.65686345741786,72.14824521381277,72.63591766357422,40924000,140.44000244140625,144.64332580566406,140.1566619873047,143.00332641601562,144436800,110.27818485285505,113.64109400987672,110.11343321080598,112.23583984375,142675200,13.100747146215685,13.563741582725115,13.09352858524547,13.472138404846191,689184000,197.9232957386492,201.97265800789293,196.78947197711074,200.4005584716797,33829100
2020-10-01,9.6899995803833,10.100000381469727,9.229999542236328,9.460000038146973,124297600.0,83.05999755859375,85.25,82.86000061035156,84.86000061035156,52177100,263.04010371853553,265.99414311385937,262.4948733807721,264.3089599609375,20009800,73.5309770975159,74.09646597038588,73.19098955125851,73.7411117553711,32884000,146.9199981689453,149.6266632080078,144.80667114257812,149.3866729736328,152224500,114.00937358582986,114.0869063866764,112.25523648180236,113.18560791015625,116120400,13.69865989133984,13.703388704944128,13.402691234247321,13.555778503417969,525004000,203.41141229150605,203.88780792375502,201.3438569921584,202.43003845214844,27158400
2020-10-02,9.0600004196167,9.279999732971191,8.9399995803833,9.199999809265137,55018300.0,82.58000183105469,84.6500015258789,81.66000366210938,81.80000305175781,52855100,258.9360879574492,262.84179161387306,256.92376086558943,257.6771545410156,16367600,72.34003343614484,73.30150890556004,71.73143171499024,72.14030456542969,31222000,140.4633331298828,146.3766632080078,138.3333282470703,138.3633270263672,214290000,109.40597427158033,111.80943945830253,108.75665366895876,109.5319595336914,144712000,13.167957222470799,13.461186360734684,12.994706996717781,13.005908966064453,552496000,198.18054316818606,201.02939371006642,195.8366707318804,196.45599365234375,33154800
2020-10-05,9.430000305175781,9.489999771118164,8.920000076293945,9.029999732971191,36316900.0,82.55000305175781,86.27999877929688,82.55000305175781,86.1500015258789,47056500,259.9175672673614,262.56430803907915,258.56939030437593,262.3462219238281,12822300,72.4897110883713,73.582521715312,72.3628377612094,73.4898452758789,21602000,141.11666870117188,144.54666137695312,139.77667236328125,141.89332580566406,134168400,110.3944854044891,113.04992078729782,110.04559522059489,112.90454864501953,106243800,13.178908861614774,13.585397801441708,13.165715663762136,13.58365535736084,479820000,197.43737304379223,200.47677898107784,197.20869794579374,200.4481964111328,21331600
2020-10-06,9.039999961853027,10.180000305175781,8.899999618530273,9.899999618530273,90864000.0,86.20999908447266,87.25,83.54000091552734,84.4800033569336,52725400,259.5011911203908,263.3771580098929,255.99199852253278,256.4083557128906,18696900,73.12657876677537,73.57361127111236,71.61547988862486,71.91333770751953,26096000,141.26333618164062,142.92666625976562,135.35000610351562,137.9933319091797,147438900,112.12922867288654,112.53627212533412,108.78570657319916,109.6676254272461,161498200,13.770349630542391,14.081004214097689,13.60606133146238,13.677252769470215,784420000,198.96186538347163,200.2576474587062,195.15070058306898,196.18923950195312,28554300
2020-10-07,10.039999961853027,10.489999771118164,9.989999771118164,10.0,54672400.0,86.0999984741211,87.79000091552734,85.6500015258789,86.69000244140625,43045700,256.9535240905326,257.9150812844997,252.60175552330386,255.87301635742188,23133400,72.3241898254817,72.80294632471846,71.03165012534033,72.31576538085938,36108000,139.9566650390625,143.3000030517578,137.9499969482422,141.76666259765625,129383100,111.08259403853273,111.98389262412043,110.6077111213325,111.52839660644531,96849000,13.93936472563544,14.05834944334115,13.803701921805605,13.903768539428711,418084000,197.28494338454317,200.19095944985511,196.96099786603364,199.92417907714844,25681100
2020-10-08,10.289999961853027,10.399999618530273,9.989999771118164,10.0,34989200.0,88.11000061035156,88.72000122070312,85.94999694824219,86.51000213623047,54240700,257.48876625498326,262.3163660024035,256.8939834586803,261.4638671875,16312800,72.62849172768487,73.747566532025,72.62849172768487,73.51959228515625,26076000,146.14666748046875,146.3333282470703,141.76666259765625,141.97332763671875,121263300,112.66224789552939,112.80762001676187,111.05347590337409,111.4217529296875,83477200,14.01429129045017,14.023750816263338,13.698659142162176,13.779060363769531,378900000,200.57206106834602,201.21996661458442,198.48546064844754,200.63876342773438,19925800
2020-10-09,10.130000114440918,10.1899995803833,9.890000343322754,9.949999809265137,19653500.0,84.73999786376953,85.75,82.3499984741211,83.0999984741211,80354400,262.2172863448528,262.44529503670765,259.8877677953517,262.1479187011719,14107800,73.98693253652546,74.92808805462509,73.69650854901934,74.85870361328125,32966000,143.3766632080078,144.8633270263672,142.15333557128906,144.6666717529297,86777100,111.72221622412157,113.38913459955495,111.37332598768504,113.36006164550781,100506900,13.70762040717948,13.764623499410625,13.601828874328715,13.703388214111328,346892000,201.25808639297776,205.66951441718192,201.25808639297776,205.6218719482422,26458000
2020-10-12,10.039999961853027,10.050000190734863,9.65999984741211,9.890000343322754,20623600.0,83.6500015258789,85.12999725341797,83.12000274658203,84.29000091552734,47669700,267.84787415489484,277.74097715969367,265.53814026864677,273.34954833984375,31019300,76.2240954855972,78.72293349802754,75.79291373880893,77.54190826416016,55344000,147.3333282470703,149.5800018310547,146.19332885742188,147.43333435058594,116373300,116.35468329215739,121.31667154926015,115.59875698215505,120.56074523925781,240226800,13.929160708195548,14.285118819607398,13.852493157883188,14.164640426635742,434744000,208.4611366594081,213.29179401171197,206.5746145486653,210.9479217529297,40461400
2020-10-13,9.880000114440918,9.880000114440918,9.40999984741211,9.470000267028809,21847200.0,84.86000061035156,86.08999633789062,83.97000122070312,85.27999877929688,42764100,275.1636736487077,276.67046152416447,271.0101751156089,273.7362365722656,18063300,78.15747413049897,78.56139376704779,77.24655261809562,77.66484069824219,39072000,147.78334045410156,149.6300048828125,145.53334045410156,148.88333129882812,103391100,121.4038819645373,121.52018115565947,115.95733257416443,117.36257934570312,262330500,14.23483636602296,14.28661212456434,13.95828434553534,14.18679428100586,344604000,212.20562960629036,214.57808461932888,210.02372990076108,212.33901977539062,28950800
2020-10-14,9.600000381469727,9.65999984741211,9.289999961853027,9.34000015258789,13652600.0,85.86000061035156,85.95999908447266,83.45999908447266,84.20999908447266,40403000,275.20323256920034,276.32340043188515,269.13651378388096,269.4537353515625,15577800,78.0380261496372,78.49645507443054,76.61563357234498,77.48492431640625,33174000,149.92666625976562,155.3000030517578,149.11666870117188,153.76666259765625,143639100,117.26567529237093,119.23302386837867,115.92826777316701,117.44981384277344,150712000,14.22886078382852,14.280885323875227,13.899786671772109,14.034453392028809,276100000,212.47238270419098,213.63478883093902,208.7850863651667,210.43341064453125,23421700
2020-10-15,9.270000457763672,9.90999984741211,9.180000305175781,9.90999984741211,12924100.0,83.4000015258789,84.72000122070312,82.41999816894531,83.12999725341797,33696400,265.2704765293288,266.69794336461524,261.3746954901535,264.39813232421875,15416100,76.54624094186421,77.8794204762289,76.37922672671863,77.08992004394531,31210000,150.10333251953125,152.19000244140625,147.5,149.6266632080078,107017200,115.0560520589753,117.459509897586,114.50364375467132,116.98463439941406,112559200,13.751180888345079,13.945339502121929,13.70836613749125,13.909744262695312,267224000,206.8510024089282,209.9570968936289,205.81244881578348,209.29014587402344,22733100
2020-10-16,9.9399995803833,9.949999809265137,9.65999984741211,9.710000038146973,11142500.0,83.54000091552734,83.98999786376953,82.41000366210938,83.16999816894531,31474300,265.0524410067769,269.00769806378014,262.9905306285475,263.61505126953125,16622700,77.40513702977627,78.19215712949148,77.19847345120955,77.69606018066406,34194000,151.47999572753906,151.98333740234375,146.28334045410156,146.55667114257812,98327700,117.53700906729522,117.79868036462267,115.14323796904243,115.34675598144531,115393800,13.976207032310032,14.060591666359802,13.733010226412944,13.751928329467773,242392000,209.75700431852633,211.7959771718583,208.96620031284962,209.29014587402344,26057900
2020-10-19,9.789999961853027,9.819999694824219,9.529999732971191,9.569999694824219,9126400.0,83.62000274658203,84.6500015258789,81.52999877929688,82.0,36689100,263.21850298492296,266.212202344182,257.6176935014616,259.12445068359375,13587000,78.10393898976746,78.50042480212294,75.4767374385808,75.82514190673828,29734000,148.74667358398438,149.0,142.9566650390625,143.61000061035156,108863400,116.25776062422946,116.703563090536,112.09047284235501,112.40059661865234,120639300,13.843032985585035,13.92318542080633,13.348923276048108,13.439531326293945,298068000,210.01420477058122,211.8054566248075,203.6305075437447,204.10690307617188,27625800
2020-10-20,9.600000381469727,9.65999984741211,9.270000457763672,9.270000457763672,11138200.0,82.16000366210938,82.69000244140625,80.58000183105469,81.55999755859375,38219400,260.77000834928066,267.3522203594009,260.5915825452743,265.2308349609375,18763200,75.48614593995441,78.00035081850514,75.35679216195857,76.87235260009766,41670000,143.9166717529297,143.9166717529297,139.68333435058594,140.64666748046875,94968900,112.613816705773,115.30802617540574,112.06140841970505,113.88339233398438,124423700,13.524912268022215,13.740229967654253,13.448742284587745,13.586645126342773,229212000,205.612335379117,207.10820994137202,203.03026493680252,204.51661682128906,22753500
2020-10-21,9.300000190734863,9.479999542236328,9.199999809265137,9.199999809265137,9190000.0,81.72000122070312,81.93000030517578,79.19000244140625,79.19999694824219,36426400,277.12641139284636,280.586021057658,273.9641781096813,276.30364990234375,28998600,77.8026174394533,80.04721784308745,77.66831030611162,78.60252380371094,60322000,140.89999389648438,144.31666564941406,140.4166717529297,140.8800048828125,97111500,113.06930582021845,115.04634782768703,112.85609432030498,113.26313781738281,89946000,13.56623229376561,13.732014232770208,13.419368456639658,13.466414451599121,219596000,203.0588188965008,206.67942770455164,203.0588188965008,204.65951538085938,22724900
2020-10-22,9.369999885559082,9.75,9.220000267028809,9.680000305175781,17928600.0,79.6500015258789,80.81999969482422,78.41999816894531,79.41999816894531,38006800,277.4337102381768,279.99126812648683,272.6457689850134,275.6989440917969,16720000,78.55344885519195,79.96195691622499,78.18075417230419,79.6269302368164,30512000,147.30667114257812,148.41000366210938,141.50332641601562,141.92999267578125,119979600,113.825219728469,114.39701481541562,111.05348531931205,112.17768859863281,101988000,13.46417579046509,13.553040456540899,13.174679330506805,13.303372383117676,290480000,203.8305991538514,205.86004890997927,201.70587900793112,204.7452850341797,22351500
2020-10-23,9.710000038146973,9.829999923706055,9.470000267028809,9.489999771118164,12618000.0,80.93000030517578,81.98999786376953,79.33000183105469,81.95999908447266,46557700,276.3730055560065,282.75694712146,274.41026101852475,282.3108825683594,17535200,80.0427610123963,80.9878794606781,79.8871356369497,80.93138122558594,30548000,140.6133270263672,140.9633331298828,135.7933349609375,140.2100067138672,101151000,112.79794326147403,112.95300885211658,110.75306199696499,111.48960876464844,82572600,13.391988089723265,13.534620695938601,13.233923218355963,13.531633377075195,233484000,204.87867200393134,206.06966089598714,203.09695727371624,206.0220184326172,18879600
2020-10-26,9.720000267028809,9.970000267028809,9.600000381469727,9.949999809265137,23767300.0,82.55000305175781,84.97000122070312,80.86000061035156,82.2300033569336,69423700,280.695013495499,282.7470008040622,271.8724966337441,274.6976623535156,21322900,80.04027623850708,80.7628652586477,77.70002735820508,78.51827239990234,35826000,137.2100067138672,141.9199981689453,136.6666717529297,140.0933380126953,84717600,110.49140909640037,112.95302013932815,109.39627858637218,111.49931335449219,111850700,13.369085896916106,13.633689579571246,12.982261385916676,13.08456802368164,336896000,203.75439552083563,206.12683620625828,198.27584634708583,200.16236877441406,37111600
2020-10-27,10.0,11.039999961853027,9.920000076293945,10.949999809265137,53695900.0,82.0,82.37000274658203,77.56999969482422,78.87999725341797,156669500,276.3333793505012,282.033325094517,273.9046947153265,280.8239440917969,16287200,78.74821578247979,79.39596773671335,78.15646293187241,79.24134063720703,25902000,141.25332641601562,143.5,140.03334045410156,141.55999755859375,68059500,111.9257439755482,113.6605018584225,111.0050658460713,113.0014877319336,92276800,13.248609003917073,13.384023046239228,13.134602813833258,13.338968276977539,250520000,201.60107197312493,204.5356704020045,200.400560381581,203.18270874023438,36700300
2020-10-28,10.65999984741211,10.984999656677246,10.100000381469727,10.850000381469727,30941700.0,78.7300033569336,78.95999908447266,75.76000213623047,76.4000015258789,76529900,276.3631304196497,276.3631304196497,264.93350073882925,265.3399353027344,23121800,76.81932392288722,77.00764880260952,74.76107508383566,74.87605285644531,45174000,138.82666015625,139.53334045410156,135.3333282470703,135.33999633789062,76354200,111.49930623671789,111.86757593688382,107.67120751132958,107.76811981201172,143937800,13.141074699241251,13.20280755599855,12.554615408729777,12.572537422180176,376520000,197.8661428219542,198.9809067591582,192.5591035035503,193.11170959472656,51195600
2020-10-29,10.899999618530273,11.100000381469727,10.5600004196167,10.75,20515700.0,76.75,79.18000030517578,76.29000091552734,78.0199966430664,52784100,274.14251415670975,281.131159355823,271.39663895904766,278.38525390625,32368100,75.18432605139941,78.73880642032361,75.16103405027546,77.1598129272461,55406000,136.65333557128906,139.35333251953125,135.48666381835938,136.94332885742188,67965900,108.90203237848063,113.32129899442697,108.73727331019896,111.760986328125,146129200,12.783124891809354,13.135846892018513,12.695006587997323,12.967824935913086,320080000,194.43608102293118,197.57075725259926,193.76911564184445,195.05538940429688,31432600
2020-10-30,10.609999656677246,10.680000305175781,9.850000381469727,10.130000114440918,19705500.0,77.08999633789062,77.69999694824219,74.2300033569336,75.29000091552734,51349000,272.11047506561437,274.29133614687277,256.84453825257276,260.8196105957031,47247800,82.63921576146262,83.32711619302741,79.37466071000843,80.09526824951172,99878000,135.63333129882812,135.8633270263672,126.37000274658203,129.34666442871094,127533900,107.63245134560678,108.53374987611883,104.39553435267372,105.50035095214844,190272600,12.79457844781152,12.880704591667383,12.246950402849265,12.479941368103027,416820000,193.89296412093262,194.6456625970207,190.1961304721257,192.91159057617188,36953700
2020-11-02,10.229999542236328,10.569999694824219,10.229999542236328,10.539999961853027,11677800.0,75.8499984741211,76.33999633789062,73.76000213623047,74.69999694824219,45760700,262.29659334985735,268.11548861328464,255.09978388166272,259.08477783203125,27165700,80.46351570683841,82.18326693567796,80.00259878301561,80.5021743774414,44228000,131.3333282470703,135.66000366210938,130.76666259765625,133.50332641601562,87063300,105.74263480892598,107.26418098664796,104.00787711431103,105.41312408447266,122866900,12.603152981885287,12.781380795725333,12.341536637952245,12.526485443115234,299652000,194.64570661719011,195.58897513304893,190.67256908298938,192.7782440185547,30842200
2020-11-03,10.569999694824219,10.9399995803833,10.4399995803833,10.5,21652800.0,74.93000030517578,77.08000183105469,74.5999984741211,76.58000183105469,41231800,260.8691840773539,267.69919058864355,258.6090327892569,262.99053955078125,17961900,80.82134439367809,82.22092895585259,79.89703764384542,81.5597915649414,31432000,136.57666015625,142.58999633789062,135.56333923339844,141.3000030517578,103055100,106.27566693473848,108.04918369356872,105.3743683811965,107.0315933227539,107624400,12.653683303650302,13.048472683366569,12.548389360152617,12.96334171295166,272900000,194.26456377162967,198.294865783627,193.53091060305985,196.6846466064453,27512000
2020-11-04,10.819999694824219,10.920000076293945,10.550000190734863,10.720000267028809,15783400.0,80.25,81.8499984741211,78.97000122070312,81.3499984741211,66579700,278.5538901044381,286.42477468626174,276.1946032055948,284.87835693359375,35364400,84.52946169743666,87.72364199998071,84.40159768740916,86.5252685546875,71342000,143.5399932861328,145.13333129882812,139.03334045410156,140.32666015625,96429300,110.61740540896592,112.02265248381404,108.88264758511696,111.40240478515625,138235500,13.331499752886495,13.767860047508005,13.279475206935611,13.734752655029297,410228000,203.91637379335975,208.01337880275392,202.39190207967457,206.1744842529297,42311800
2020-11-05,10.899999618530273,12.130000114440918,10.850000381469727,11.880000114440918,48560400.0,83.2699966430664,83.5,81.8499984741211,83.0,46542300,289.35891751420473,294.79122337280705,286.4346162939396,292.1147155761719,23823600,87.74443865213146,88.80355146423722,86.28636720698881,87.35043334960938,39758000,142.76666259765625,146.6666717529297,141.3333282470703,146.02999877929688,85243500,114.3098203094192,115.92828633454072,113.26315692390712,115.35649108886719,126387100,14.101415339384825,14.277153437233792,13.930654840153293,14.098925590515137,319028000,211.5577293870567,213.53953661910697,210.70974588983486,212.74871826171875,36080100
2020-11-06,12.220000267028809,14.960000038146973,12.050000190734863,13.829999923706055,89977600.0,83.5199966430664,86.08999633789062,82.66999816894531,85.87999725341797,53829900,291.39117324150493,292.0355089320338,285.55243125292134,290.8558654785156,13891000,86.79735774216776,87.64781830534946,86.0707985293966,87.21317291259766,28622000,145.36666870117188,145.52333068847656,141.42666625976562,143.31666564941406,65118000,114.86621579666993,115.72052575840337,112.74013995422038,115.22541809082031,114457900,14.048891455608413,14.525825518344906,13.835068378723031,14.499191284179688,383348000,211.76735056508159,213.76821774632472,207.73704817031117,213.15843200683594,25231900
2020-11-09,14.960000038146973,15.899999618530273,14.109999656677246,14.670000076293945,60099000.0,84.23999786376953,87.05000305175781,82.7699966430664,83.12000274658203,58580700,287.34664089380567,290.03304153749013,276.10536062910086,276.34326171875,25117700,89.00972958301574,90.04603445916274,87.10511715128658,87.29691314697266,53440000,146.5,150.8333282470703,140.3333282470703,140.4199981689453,104499000,116.982584063866,118.42908863111414,112.66248329970261,112.92459869384766,154515300,14.489731966855251,14.628132371643925,13.552044345915604,13.5719575881958,582976000,213.84440530323116,217.35066905618285,207.59409893427468,208.08001708984375,44395000
2020-11-10,14.989999771118164,15.010000228881836,13.180000305175781,14.0,38078700.0,81.93000030517578,82.12999725341797,77.62999725341797,77.98999786376953,67137200,270.72256081858717,271.61471990658436,261.70177392459226,270.0583801269531,29067700,85.72833198232598,87.19581874690427,85.05182793444769,86.1223373413086,43022000,140.02999877929688,140.02999877929688,132.00999450683594,136.7866668701172,90852600,112.17708523408758,114.15753088265224,110.79852956756876,112.58482360839844,138023400,13.547812230313847,13.547812230313847,12.573782058299438,12.714920997619629,644068000,204.3737238814988,206.27930638855238,199.81938285271593,201.04847717285156,44045100
2020-11-11,14.569999694824219,15.970000267028809,14.399999618530273,15.960000038146973,47027900.0,79.38999938964844,81.47000122070312,78.97000122070312,81.27999877929688,44611300,271.0894346690546,275.976511574874,270.10806233656234,274.0732421875,14957000,86.65163888970832,87.37026514561057,86.38698732276887,86.59365844726562,31838000,138.81666564941406,139.56666564941406,136.86000061035156,139.0433349609375,52073100,113.76920185962483,116.13797271482636,113.0410945158488,116.00205993652344,112295000,12.997444591271169,13.377050504826503,12.892399429835695,13.360123634338379,404744000,202.36331998035507,207.74658438097188,202.18228732835718,206.32693481445312,29440800
2020-11-12,16.65999984741211,17.059999465942383,14.40999984741211,14.579999923706055,97904000.0,81.31999969482422,83.0,80.30000305175781,81.83999633789062,37242600,274.7671196771608,277.3147548914051,272.04105863712016,272.6853942871094,12899500,86.33445155052767,87.473354716202,86.1347226524478,86.37509155273438,26474000,138.35000610351562,141.0,136.5066680908203,137.25332641601562,59565300,116.12827545684921,117.011708557713,115.10892216454586,115.73023986816406,103162300,13.420862549659276,13.706624366727366,13.258565493925284,13.39870834350586,365812000,206.95579271890833,208.76609026899308,204.33561679521472,205.26934814453125,21593900
2020-11-13,14.489999771118164,16.0,14.489999771118164,15.800000190734863,76354800.0,82.7300033569336,83.11000061035156,80.69999694824219,81.43000030517578,30423200,275.30237908412266,275.34203934464506,270.7226021810253,274.5390930175781,10391200,86.63181619049185,88.07551178373636,86.03610062019943,87.83415222167969,29744000,136.9499969482422,137.50999450683594,133.8866729736328,136.1666717529297,59313300,115.95351649440437,116.17679858450585,114.42934551492606,115.77877044677734,81581900,13.568471277334389,13.60979236646862,13.002921392268068,13.239645957946777,346312000,206.1459054941405,207.15586184430438,204.04976775287432,206.288818359375,18621100
2020-11-16,15.960000038146973,16.100000381469727,15.010000228881836,15.930000305175781,65326000.0,81.20999908447266,83.77999877929688,80.4800033569336,83.7300033569336,38640800,272.65567962026546,276.9777415825095,272.23935265833245,276.5316467285156,12970400,87.43172210004694,88.92845236010726,87.29245409409869,87.921875,25468000,136.30999755859375,137.48333740234375,134.69667053222656,136.02999877929688,80515800,115.44869182782028,117.45826768159665,114.7011715913371,116.78841400146484,91183000,13.11568372017377,13.590626548003572,13.099255366942009,13.456955909729004,413776000,204.72622014915032,207.46074050757483,204.39275198534924,206.9748077392578,24953300
2020-11-17,16.290000915527344,18.75,16.18000030517578,17.850000381469727,116618500.0,83.93000030517578,84.80999755859375,82.91000366210938,83.36000061035156,29473500,275.26274199380117,275.26274199380117,270.91097340750423,272.6060791015625,15040300,87.61608025286607,88.07600646877577,87.20126337757758,87.30880737304688,21314000,153.38999938964844,154.0,144.336669921875,147.20333862304688,183564900,116.06031664652185,117.14761890185565,115.48753500270898,115.90498352050781,74271000,13.494044215080645,13.53760531971783,13.246367406234198,13.36435604095459,312028000,205.89814800130065,207.40354503928398,203.97350604430233,204.3355712890625,24154100
2020-11-18,18.280000686645508,19.25,17.540000915527344,17.899999618530273,89957900.0,83.01000213623047,83.95999908447266,82.22000122070312,82.54000091552734,29968000,272.1302371447207,274.9752786275152,269.4735743456771,269.6024475097656,12152900,87.06003102125274,87.47435642541923,86.16446864147956,86.26705932617188,20108000,149.4499969482422,165.3333282470703,147.8333282470703,162.2133331298828,234132000,115.14773477351584,116.32241357747914,114.55554028628038,114.58466339111328,76322100,13.407173085056655,13.54706716328865,13.128132233120537,13.370830535888672,510924000,204.0967850562555,205.54882340937317,201.49840677236205,201.64170837402344,28372800
2020-11-19,18.5,18.979999542236328,17.959999084472656,18.979999542236328,56225400.0,82.38999938964844,85.63999938964844,81.72000122070312,85.54000091552734,50116800,268.660756709019,271.08944152995355,266.8467001921492,270.5640563964844,12963700,85.89980034337418,87.39950253324328,85.74071145834314,87.1556625366211,20106000,164.0,169.5366668701172,162.52333068847656,166.42333984375,187425900,114.15753414064645,115.58462589815453,113.40030359340344,115.17688751220703,74113000,13.155760695717245,13.429325390449687,13.043496960142532,13.382279396057129,565936000,201.9282623804157,203.50447769292882,200.5430866843581,202.9217529296875,24792700
2020-11-20,19.030000686645508,19.65999984741211,18.0,18.149999618530273,72104000.0,85.27999877929688,86.0999984741211,84.47000122070312,84.63999938964844,35008400,270.1873226446554,270.6234948000177,267.06474990888495,267.35223388671875,18114700,87.32566263564391,87.64086843006233,85.9875296804616,86.05592346191406,27694000,165.99667358398438,167.5,163.02000427246094,163.20333862304688,98735700,115.17688893429653,115.30309155816464,113.86629701660235,113.91483306884766,73604300,13.395970878679213,13.436295883226773,13.008647818893134,13.03130054473877,341088000,202.71160861053573,203.75286645318923,200.60998313112907,200.9825439453125,22843100
2020-11-23,18.6299991607666,21.450000762939453,18.56999969482422,21.040000915527344,84716300.0,85.5199966430664,87.54000091552734,84.62000274658203,85.30999755859375,46505000,268.53189955867924,268.59137483464673,262.2272480388358,266.0932922363281,20990800,86.24624457507814,86.53220683419836,84.7574470410167,85.61880493164062,22530000,167.8333282470703,175.3333282470703,167.26333618164062,173.9499969482422,150780900,113.75949369240169,114.1866523784184,110.42961575192224,110.52669525146484,127959300,13.114439643775567,13.324777827155184,12.959361156671875,13.083324432373047,361356000,201.51746313659982,202.79754214361827,198.85222313980768,200.71502685546875,25683500
2020-11-24,22.350000381469727,24.270000457763672,20.6299991607666,23.81999969482422,115468800.0,85.72000122070312,86.11000061035156,83.31999969482422,85.06999969482422,36839200,266.1527603426882,275.4015587814631,265.5381623396327,274.5093994140625,16930400,85.61581961817127,87.54768668835644,85.2802938462471,87.4198226928711,27984000,180.13333129882812,186.663330078125,175.39999389648438,185.1266632080078,160945500,110.58495899509562,112.46832515996194,109.30348281979012,111.80817413330078,113874200,13.085814902758454,13.105230576855208,12.829425831915962,12.901862144470215,346500000,200.21830495578362,204.66993934014192,199.52095055077086,204.29737854003906,33979700
2020-11-25,23.959999084472656,29.75,23.690000534057617,29.049999237060547,202563700.0,85.76000213623047,87.83999633789062,85.5199966430664,86.70999908447266,41349700,275.7187685457387,277.74098829096494,270.2765391601814,273.1909484863281,12467000,87.61362474871946,87.74098965491426,86.64966857588736,87.43123626708984,19600000,183.35333251953125,191.3333282470703,181.7899932861328,191.3333282470703,146790600,112.17706662745255,113.34203533416394,111.80815419186463,112.64305114746094,76499200,12.976286647330468,13.212263899302625,12.96384075400701,13.177663803100586,259916000,205.49148995634454,205.66343437093508,202.95998889819435,204.3069305419922,21012900
2020-11-27,31.190000534057617,33.5,26.1200008392334,27.65999984741211,207834000.0,87.98999786376953,88.0,86.36000061035156,87.19000244140625,22717600,274.9753051656759,276.70014860060974,272.4276700276529,275.3916320800781,7808400,87.45154481486274,89.06078000238365,87.45154481486274,88.56566619873047,14790000,193.72000122070312,199.5933380126953,192.81666564941406,195.25332641601562,112683300,113.1673088628538,114.060452186272,112.82752688184597,113.18672180175781,46691300,13.317312769876626,13.349672861175852,13.113694593942522,13.204052925109863,167276000,205.2431262455821,206.59963010957043,204.46933263042834,205.6061248779297,14512200
2020-11-30,28.239999771118164,30.149999618530273,24.110000610351562,27.110000610351562,137243000.0,87.33000183105469,92.73999786376953,86.52999877929688,92.66000366210938,84483000,273.62714029983425,275.28261615577065,268.65085060588,274.5589599609375,16693300,88.00216651160646,88.23460252032878,86.62388510850603,86.94900512695312,32418000,200.73666381835938,202.60000610351562,184.836669921875,189.1999969482422,189009300,113.55562680437811,117.43886611768262,113.40029367663415,115.57491302490234,169410200,13.207786880541757,13.354650734163716,12.916299187720584,13.343697547912598,286952000,204.52665850131285,205.1571359367757,201.41241802939734,204.4980010986328,33064800
2020-12-01,28.09000015258789,28.139999389648438,24.450000762939453,25.670000076293945,84050000.0,92.25,93.9000015258789,90.77999877929688,92.62999725341797,58583600,276.72991812988835,286.7816337824195,276.53164702747165,284.0555725097656,20738900,87.55661890732226,90.28542045446022,87.3767108902,88.97900390625,37350000,199.19667053222656,199.28334045410156,190.68333435058594,194.9199981689453,120310500,117.47770289816154,119.86589425816237,116.50689304092421,119.13778686523438,127728200,13.434054894917562,13.470397438236995,13.171192706053294,13.332245826721191,296948000,204.91831538871995,207.6026802551805,203.8101951352775,206.5423126220703,30904500
2020-12-02,22.239999771118164,23.399999618530273,21.149999618530273,22.510000228881836,149062100.0,92.88999938964844,96.37000274658203,92.52999877929688,93.73999786376953,57988800,282.8758892964831,289.24001566629744,278.3853247499967,285.01708984375,17361600,88.97900820349736,90.83158444204322,88.47398769607074,90.44649505615234,29424000,185.47999572753906,190.51333618164062,180.40333557128906,189.60667419433594,143327100,118.45821829004096,119.76881755329892,117.36120579212971,119.4872817993164,89004200,13.292916687996875,13.614523477807763,13.177168059878014,13.486080169677734,283360000,205.27175707094355,205.83537202902343,203.2847614414329,205.73983764648438,23724500
2020-12-03,23.549999237060547,25.6200008392334,23.5,24.030000686645508,85634300.0,94.05999755859375,94.69999694824219,92.01000213623047,92.30999755859375,35859700,283.7581760525857,284.15468797747155,278.62327553330033,279.396484375,12921700,90.22693546266429,91.3811977041033,90.05148923543042,90.29136657714844,24728000,196.67333984375,199.6566619873047,194.14332580566406,197.7933349609375,127656000,119.91444354480213,120.16685620942218,118.64268486156841,119.35137939453125,78967600,13.532891248388985,13.605100097734832,13.275431014926465,13.342161178588867,199520000,205.01385141230443,206.7047110734639,204.0967707859038,204.660400390625,25120900
2020-12-04,24.8799991607666,25.239999771118164,23.510000228881836,23.850000381469727,56044100.0,92.58000183105469,94.58000183105469,90.62999725341797,94.04000091552734,45570300,277.8599504969249,280.9924460351421,276.86865558933414,277.26519775390625,10880300,90.21108177907736,90.67100047469899,89.88249064101637,90.38652801513672,20544000,197.00332641601562,199.67999267578125,195.1666717529297,199.67999267578125,88203900,119.02126230586725,119.273674890219,117.9727861001199,118.68148040771484,78260400,13.394450674202265,13.505503297047852,13.334941202298934,13.50376033782959,202244000,204.64128501141468,205.74941981992606,203.6477798118867,204.7750244140625,24666000
2020-12-07,24.440000534057617,29.0,24.440000534057617,28.940000534057617,118463700.0,94.94999694824219,95.0,92.97000122070312,94.06999969482422,39815700,276.7596352388942,285.9786660308309,275.7782629341563,283.093994140625,13007700,89.97962384343904,90.66058963378225,89.3596256167209,90.052978515625,22288000,201.63999938964844,216.26333618164062,201.01666259765625,213.9199981689453,168929100,118.73974965511624,120.93378197653361,118.68150343461471,120.1377182006836,86712000,13.546584299478042,13.676061924602873,13.445741541863303,13.552062034606934,223244000,204.78455447441974,205.902236795737,203.46627035457135,204.7081298828125,24620000
2020-12-08,30.6299991607666,31.239999771118164,27.25,28.59000015258789,124754300.0,94.05000305175781,94.73999786376953,91.9000015258789,92.91999816894531,33907500,283.5202481560011,283.93657504961703,279.09905136815115,280.9329528808594,10747700,89.63123209189808,90.00045570240857,88.77680884902743,89.77049255371094,19936000,208.50332641601562,217.0933380126953,206.1666717529297,216.6266632080078,192795000,120.7396105898644,121.3318051265446,119.49696789528441,120.74931335449219,82225500,13.530399915409005,13.544094728114345,13.228119551989275,13.296344757080078,271920000,204.4024355798504,207.2491822324255,203.37072551096753,206.35121154785156,23284100
2020-12-09,28.68000030517578,28.850000381469727,25.329999923706055,26.6299991607666,79634700.0,92.76000213623047,94.69999694824219,89.16000366210938,89.83000183105469,52170400,281.190725155916,285.1261672616319,269.38439883876845,275.5007019042969,25189700,89.7224195621186,90.61500993483831,87.32567250408466,88.11170196533203,31728000,217.89666748046875,218.10667419433594,196.0,201.4933319091797,213873600,120.89494675486756,122.27349493369557,117.46798924542293,118.2252197265625,115089200,13.24704630028033,13.360089795970154,12.81653345470106,12.878782272338867,401300000,205.53925857408703,205.60612098805632,201.76588327062407,202.32949829101562,32440600
2020-12-10,25.541000366210938,28.040000915527344,25.149999618530273,27.040000915527344,57774800.0,89.55000305175781,92.08999633789062,89.02999877929688,91.66000366210938,33804400,273.141378605421,276.30361144849036,269.4933907373716,274.7076110839844,20065100,87.35538402763146,87.96943818375223,85.91466062654231,87.60566711425781,28688000,191.4566650390625,209.25,188.77999877929688,209.02333068847656,201249600,116.98257670113864,120.25420827611856,116.64279476467264,119.64259338378906,81312200,12.817278035078495,13.016225157346986,12.797855678959717,12.920112609863281,207764000,202.30085761828587,203.55227955829025,200.95390127727993,201.10675048828125,26733300
2020-12-11,27.149999618530273,28.270000457763672,26.059999465942383,27.200000762939453,52764400.0,91.54000091552734,92.33000183105469,90.16000366210938,91.6500015258789,28368100,272.140181040841,274.0732181494011,267.897440182532,271.168701171875,14391400,87.22655098140548,88.08444532599398,86.86674248708519,87.96004486083984,18628000,205.00332641601562,208.0,198.93333435058594,203.3300018310547,139425000,118.85625070668806,119.1766197360741,117.03113084780422,118.83683776855469,86939800,12.915134293753066,12.967672875794605,12.771464120306371,12.960949897766113,209264000,200.65775387019116,203.7815420297955,199.75978302617932,203.72421264648438,30979400
2020-12-14,28.260000228881836,28.260000228881836,26.729999542236328,27.239999771118164,44734500.0,92.20999908447266,95.41000366210938,91.8499984741211,94.77999877929688,48026400,270.9902620847114,274.806753220003,269.19602086754435,271.8031311035156,16376900,87.7578328663275,88.70344266311149,86.68781505650074,86.84294128417969,33050000,206.3333282470703,214.25,203.39999389648438,213.27667236328125,156121800,119.021283489644,119.74939086099992,117.99222744160214,118.2252197265625,79184500,13.035398774169177,13.334939820019592,13.024941019943634,13.255261421203613,270156000,203.57137168671602,206.5423105513928,203.36120768395418,204.62217712402344,28798400
2020-12-15,26.81999969482422,27.100000381469727,25.520000457763672,26.43000030517578,49273200.0,95.93000030517578,97.9800033569336,95.44999694824219,97.12000274658203,57232700,272.43757259190494,273.6766912557278,265.1416564202378,273.15130615234375,23979500,87.21959899351037,87.42478033349926,86.31810030713507,87.28006744384766,21352000,214.42666625976562,215.63333129882812,207.93333435058594,211.0833282470703,135214500,120.71049556577894,124.16658373624205,120.50662638207584,124.14716339111328,157243700,13.385733618093893,13.40988618458932,13.133751149437082,13.306802749633789,193016000,205.54880373486253,205.78762513826916,202.74982388365729,204.55531311035156,27000600
2020-12-16,25.709999084472656,26.15999984741211,25.110000610351562,25.920000076293945,44013400.0,97.04000091552734,97.2699966430664,95.45999908447266,96.8499984741211,34909000,272.36815131440505,275.4411407941398,270.1377381586472,273.2702331542969,15885000,87.67804256144234,87.67804256144234,86.6843589008534,87.0872802734375,24676000,209.41000366210938,210.8333282470703,201.6666717529297,207.58999633789062,126287400,123.69086753088224,124.62283654813265,122.8656733598718,124.07918548583984,98208600,13.368553568795045,13.383244766098352,13.159397537413051,13.189277648925781,223116000,205.1476236704402,210.26795609458796,205.11896626282314,209.47506713867188,35023300
2020-12-17,26.520000457763672,27.450000762939453,26.049999237060547,27.229999542236328,53829800.0,97.55000305175781,97.91999816894531,96.25,96.83999633789062,32023700,274.6580565826813,277.9987152072604,271.2281548047126,272.0906066894531,16377800,87.42133326352626,87.55911151570005,85.79673868754853,86.2606201171875,34880000,209.39666748046875,219.60667419433594,206.5,218.63333129882812,168810300,125.13737340779682,125.79753175425047,124.30247641319399,124.9432144165039,94359800,13.31302693964413,13.325726318719184,13.12553395287217,13.287630081176758,231384000,210.03862496314824,211.0130202858481,208.17582109364878,209.60874938964844,32515800
2020-12-18,26.270000457763672,26.850000381469727,25.799999237060547,25.969999313354492,71042900.0,97.2699966430664,97.68000030517578,93.55999755859375,95.91999816894531,51823100,273.36934542688545,275.57994363522437,268.77967609377816,273.9938659667969,26693200,86.54112895212512,86.64966362908457,84.99632476660608,85.5523910522461,85256000,222.96665954589844,231.6666717529297,209.51333618164062,231.6666717529297,666378600,125.19564174778804,125.33155453096758,122.43853798895042,122.96277618408203,192541500,13.325228761653179,13.351124288994596,13.017969301504321,13.218659400939941,342064000,208.81585693359375,209.8666768292249,206.3607807432557,208.81585693359375,63354900
2020-12-21,26.190000534057617,28.700000762939453,25.399999618530273,28.510000228881836,76729100.0,94.25,95.27999877929688,91.08000183105469,93.2300033569336,47093900,270.60369268943253,272.27898349056596,265.4588697383409,270.41534423828125,16553700,84.70538953138244,86.0866428328885,83.95553843795113,85.96571350097656,33974000,222.0800018310547,222.8333282470703,215.35667419433594,216.6199951171875,174135900,121.3706547348561,124.56462030770652,119.84648343417716,124.48695373535156,121251600,13.022197967810795,13.316261194326708,12.915378830191028,13.27866268157959,302332000,207.82236095933965,213.9839494454833,207.56442979599882,212.63699340820312,37181900
2020-12-22,29.030000686645508,29.420000076293945,26.81999969482422,28.040000915527344,66033100.0,93.36000061035156,93.55000305175781,90.52999877929688,93.16000366210938,35673700,269.1365677921802,269.1365677921802,262.32637660769075,264.76495361328125,17312900,85.70652969038704,85.86908971681392,84.53938106745055,85.25503540039062,20370000,216.0,216.6266632080078,204.7433319091797,213.44667053222656,155148000,127.76828795319533,130.48655855974283,125.86549408459715,128.03041076660156,168904800,13.265719617640173,13.283646925526869,13.001535460648212,13.224884033203125,185580000,212.73257439618757,215.5411166802355,211.93013790831756,213.9266815185547,22612200
2020-12-23,28.950000762939453,29.389999389648438,28.049999237060547,28.690000534057617,58772200.0,93.08000183105469,93.12999725341797,91.45999908447266,91.55000305175781,25993300,264.56674165021036,269.80077813072745,263.91248330865534,265.7760925292969,14329000,85.43890137207586,86.43902813362216,85.30359602075463,85.65200805664062,22974000,210.73333740234375,217.1666717529297,207.52333068847656,215.32666015625,99519000,128.30226005455808,128.5643681030155,126.96253744223242,127.13729095458984,88223700,13.202725578912077,13.22164927379216,12.952734859498376,12.9569673538208,179144000,213.13375024434208,213.5636258075844,210.9270430533982,211.13720703125,18699600
2020-12-24,28.79800033569336,29.15999984741211,27.520000457763672,27.75,26306800.0,91.80000305175781,92.51000213623047,91.30999755859375,91.80999755859375,16705900,266.5393930530124,268.04615049794745,263.8827298269738,265.072265625,6702000,85.69016438918781,86.35477287610888,85.45970970994662,85.9458999633789,9312000,214.3300018310547,222.02999877929688,213.6666717529297,220.58999633789062,68596800,127.48674690488681,129.56427923315684,127.27316756907929,128.11776733398438,54930100,12.984852485701106,13.079719802401335,12.88674905910573,12.941527366638184,97884000,211.519354763538,213.6114327473133,211.30919074657865,212.78988647460938,10550600
2020-12-28,28.389999389648438,28.59000015258789,25.399999618530273,25.6299991607666,55878700.0,92.93000030517578,93.13999938964844,90.81999969482422,91.5999984741211,30627300,266.40057862337534,274.8860604477784,263.3474036780008,274.58868408203125,23299700,86.47867821131298,88.56468110271734,86.32554086570106,87.91841125488281,27650000,224.836669921875,227.13333129882812,220.26666259765625,221.22999572753906,96835800,130.07879843395568,133.33100207588342,129.61279910731304,132.69998168945312,124486200,13.010003286110436,13.010003286110436,12.711956287643073,12.848155975341797,212564000,214.41382656244667,215.92317939460656,213.04777530052024,214.90103149414062,17933500
2020-12-29,25.75,26.18199920654297,24.34000015258789,24.65999984741211,47302400.0,91.66000366210938,92.45999908447266,89.43000030517578,90.62000274658203,31748200,274.5391694515331,278.0681773226546,273.87498847350855,274.3706359863281,16383000,88.5760763070987,88.63752786002674,86.98418918004275,87.11552429199219,19726000,220.3333282470703,223.3000030517578,218.3333282470703,221.99667358398438,68732400,134.02028815847115,134.7386778886634,130.41857748936,130.93310546875,121047300,12.873053464210267,13.019960686571482,12.790635724681074,12.891229629516602,170372000,216.19067866518566,217.02177246063968,213.58275309646694,214.12725830078125,17403200
2020-12-30,24.969999313354492,25.90999984741211,24.6299991607666,25.100000381469727,34586700.0,90.77999877929688,92.8499984741211,90.19000244140625,92.29000091552734,25845000,275.5304784538682,275.6593214021214,269.34477660879304,269.5033874511719,11803800,87.4743419671934,87.61112952417417,85.64060373303981,86.04947662353516,21026000,224.0,232.1999969482422,222.7866668701172,231.5933380126953,128538000,131.6224031061202,132.02043870547348,129.50602990016534,129.8166961669922,96452100,12.938040099740185,13.160642074392083,12.844916701690002,13.092915534973145,225396000,215.15893591040296,215.54105883290734,211.56706789785625,211.76766967773438,20272300
2020-12-31,24.6299991607666,24.719999313354492,23.520000457763672,23.549999237060547,39922500.0,92.0999984741211,92.30000305175781,90.87000274658203,91.70999908447266,24930700,269.63222922548516,274.6779169436286,267.4612908420822,270.7821350097656,12900400,86.10003914197051,87.10264635469892,86.04155201970197,86.86178588867188,21070000,233.3300018310547,239.57333374023438,230.3733367919922,235.22332763671875,148949700,130.1661668388547,130.80690479845464,127.8750553457784,128.81674194335938,99116600,13.083702589161886,13.098143976917555,12.863092439192675,13.002530097961426,192424000,211.78683303460437,213.02870733797383,209.85715187326116,212.47463989257812,20942100
2021-01-04,23.90999984741211,24.5,22.5,23.3700008392334,44970400.0,92.11000061035156,96.05999755859375,90.91999816894531,92.30000305175781,51802600,272.3880360628086,272.60612217062203,262.89144337221967,266.598876953125,15106100,87.22653987680384,87.34994209759138,84.60677228691033,85.54792785644531,37324000,239.82000732421875,248.163330078125,239.06333923339844,243.2566680908203,145914600,129.62254430627095,129.70991364361626,123.05986719141745,125.63251495361328,143301900,13.051582318788373,13.597629030369669,12.910401695595096,13.060794830322266,560640000,212.57969433100567,213.02867970996735,205.20488864757192,207.95611572265625,37130100
2021-01-05,23.18000030517578,24.670000076293945,22.889999389648438,24.600000381469727,29050400.0,92.0999984741211,93.20999908447266,91.41000366210938,92.7699966430664,34208000,265.9545427280597,270.0287506373371,265.87522218736854,268.6112060546875,9871600,85.49638156177933,86.57382555725187,85.09048067381308,86.23780822753906,20360000,241.22000122070312,246.94667053222656,239.73333740234375,245.0366668701172,96735600,125.12767890789046,127.89449286005866,124.68109986637585,127.185791015625,97664900,13.0470994890118,13.389467900488006,13.034401060131557,13.350873947143555,322760000,207.54537125941306,208.74904060125732,206.05512786141864,208.15675354003906,23823000
2021-01-06,24.1200008392334,24.459999084472656,23.25,23.540000915527344,32732900.0,91.62000274658203,92.27999877929688,89.45999908447266,90.33000183105469,51911700,259.71925890881255,265.4192044764678,257.74659177557726,261.0178527832031,24354100,84.26580751682431,86.43209989384242,84.05963548087263,85.3868637084961,46588000,252.8300018310547,258.0,249.6999969482422,251.9933319091797,134100000,123.99183545726343,127.2246340413711,122.6909464043688,122.90452575683594,155088000,13.169357986731624,13.191767596146791,12.53541670344203,12.563801765441895,580424000,202.6829748052678,206.8098162211592,202.46326316529786,202.7593994140625,35930700
2021-01-07,24.020000457763672,25.190000534057617,23.670000076293945,25.0,32240000.0,91.33000183105469,95.51000213623047,91.19999694824219,95.16000366210938,42897200,263.5852697343255,269.24555432407766,262.4750244472199,266.4005432128906,15789800,85.57914501224703,88.10970726571644,85.57914501224703,87.93724060058594,41936000,259.2099914550781,272.3299865722656,258.3999938964844,272.0133361816406,154496700,124.61314095323335,127.78769300515185,124.12773607491964,127.0984115600586,109578200,12.915384874927861,13.323986789462577,12.834711027508318,13.290371894836426,461480000,204.46934784854162,209.53236504897438,204.1541163901864,208.52931213378906,27694500
2021-01-08,25.700000762939453,26.440000534057617,24.700000762939453,25.200000762939453,41313800.0,95.9800033569336,96.4000015258789,93.2699966430664,94.58000183105469,39816400,265.9743016349195,266.6087448189351,260.88895454198536,265.2407531738281,18528300,88.07700063431957,89.17724509831527,87.28700106093784,89.1014175415039,35484000,285.3333435058594,294.8299865722656,279.46331787109375,293.3399963378906,225166500,128.56437812216362,128.7585519984453,126.42859880354752,128.1954803466797,105158200,13.308793649429084,13.36705786522473,12.989581430224522,13.223387718200684,292528000,208.90184914517474,210.71690054092753,207.3256337272198,209.79981994628906,22956200
2021-01-11,24.610000610351562,26.600000381469727,24.309999465942383,25.93000030517578,32609000.0,94.02999877929688,99.2300033569336,93.76000213623047,97.25,48600200,258.2125150894725,261.17647725911263,253.67236735436126,254.60418701171875,30412300,88.07006784890518,88.43483723105841,86.83700592150326,87.04267883300781,34796000,283.1333312988281,284.80999755859375,267.8733215332031,270.39666748046875,177904800,125.41892632912634,126.37031583011212,124.7490651654895,125.21504974365234,100384500,13.364819001093393,13.904890294581081,13.30879545335435,13.566754341125488,518344000,208.7012361864748,209.1215641625514,207.0390340746721,207.7650604248047,23031300
2021-01-12,26.34000015258789,26.420000076293945,25.510000228881836,26.18000030517578,26887200.0,97.86000061035156,98.97000122070312,94.06999969482422,95.36000061035156,67672300,254.39597133684478,257.4590684215521,248.12107388239278,248.90419006347656,26383500,86.50098592912035,87.61807946434553,85.06472389273637,86.10797119140625,29528000,277.0,289.3333435058594,275.7799987792969,283.14666748046875,138812100,124.74905257493837,125.90431854480057,123.1569251813032,125.04029846191406,91951100,13.697226140854115,13.699218908007824,13.291364630760276,13.43055248260498,291476000,206.81935511398407,207.392532367534,203.78155356907752,205.31954956054688,23249300
2021-01-13,25.709999084472656,27.43000030517578,25.1299991607666,25.5,51216600.0,93.01000213623047,93.88999938964844,90.83999633789062,91.77999877929688,60712900,249.3602042145452,251.73930562929598,247.03065543788503,249.4494171142578,19528900,85.6069030910112,87.04763429733303,85.6069030910112,86.59465026855469,23432000,284.2533264160156,286.8233337402344,277.3333435058594,284.8033447265625,99937500,125.00146061142823,127.61294126201366,124.73935263924878,127.06929016113281,88636800,13.435783333016113,13.570240994686895,13.331205784944276,13.477365493774414,210028000,204.45024867204106,207.06772214925758,204.36426188128715,206.66650390625,20087100
2021-01-14,25.450000762939453,25.6200008392334,24.3700008392334,24.920000076293945,32908000.0,91.7699966430664,92.36000061035156,90.44999694824219,90.79000091552734,53408200,251.19408995860863,252.80990528231948,242.48061554094787,243.50164794921875,29739400,86.6749271380058,87.60072359261585,85.54494757680975,85.78531646728516,29212000,281.1300048828125,287.6666564941406,279.5833435058594,281.6666564941406,93798900,126.98194013638121,127.17609915715049,125.00147960973679,125.14710998535156,90221800,13.520440755047291,13.545091039577693,13.12752650374872,13.147196769714355,283120000,206.2557551649048,207.73645103135723,203.22750100753655,203.49497985839844,29480800
2021-01-15,26.260000228881836,28.0,25.459999084472656,25.639999389648438,92285500.0,90.75,91.58999633789062,87.86000061035156,88.20999908447266,49340300,245.74200319995333,251.65012754449234,245.00845464399956,249.17189025878906,24942900,85.69114958073497,86.6129758011432,84.83326292154278,85.62176513671875,31444000,284.0,286.6333312988281,273.0333251953125,275.38665771484375,116332800,125.02089191255358,126.41886047356746,123.29285155612885,123.42876434326172,111598500,13.174834248372443,13.271693369926739,12.79686008165752,12.807815551757812,277780000,203.9726032075833,204.9183267052181,202.5492222917303,203.14149475097656,31746500
2021-01-19,26.809999465942383,27.540000915527344,26.0,26.6200008392334,48675800.0,89.55999755859375,89.58000183105469,87.23999786376953,89.44999694824219,45115100,254.6636970490017,259.9175790632424,250.52009092310539,258.8271484375,28028500,86.38400845133536,89.39927102495157,85.8799786898442,88.43928527832031,41660000,279.26666259765625,283.3333435058594,277.6666564941406,281.51666259765625,76101000,124.05008172781939,124.9529425933155,123.23460500719132,124.09862518310547,90757300,12.963937693664844,13.041375423637568,12.79238016702357,12.972902297973633,226188000,204.19233338916848,207.27790234562812,203.12241799097905,206.76205444335938,30480900
2021-01-20,27.290000915527344,27.299999237060547,25.700000762939453,26.34000015258789,37459000.0,90.55000305175781,90.77999877929688,88.5999984741211,88.75,35185800,266.58890963596116,267.9668239616114,261.3053215373007,265.15155029296875,25199900,90.51587074805265,94.15113930596509,90.17589074243995,93.17727661132812,64152000,286.2466735839844,286.5,279.09332275390625,283.48333740234375,76997700,124.9044008833116,128.62260444676102,124.79761120554318,128.176025390625,104319500,13.059051005987701,13.376520268382707,13.00427270745559,13.312030792236328,258572000,207.9656807925922,215.69393811736836,207.5740101820579,214.30877685546875,37777300
2021-01-21,26.420000076293945,26.68000030517578,25.299999237060547,25.979999542236328,29891400.0,89.33999633789062,92.06999969482422,88.43000030517578,91.52999877929688,54221900,266.91612914015525,271.21834625735937,265.16151744644344,270.49468994140625,20838700,93.85030958575864,95.75491452808738,93.14456200327876,93.37947845458984,58634000,285.0,285.239990234375,280.47332763671875,281.663330078125,61563300,129.89436203777117,135.59301116722563,129.69048544958548,132.87474060058594,120150900,13.36456988189232,13.942986262976488,13.199735351672873,13.811765670776367,337780000,214.65263708512342,216.1810996313469,212.47458743147936,214.9105682373047,30709400
2021-01-22,25.850000381469727,32.650001525878906,25.81999969482422,32.58000183105469,156844700.0,94.41999816894531,95.94999694824219,91.87999725341797,92.79000091552734,71294700,269.6421285577539,276.045884978016,269.6322059283925,272.1104431152344,21954000,93.74177064385457,94.38258801925332,93.00034392716495,93.7962875366211,32744000,278.10333251953125,282.6666564941406,276.2066650390625,282.21331787109375,60199500,132.30197582810843,135.7677743821565,131.07876065141238,135.0105438232422,114459400,13.684778315815404,13.786119751969078,13.572481408125672,13.657388687133789,246820000,216.92627926708488,219.7825887676581,215.70351473291043,215.8468017578125,30172700
2021-01-25,34.459999084472656,39.58000183105469,29.559999465942383,36.22999954223633,191345300.0,94.13999938964844,95.73999786376953,91.4000015258789,94.12999725341797,55086900,275.7187474305936,277.6616767485915,269.14645813213235,275.5898742675781,19087000,94.79643779437319,95.24644990205552,92.14098294845951,93.88154602050781,50586000,285.0,300.1333312988281,279.6066589355469,293.6000061035156,123520200,138.89375351472623,140.85477848015867,132.55435242559187,138.7481231689453,157611700,13.726359807474722,13.7729219839982,13.183301270177894,13.598376274108887,251112000,218.87503776935245,219.50552978031035,214.19414403672963,219.26670837402344,33152100
2021-01-26,35.13999938964844,36.869998931884766,34.31999969482422,35.369998931884766,65870000.0,94.91000366210938,95.72000122070312,93.62999725341797,94.70999908447266,59449100,275.71875986267514,282.905647414727,275.39161562612856,279.5946960449219,19373600,93.47067208076419,94.94559256063314,92.98200896097454,94.55902099609375,31462000,297.1266784667969,298.6333312988281,290.5333251953125,294.36334228515625,69394800,139.40829883611298,140.08786276088446,137.2433822290361,138.98114013671875,98390600,13.525920771704282,13.589912548799784,13.33369658192378,13.381255149841309,163980000,221.4925581033352,223.70881349882717,219.79215060739182,221.94154357910156,49169600
2021-01-27,32.970001220703125,45.0,32.25,39.0,170758800.0,91.0999984741211,91.87999725341797,86.22000122070312,88.83999633789062,73341200,280.0705655787169,280.9825702584283,265.78600148614066,269.7710266113281,35346200,92.92154742901175,93.19710390065373,89.07416260309691,90.14764404296875,82512000,290.1166687011719,297.1666564941406,286.2200012207031,288.0533447265625,82002000,139.2432124060488,140.08782682258447,136.31137810940206,137.9132080078125,140843800,13.176827521248605,13.179566863996952,12.742331097480742,12.865833282470703,371272000,227.3580012073378,229.6889006948132,219.8494548701194,222.4860382080078,69870600
2021-01-28,39.540000915527344,42.0,33.099998474121094,35.65999984741211,85250700.0,89.83000183105469,89.87999725341797,87.30000305175781,87.5199966430664,47048400,274.7670464067175,284.29340381366814,262.39570841976916,262.6930847167969,37758800,90.74533664502225,93.56978632762217,90.74533664502225,91.8455810546875,55278000,273.3333435058594,282.6666564941406,267.0,278.4766540527344,79134000,135.4473779641581,137.84527918740616,132.7096874093382,133.0883026123047,142621100,12.944018103883906,13.286137711006822,12.908411395926858,12.998547554016113,228316000,225.07488816372236,231.79054617884242,224.5781354657655,228.24642944335938,49111200
2021-01-29,36.61000061035156,38.0099983215332,34.65999984741211,35.18000030517578,42030900.0,87.55999755859375,88.33000183105469,85.0199966430664,85.63999938964844,56735800,262.9904715012187,264.2395125023681,252.63146004949928,256.0811462402344,30389500,90.89501477242058,91.56507572986428,89.28628617453063,90.56494140625,44530000,276.6666564941406,280.8033447265625,260.0333251953125,264.510009765625,104972400,131.86509178375854,132.7485322226158,126.40914566020653,128.10806274414062,177523800,13.022450189012595,13.281156594741395,12.85960747764064,12.937542915344238,271552000,225.43784282406364,227.37707132988027,221.0053184426969,221.58804321289062,42503100
2021-02-01,35.33000183105469,35.619998931884766,32.58000183105469,33.959999084472656,43460900.0,86.83000183105469,87.94999694824219,84.66000366210938,87.66000366210938,42359300,257.2608119063281,261.87035686158373,252.69095746495492,259.7291564941406,22914300,91.41886545698281,94.9351859580172,91.41886545698281,93.82156372070312,40252000,271.42999267578125,280.6666564941406,265.1866760253906,279.9366760253906,76174200,129.84582625364877,131.42825115687322,127.1081351803439,130.2244415283203,106239800,13.000787159383922,13.21741272526366,12.850891747211746,13.183798789978027,217204000,224.54943142500284,231.65675864090633,222.0370256255715,228.93418884277344,33314200
2021-02-02,34.099998474121094,34.20000076293945,30.5,31.020000457763672,69647900.0,88.48999786376953,89.27999877929688,86.94999694824219,88.86000061035156,33850000,261.70183017494816,266.5096160599849,260.97817407203195,264.7550048828125,17320800,94.81575036485842,96.61182068763402,94.48071611878922,95.11261749267578,66332000,281.55999755859375,293.5,280.73333740234375,290.92999267578125,73038600,131.7680420457218,132.3311136442388,130.68073954562587,131.04965209960938,83305400,13.3448990521838,13.517451986494493,13.232103488617547,13.502264022827148,220440000,230.51038417352342,231.47521723958002,228.01708854245695,228.8004150390625,25916300
2021-02-03,32.38999938964844,32.95000076293945,31.3799991607666,31.760000228881836,35312000.0,88.5999984741211,89.4800033569336,87.33999633789062,87.88999938964844,32312900,263.30773338307216,266.8565858893887,261.5432297590339,264.3287658691406,14223400,102.37272899522037,104.40520530845473,99.79260337887582,102.0391845703125,97882000,292.3399963378906,292.6933288574219,284.35333251953125,284.89666748046875,55030500,131.7971241921303,131.80684177003687,129.70988918879502,130.03025817871094,89880900,13.581195250724157,13.875757217775313,13.4621763232891,13.476119995117188,245408000,228.85776177893771,234.13092741775498,228.56161101991137,232.13438415527344,27158100
2021-02-04,32.58000183105469,33.18000030517578,31.049999237060547,32.04999923706055,31565000.0,88.22000122070312,88.5999984741211,87.05999755859375,87.83999633789062,30791600,264.6856587205512,265.82564179565304,261.70185141583977,264.170166015625,16060000,102.1254300837505,102.55561366138531,100.86064423524446,101.77900695800781,48596000,285.0,285.5,277.8066711425781,283.3299865722656,47438100,132.3213529395916,133.3892346236449,130.66126198692473,133.37953186035156,84183100,13.476617397100561,13.618544596229361,13.284144388776067,13.609332084655762,201340000,231.80960404543467,232.36367143508832,229.6219918883106,231.18865966796875,25296100
2021-02-05,32.61000061035156,35.20000076293945,31.75,34.04999923706055,62375300.0,88.1500015258789,88.36000061035156,86.87999725341797,87.9000015258789,30268700,264.4774120290199,266.8268058633691,263.3572744373787,265.76611328125,12454400,102.07289124062606,103.87590372687838,101.59909567696245,103.52352905273438,29866000,281.6666564941406,288.25665283203125,279.65667724609375,284.07666015625,55699800,133.54001472396752,133.60806525933478,132.09134092233725,132.96636962890625,75693800,13.66984110418182,13.682041819578815,13.491310776070629,13.536378860473633,169152000,231.39883562562832,232.40188845915685,229.66977095597062,231.37017822265625,18054800
2021-02-08,37.220001220703125,39.220001220703125,35.88999938964844,36.04999923706055,72376000.0,88.30999755859375,91.98999786376953,87.9800033569336,91.47000122070312,47639900,266.4105228067336,267.51084570093855,262.6931666745466,264.2593994140625,13755200,104.07712806646019,104.82053612407776,102.26073770644324,103.30992889404297,28828000,289.8900146484375,292.5899963378906,284.9166564941406,287.8066711425781,60485100,132.2566493112225,133.16085966454818,131.17743911658968,133.11224365234375,71297200,13.67207952886359,14.415579319657386,13.67207952886359,14.380720138549805,434624000,232.27770003844776,232.78400026698355,230.04233511511973,231.62811279296875,22211900
2021-02-09,36.900001525878906,38.255001068115234,36.130001068115234,38.16999816894531,44243200.0,91.38999938964844,93.30000305175781,90.55000305175781,90.91000366210938,37596400,264.1205935539394,271.010104635264,263.43659770981697,267.1044006347656,14613400,102.82820120258684,104.00328263700314,102.5903127397753,102.8574447631836,21892000,285.0400085449219,286.6000061035156,280.5833435058594,283.1533203125,45473100,132.83023162868662,134.05528941674183,132.0816016865625,132.23715209960938,76774200,14.283111941148748,14.524637598261522,14.165337313462569,14.205924034118652,287560000,231.05488301344593,233.81565733173463,230.58680248023884,232.86993408203125,23565000
2021-02-10,38.150001525878906,38.2400016784668,35.0,35.70000076293945,45177200.0,91.5,93.2699966430664,90.45999908447266,92.3499984741211,42441300,270.0783555362858,271.41657968724337,265.3895189364719,269.5033874511719,14687200,103.24151909943075,104.02160437452264,101.71010055320123,103.40705108642578,25102000,281.21331787109375,281.6066589355469,266.67333984375,268.2733459472656,108648300,132.6941140635208,133.18997643259982,130.6718103643523,131.6343536376953,73046600,14.405118526839988,14.845092591051662,14.283857993918451,14.70490837097168,485352000,234.04497905294213,234.92384008224641,230.11875453556536,231.96246337890625,22186700
2021-02-11,35.790000915527344,35.97999954223633,32.61000061035156,33.11000061035156,52094900.0,92.9000015258789,93.6500015258789,91.33000183105469,92.66000366210938,35571000,269.5231973013296,271.1984579277582,266.1527702844874,268.0362548828125,12828600,103.6310759901082,103.77975153703218,102.5338035673193,103.51956176757812,20480000,270.8133239746094,276.6266784667969,267.24334716796875,270.5533447265625,64868400,132.13023719239163,132.60665032664576,130.05933177017417,131.38160705566406,64280000,14.920044844642259,15.21087111646074,14.865016726806148,15.189456939697266,450828000,233.83482672549016,234.1882777613112,231.32242073183644,233.55780029296875,15751100
2021-02-12,33.36000061035156,33.650001525878906,31.34000015258789,31.90999984741211,60925600.0,92.75,94.22000122070312,91.9000015258789,93.7699966430664,38538400,268.1650786786831,268.8193369263752,266.0040631117695,268.145263671875,9097600,103.07450872538962,104.05233401562371,102.76722828875226,103.83080291748047,18990000,267.086669921875,272.4433288574219,261.77667236328125,272.0400085449219,71304900,130.62320365664934,131.77046392162595,129.98150816834826,131.61489868164062,60145100,14.989511461890103,15.22979187160144,14.715616167747536,14.901118278503418,374756000,233.0228007069779,234.331551842112,231.87646094509842,234.03541564941406,16561100
2021-02-16,30.020000457763672,30.440000534057617,27.299999237060547,27.84000015258789,180294300.0,93.9000015258789,94.0,90.75,91.45999908447266,35105900,268.4426043262391,274.19213198727215,267.6991332689265,271.58502197265625,15417200,103.66825520694219,106.3142945266649,103.66825520694219,104.60742950439453,31004000,272.6666564941406,273.6666564941406,264.14666748046875,265.40667724609375,59406900,131.7315941955358,132.23715902657875,129.1064787039169,129.49539184570312,80576300,15.003704102440429,15.31071561660101,14.889913111064672,15.268634796142578,321960000,234.0736321982964,235.12445220145085,232.05797897515586,232.8031005859375,26728500
2021-02-17,27.989999771118164,29.729999542236328,27.0,27.079999923706055,151007000.0,90.55999755859375,90.95999908447266,88.56999969482422,89.94000244140625,32245500,268.87877341356204,271.5850189224753,267.23322052829496,271.1885070800781,12763200,103.77876516091223,105.18926208138022,103.49974516060348,104.99993896484375,20294000,259.6966552734375,266.61334228515625,254.00332641601562,266.04998779296875,77989500,127.60917872924279,128.5522725131688,125.87855638741323,127.2105484008789,97918500,15.11002462754426,15.162314342745137,14.72059633006822,14.846090316772461,274756000,231.06048965921218,233.92336296711304,230.69664036520157,233.8180389404297,21653500
2021-02-18,24.989999771118164,26.309999465942383,24.5,25.170000076293945,313175100.0,89.08999633789062,89.5999984741211,87.30999755859375,88.63999938964844,35624900,267.22337821729826,269.5826649616648,263.7141857382018,267.0449523925781,15249100,104.32492564110814,105.16696166739435,103.74655051019732,104.36506652832031,22546000,260.29998779296875,264.89666748046875,258.75665283203125,262.4599914550781,53871300,125.6160684389903,126.39387989777283,123.87572846648807,126.11193084716797,96856700,14.669804025488334,14.813474199049633,14.516422672580028,14.769402503967285,233868000,231.5200733907211,233.5595082453593,230.6200343854476,233.4254608154297,16925600
2021-02-19,27.020000457763672,29.959999084472656,26.899999618530273,29.0,320063700.0,89.75,90.41999816894531,88.69000244140625,89.58000183105469,29548300,267.5108162885324,267.9172508111953,257.8853516724328,259.2830810546875,25622600,104.46320124720552,104.99795680679689,103.2559043418766,103.52253723144531,37938000,265.0,265.5966796875,259.1233215332031,260.4333190917969,56874900,126.62720249840024,127.08416608284661,125.2271451192894,126.2674560546875,87668800,14.964114181705161,15.116001413378493,14.787078950270823,14.866508483886719,271724000,233.3871355719054,233.492459581592,229.96890466577148,230.72532653808594,25262600
2021-02-22,29.959999084472656,30.190000534057617,27.535999298095703,28.0,183049500.0,88.1500015258789,88.30000305175781,85.20999908447266,85.37000274658203,36930200,255.7045253451955,260.779950269616,255.2881681864634,258.06378173828125,17434900,101.77751932937039,103.10227454350802,101.49998153147995,101.81022644042969,29466000,254.2133331298828,256.1666564941406,236.73333740234375,238.1666717529297,111809100,124.45906002205308,126.1216319880877,122.11591609767342,122.50482177734375,103916400,14.715370418206222,15.072430094686014,14.267428005030796,14.298054695129395,325884000,227.32629596320396,227.8146085025634,222.51971275294736,224.54000854492188,36446900
2021-02-23,25.959999084472656,27.459999084472656,23.899999618530273,26.75,145289400.0,83.4000015258789,85.11000061035156,79.36000061035156,84.73999786376953,49720900,257.2410330934261,265.1317322276039,252.74056078837012,263.545654296875,21924600,99.81442376891242,102.71420966814658,98.6368619382917,102.10064697265625,34658000,220.7100067138672,237.8699951171875,206.3333282470703,232.94667053222656,199820700,120.32697521018065,123.19514104352085,115.10593306236852,122.36872100830078,158273000,14.01868370971973,14.181527414537152,13.335689611216319,14.085165977478027,391780000,220.53771150889756,224.84639771521285,219.0057283470669,223.35272216796875,30228700
2021-02-24,26.709999084472656,27.229999542236328,25.75,26.389999389648438,90095700.0,84.33000183105469,87.08999633789062,82.80999755859375,86.94000244140625,40821200,260.04638046071045,264.0611429978449,256.14070634660726,262.0091552734375,15736100,100.60986513415875,103.49825450138255,100.48547224750138,103.27473449707031,22608000,237.28334045410156,248.3333282470703,231.38999938964844,247.33999633789062,110301000,121.47422557501572,122.07702231944482,118.83940058972168,121.87284851074219,111039900,14.065988231567488,14.448444686911866,13.700711556102595,14.440725326538086,448320000,220.23128425603434,225.20063745920083,219.26422894259488,224.57827758789062,26339700
2021-02-25,25.81999969482422,26.440000534057617,23.149999618530273,23.959999084472656,161776400.0,86.16999816894531,87.08999633789062,81.91999816894531,82.41999816894531,54625100,260.0166243406885,264.6162469176073,251.828534410485,252.47288513183594,19053100,101.89299077097074,103.23459480191558,99.44271782605095,99.91156005859375,41548000,242.0500030517578,245.73666381835938,223.52667236328125,227.4066619873047,117071700,121.22146392346573,122.9520867762104,117.19630523380374,117.63381958007812,148199500,13.989048748231403,14.316975775495292,13.163132248759155,13.25401496887207,824436000,222.2132657486443,224.6165494093416,218.19182904302656,219.254638671875,39542200
2021-02-26,24.200000762939453,24.5,22.700000762939453,23.899999618530273,119588600.0,83.56999969482422,85.58999633789062,82.91000366210938,84.51000213623047,48962900,254.2373821267223,263.23832572593903,254.2373821267223,255.3773651123047,26619500,100.60540682700322,101.92222910849493,99.17112631812763,100.20693969726562,40042000,233.3333282470703,235.56666564941406,219.836669921875,225.1666717529297,123267600,119.18940971098537,121.38672049171518,117.83796822554648,117.89630889892578,164560400,13.697230213674716,13.798820525543292,13.307304075978003,13.659383773803711,500932000,221.68668056272455,225.36342243638325,219.78127860873562,222.50054931640625,37819200
2021-03-01,25.190000534057617,25.899999618530273,24.6200008392334,24.809999465942383,85059900.0,85.37000274658203,86.5,83.97000122070312,86.38999938964844,32746200,258.549550247898,264.3287863643085,255.6549557487879,262.60394287109375,22157300,101.49996692019756,102.89905971367365,100.82693407602981,102.57344818115234,26060000,230.0366668701172,239.6666717529297,228.35000610351562,239.47666931152344,81408600,120.31723727022785,124.38128647028813,119.38386807729292,124.24517059326172,116307900,13.819234727310848,13.869033961341506,13.498778190317397,13.786118507385254,353184000,225.87090575494236,227.37416554950934,223.2378196722922,226.86669921875,25324000
2021-03-02,25.0,25.59000015258789,24.260000228881836,24.479999542236328,73997000.0,86.91999816894531,86.94999694824219,84.04000091552734,84.12999725341797,34828200,263.46633907482317,264.3882360075489,256.3984020867575,256.745361328125,15191700,102.33455860700954,103.8164211337076,101.92965598543974,102.31671905517578,25564000,239.42666625976562,240.3699951171875,228.3333282470703,228.81333923339844,71196600,124.84799223826454,125.14939066272868,121.5423045814837,121.64925384521484,102260900,13.844134511457842,13.864552302839884,13.34216041278066,13.35236930847168,264116000,226.9337206213468,227.2113997050835,223.5250732642781,223.92721557617188,22812500
2021-03-03,24.989999771118164,25.167999267578125,23.43000030517578,23.59000015258789,79046200.0,84.27999877929688,84.37999725341797,80.8499984741211,80.86000061035156,43541000,258.02415412891276,258.71804239737355,252.87933125477727,253.18663024902344,15513500,101.69575393391699,102.88718520454555,98.82371397897086,99.68656921386719,33892000,229.3300018310547,233.56666564941406,217.23666381835938,217.73333740234375,90624000,121.34782670099902,122.22286260620939,118.46021192268415,118.67411041259766,112966300,13.372288481570262,13.397436481579216,12.747309959818812,12.753286361694336,377592000,222.28989251072855,223.64952050590935,217.59820362700248,217.8854522705078,34029500
2021-03-04,24.850000381469727,25.559999465942383,23.049999237060547,24.729999542236328,161611200.0,80.2300033569336,81.80999755859375,76.77999877929688,77.75,60549400,254.2373733351063,264.1701361360483,251.29322662960587,255.39720153808594,31626500,99.85803897102821,102.81779430199187,99.3901873806204,100.80266571044922,49216000,218.60000610351562,222.81666564941406,200.0,207.14666748046875,197758500,118.37272563793533,120.17140622773192,115.32955269233915,116.79766082763672,178155000,12.74930064406693,12.922850893850201,12.035182423098172,12.320530891418457,573344000,217.100358745604,222.60590268379033,214.72578318866238,217.0907745361328,44727800
2021-03-05,24.360000610351562,24.68000030517578,20.18000030517578,23.950000762939453,173468600.0,79.0,79.4800033569336,74.19999694824219,78.5199966430664,58548900,258.4008407623917,263.13922891518143,253.38487613689907,261.9794006347656,26820100,102.15168816314645,104.38438487608283,100.49785050979133,103.93190002441406,53100000,208.68666076660156,209.27999877929688,179.8300018310547,199.31666564941406,268189500,117.62407506080334,118.55744422295456,114.30866329373481,118.05186462402344,153766600,12.499562306411242,12.499562306411242,11.63231138583102,12.411417961120605,542840000,219.76213575150246,223.3527073519188,216.83223166317447,221.7537078857422,41872800
2021-03-08,23.770000457763672,24.579999923706055,22.399999618530273,22.520000457763672,94432800.0,78.02999877929688,79.0,73.86000061035156,73.95999908447266,54563900,263.2383279364887,263.26806557107824,252.8297474292664,253.0874786376953,18391800,103.28713246318019,104.75808274317625,99.37828873496463,99.4927749633789,36868000,200.18333435058594,206.7100067138672,186.26333618164062,187.6666717529297,155361000,117.57546286579684,117.6435208042625,112.98639210708664,113.13223266601562,154376600,12.399964886052512,12.421129257115858,11.520015458380275,11.546658515930176,543112000,221.53347600830642,223.44844753169778,217.47374572916362,217.72268676757812,35267400
2021-03-09,23.3799991607666,24.739999771118164,23.100000381469727,24.260000228881836,99586500.0,76.7300033569336,79.22000122070312,75.7699966430664,78.52999877929688,45088300,258.90642445200484,266.19244885404976,257.54835512336365,263.4267272949219,22039700,101.58671660958481,102.28898556679057,100.88543075632072,101.121337890625,33920000,202.72666931152344,226.02999877929688,198.40333557128906,224.52667236328125,202569900,115.72817134912674,118.67411961018901,115.4948308955723,117.73102569580078,129525800,12.085666683941009,12.570378398131114,12.014927537191268,12.474233627319336,521824000,222.9792721410801,225.37298636585098,221.82070802785924,223.84100341796875,33080500
2021-03-10,25.030000686645508,26.239999771118164,24.270000457763672,24.75,103212800.0,79.75,80.04000091552734,77.41000366210938,77.5199966430664,45416600,266.3014573722322,266.62857135494477,260.58166684791667,262.593994140625,14210300,102.16408434665642,102.16408434665642,100.07907232110979,100.91466522216797,27100000,233.43333435058594,239.28334045410156,218.35333251953125,222.68666076660156,181817100,118.31438961434448,118.78107052799325,116.13652062478559,116.65182495117188,111943300,12.793305748971898,12.932292694520745,12.411714009519088,12.42242431640625,384376000,226.92413561375264,226.92413561375264,222.17499959610404,222.53884887695312,29746800
2021-03-11,25.950000762939453,26.84000015258789,25.579999923706055,26.729999542236328,84788700.0,79.4000015258789,81.88999938964844,79.37000274658203,81.2300033569336,43583700,265.77602885197024,275.4808132153141,265.4885751472502,271.4958190917969,21834000,102.00649022859612,104.63567305247624,101.9187671112629,104.10388946533203,27702000,233.13333129882812,234.1666717529297,225.72666931152344,233.1999969482422,108761700,119.14080957092585,119.79222236399583,117.89631724453561,118.57689666748047,103026500,12.902404444000641,12.99830122675379,12.687696596615787,12.945744514465332,299916000,224.97087205019426,229.001879123352,224.34849750846828,227.04861450195312,29907600
2021-03-12,25.739999771118164,26.920000076293945,25.18000030517578,26.920000076293945,58721900.0,79.7300033569336,81.19000244140625,79.2300033569336,81.05000305175781,32938000,266.79711637424987,267.3918690959222,261.72166121793634,266.06353759765625,20600200,102.90800288778321,102.96747311515301,100.72783372970525,101.59910583496094,33818000,223.3333282470703,231.6266632080078,222.04666137695312,231.2433319091797,100751400,117.06016228897577,117.80879958845243,115.85456138090896,117.67268371582031,88105100,12.601763379126412,12.841379915385886,12.543727990467413,12.80875015258789,243964000,224.0612490943871,225.79431068260828,223.31441133153996,225.72727966308594,22653700
2021-03-15,27.350000381469727,27.469999313354492,26.309999465942383,26.790000915527344,56101500.0,81.91000366210938,83.38999938964844,81.19999694824219,82.5,39086800,266.73758347140597,273.5576963311189,266.1626458154966,271.366943359375,16844800,101.3502877785434,101.84638460397244,100.49834521721762,101.81912994384766,26168000,231.3633270263672,237.72666931152344,228.01333618164062,235.97999572753906,88006800,118.04215631738552,120.56030756816384,117.07961303714333,120.55058288574219,92403800,12.817467955931283,13.158211007285875,12.720326450748013,13.142767906188965,221988000,224.97085635878273,225.19107398861252,221.9547675055726,224.8272247314453,26034900
2021-03-16,26.75,27.100000381469727,25.229999542236328,25.610000610351562,73615100.0,83.66000366210938,84.75,82.26000213623047,82.75,42971600,273.6766905634166,279.6839656622003,272.40783426494863,276.8488464355469,22437700,102.39157914363233,104.75511989536767,102.05952443443275,103.27871704101562,31900000,234.4499969482422,235.97332763671875,223.6666717529297,225.6266632080078,96587100,122.21314504308985,123.69098519524891,121.26033388239702,122.08675384521484,115227900,13.30740788086485,13.462834639963356,13.06853917278474,13.242398262023926,272128000,226.23473065851354,229.8540256057872,225.9091890116329,227.60394287109375,28092200
2021-03-17,24.520000457763672,25.729999542236328,24.299999237060547,25.209999084472656,77081700.0,81.75,83.25,80.41000366210938,82.62999725341797,43320600,273.3098933243491,283.7383344580266,273.0125169715293,281.53765869140625,21315000,102.51447316939472,104.02755311828832,101.30767543125644,103.19593048095703,26382000,218.9566650390625,234.57666015625,217.00332641601562,233.93666076660156,121117500,120.60891318675553,122.36870224795845,118.9463412703685,121.2992172241211,111932600,12.99182597197509,13.40380609566732,12.941760599252106,13.292218208312988,243864000,226.11028626548793,228.4082611592605,223.31442922996186,226.9624481201172,29562100
2021-03-18,24.729999542236328,25.18000030517578,23.780000686645508,23.979999542236328,57141400.0,81.05999755859375,81.62000274658203,78.01000213623047,78.12000274658203,51036500,277.4336680480965,282.7073635915674,275.85751296216336,276.1945495605469,18728300,101.50889575281752,102.52835937144968,100.07164322644284,100.17869567871094,31700000,228.09666442871094,229.7433319091797,217.3333282470703,217.72000122070312,99674400,119.47137236768086,119.7630534964986,116.98238776140393,117.18656158447266,121229700,13.088221126930026,13.135546212993678,12.670262522567052,12.675742149353027,293896000,222.67290324082728,224.23360982563509,220.53771392160374,220.9111328125,34833000
2021-03-19,24.010000228881836,24.56999969482422,23.389999389648438,24.31999969482422,57915900.0,78.48999786376953,79.33999633789062,77.58999633789062,79.05999755859375,42283400,278.77190864559003,290.2510884508248,278.75209364143296,287.5845031738281,38930500,100.59450102043229,100.95678233428838,99.26627484580405,100.45721435546875,46072000,215.53334045410156,219.07666015625,208.2066650390625,218.2899932861328,128682000,116.57402966087285,118.06158696536845,116.36013117462356,116.66152954101562,185549500,12.70314025989356,12.874010155684777,12.566145800065824,12.798538208007812,299208000,221.19836796447422,222.58671941704526,219.5993684724705,220.55685424804688,46430700
2021-03-22,24.889999389648438,24.920000076293945,23.860000610351562,24.219999313354492,46208100.0,79.98999786376953,81.2699966430664,79.22000122070312,80.30000305175781,39648600,287.9216131112557,297.1009832280453,284.25380991481296,290.9847106933594,28273100,100.49041948144857,101.5168176525973,99.81490617854908,100.64207458496094,33536000,228.19667053222656,233.2066650390625,222.9166717529297,223.3333282470703,118536600,116.99210932461362,120.4339124312078,116.92405138540522,119.96722412109375,111912300,12.865288821969276,13.345267663454255,12.859310358360132,13.13778305053711,297804000,220.48024224534427,226.8283626746955,220.35576442572489,225.95706176757812,30127000
2021-03-23,24.0,24.104999542236328,23.100000381469727,23.260000228881836,50169700.0,80.12999725341797,80.33999633789062,77.94999694824219,78.37999725341797,40466600,290.5980272706162,295.405812483908,287.2871066938113,288.0999755859375,23000900,101.10102454547118,102.29840741354518,100.50878000501446,101.16941833496094,28510000,225.2566680908203,225.93333435058594,219.1699981689453,220.72000122070312,91475700,119.9089025049303,120.7936558005327,118.75191000830584,119.14081573486328,95467100,13.20553571417136,13.295454030041492,12.973392265762131,13.022710800170898,222048000,227.39332196658782,230.80196928781112,226.991179658923,227.4794921875,31638400
2021-03-24,23.299999237060547,23.485000610351562,21.75,21.8799991607666,69271900.0,77.55000305175781,78.80000305175781,76.4000015258789,76.4800033569336,43753600,288.46681832793877,289.1805518720229,278.71248006006977,279.6839599609375,18675000,101.6863199422794,102.47135862894248,100.55832169065704,100.7332763671875,25218000,222.6366729736328,222.67333984375,210.0366668701172,210.08999633789062,101385600,119.41303294328375,119.49081556265351,116.73931659895885,116.75875854492188,88530500,13.102914093626651,13.110885063082709,12.590305409184253,12.596531867980957,245840000,227.73805222333462,227.88166928011063,225.3156137985329,225.4496612548828,25620100
2021-03-25,21.200000762939453,22.799999237060547,21.049999237060547,22.579999923706055,74592600.0,75.8499984741211,76.94999694824219,74.95999908447266,76.22000122070312,44735100,278.53402803720337,285.55238201726075,275.33213489374356,276.3135070800781,24505600,100.5608094927387,101.38301712802823,98.9272915511988,100.72981262207031,35616000,204.3333282470703,215.1666717529297,203.1666717529297,213.4633331298828,117674700,116.22401924724316,118.28521414548541,115.6989976953015,117.24488830566406,98844700,12.453560612717908,12.668019515314883,12.226896785999031,12.489178657531738,295144000,225.29641418401795,226.86669032919292,221.72499620085964,222.46224975585938,34061900
2021-03-26,22.6299991607666,23.049999237060547,21.760000228881836,22.579999923706055,57916400.0,76.62000274658203,77.5,75.02999877929688,77.41000366210938,49148700,275.87736123084443,282.0234017709081,275.3519761388524,280.5562744140625,17629200,100.69660445230305,101.07326181314708,99.31187989492297,100.34671020507812,27978000,213.9566650390625,214.60667419433594,199.9633331298828,206.23666381835938,101558400,117.0115497729694,118.11020888610055,115.62121696029041,117.84769439697266,94071200,12.508359288718777,12.809000478579916,12.328024743744802,12.792062759399414,363968000,221.70581112778194,226.64644072075401,221.70581112778194,226.42620849609375,25479900
2021-03-29,22.479999542236328,22.5,21.389999389648438,21.729999542236328,57647400.0,77.02999877929688,78.0199966430664,76.26000213623047,77.13999938964844,37144300,283.28236368680797,290.62786332998365,282.2217010191801,288.2884216308594,21718800,100.21932323435836,101.5599364809552,99.39116417499822,101.39043426513672,26492000,205.2133331298828,205.4933319091797,198.67333984375,203.76333618164062,85911000,118.27547960128655,119.17968207349621,117.38100181008681,118.02268981933594,80819200,12.773130700711981,13.0144907889492,12.653322911949298,12.900660514831543,273520000,226.53153428421984,226.73261270612565,222.02178489794144,225.2389373779297,25227500
2021-03-30,21.360000610351562,22.09000015258789,20.860000610351562,22.040000915527344,52039700.0,76.47000122070312,76.55999755859375,74.8499984741211,76.0,39169300,287.30697620636784,289.92400915990584,284.20424870355055,285.492919921875,17474500,101.74678812299072,102.22702679811378,100.91268499326586,101.42414855957031,27312000,200.5833282470703,212.55332946777344,197.00332641601562,211.8733367919922,118297200,116.77821710252674,117.06017355662125,115.56289139578807,116.57404327392578,85671900,12.79480328311249,12.927563800366542,12.658306699828916,12.824443817138672,200204000,223.60164152452802,223.908043971191,221.27495821173113,221.99307250976562,24792000
2021-03-31,22.5,23.850000381469727,22.3799991607666,23.290000915527344,61458500.0,76.56999969482422,79.12999725341797,76.5199966430664,78.5,43659500,287.4656075110616,293.91894719587566,286.0976156652558,291.9660949707031,19498200,101.81716706219301,103.39616804886353,101.45041637085228,102.21959686279297,42570000,215.5399932861328,224.0,213.70333862304688,222.64332580566406,100011900,118.27548932601961,120.09361168317854,117.78935908416811,118.7616195678711,118323800,12.967665043865257,13.420992735807696,12.934786334230242,13.299192428588867,314776000,223.00800441804873,228.9348434120641,222.5101077486613,225.7464141845703,43623500
2021-04-01,23.950000762939453,23.950000762939453,22.729999542236328,23.06999969482422,51788800.0,80.16000366210938,81.30999755859375,79.4800033569336,81.08999633789062,40182400,295.8023732906898,299.7675526384254,294.0180546849759,296.06011962890625,17616000,103.69302968898464,105.84890836816066,103.6523896883466,105.55303192138672,39880000,229.4566650390625,230.80667114257812,219.80667114257812,220.5833282470703,105895200,120.22973104227312,120.73530321344647,119.09218067605553,119.5880355834961,75089100,13.522371233030276,13.81902649847584,13.461594592086561,13.760991096496582,308276000,228.33162726205853,232.51583530133811,227.92948500151644,232.0466766357422,30338000
2021-04-05,23.780000686645508,24.450000762939453,23.34000015258789,23.440000534057617,65374300.0,81.73999786376953,81.9000015258789,80.38999938964844,81.43000030517578,32610600,298.27068294587053,308.0646493719393,298.06248927320576,306.2208557128906,28237000,106.41391233481941,110.46994979811193,106.31776476559968,109.97285461425781,48510000,235.90333557128906,236.05332946777344,228.23333740234375,230.35000610351562,125528400,120.43392024929994,122.66039785902176,119.65610882120376,122.40760803222656,88651200,13.816532577415291,13.962493775777086,13.682526408463117,13.936091423034668,255672000,232.4392400726803,239.333149299018,232.38179326413973,238.48098754882812,36910600
2021-04-06,23.549999237060547,23.610000610351562,22.829999923706055,23.270000457763672,41933500.0,81.20999908447266,82.45999908447266,80.87999725341797,81.44000244140625,29327900,306.1515217424256,308.6396816907689,302.59277658335463,303.593994140625,17335200,109.5743742451769,110.42087204378797,109.12188934950352,109.49210357666016,35240000,230.10000610351562,232.18333435058594,227.1233367919922,230.5399932861328,84815400,122.99094842847227,123.6034698490668,122.16452851942161,122.70899200439453,80171300,13.948296742716591,14.0025960659606,13.722878585220865,13.810554504394531,191744000,237.08306201915883,238.7969551907756,236.38410146861867,237.3224334716797,22931900
2021-04-07,23.0,23.549999237060547,22.809999465942383,22.899999618530273,32766200.0,81.31999969482422,83.0999984741211,80.3499984741211,82.19999694824219,35590900,303.6732915537741,311.5144382436948,302.84060742545347,310.3645324707031,22855200,109.68243096173272,111.23863163081371,109.68243096173272,110.96753692626953,24134000,229.0,230.4600067138672,222.6133270263672,223.6566619873047,78928200,122.33951798956349,124.3715385002267,121.66865599429306,124.35209655761719,83466700,13.829734405751106,14.191151260158252,13.661106906366319,14.091519355773926,251284000,237.27456911449357,240.2619203285823,236.6809325553028,239.2757110595703,22719800
2021-04-08,23.200000762939453,23.600000381469727,22.739999771118164,23.40999984741211,35905500.0,83.31999969482422,83.79000091552734,82.44000244140625,83.3499984741211,41925300,312.1091608122983,313.1301932036343,307.35092781961447,310.2950744628906,20894100,112.20505028993573,112.59113031315094,111.1647751250388,111.53251647949219,28664000,225.7933349609375,229.85000610351562,223.88333129882812,227.93333435058594,71772900,125.37299788690146,126.77305548532095,124.9549329616751,126.74388885498047,88844600,14.20036565422222,14.418311657652836,14.19662863887845,14.264379501342773,244416000,242.02370250858237,243.33545344847238,241.28643431291647,242.48329162597656,23625200
2021-04-09,23.459999084472656,24.350000381469727,23.3700008392334,24.040000915527344,54082700.0,82.80000305175781,83.58999633789062,82.16000366210938,82.76000213623047,32759900,308.68918966598244,312.00011061408475,307.62849698671556,309.7399597167969,15988600,111.2852193593174,112.69917995793787,110.87980997763093,112.53562927246094,26146000,225.92333984375,226.99000549316406,223.14332580566406,225.67333984375,64311300,126.19939309739704,129.34950705430177,125.8785454100243,129.3106231689453,106686700,14.161759195266548,14.355046432497897,14.12290297240524,14.347075462341309,195172000,242.11941451808443,245.10677996320857,241.70770266251623,244.9727325439453,24326800
2021-04-12,24.520000457763672,24.549999237060547,22.729999542236328,23.34000015258789,68620800.0,82.05999755859375,82.18000030517578,78.02999877929688,78.58000183105469,62098800,308.3422478867747,309.43267826117784,305.249412826226,308.8280029296875,10881900,111.71539909018354,111.85267820844336,110.41195454530049,111.24457550048828,25024000,228.56666564941406,234.93333435058594,227.3633270263672,233.9933319091797,87407100,128.84391035959854,129.1647579672661,127.00633939605636,127.59941864013672,91420000,14.237230908904042,15.296074841669363,14.087283745856782,15.153101921081543,869324000,243.88124746804633,246.7154122470637,243.7950626307561,245.0302276611328,27148700
2021-04-13,23.190000534057617,25.659000396728516,23.1200008392334,25.420000076293945,83913500.0,79.66999816894531,80.72000122070312,78.9800033569336,80.19000244140625,37767300,309.4921921072625,311.6928681364762,306.62736539352943,307.06353759765625,14036900,111.56028094044785,112.17879703239622,111.16676710165994,111.73076629638672,25682000,237.56666564941406,254.3333282470703,236.8866729736328,254.10667419433594,133958400,128.7661695536294,130.9245888251844,128.2703072556539,130.70095825195312,91266500,15.175519477903563,15.642297740883008,15.070158056314497,15.621872901916504,676212000,246.3227994805502,248.17074001086624,245.91105839056755,247.50048828125,23837500
2021-04-14,25.350000381469727,26.200000762939453,23.649999618530273,23.700000762939453,108793800.0,79.87999725341797,80.12999725341797,77.94000244140625,78.55000305175781,34263800,304.62491124248805,305.3485674115409,299.32150771904355,300.1839294433594,17421400,112.37504587455774,112.37504587455774,110.81835377243557,111.11026000976562,21002000,256.8999938964844,260.2633361816406,242.67666625976562,244.07666015625,147052200,131.19683535032675,131.25516860713591,128.00782207026887,128.3675537109375,87222800,15.567575372230744,15.662724385304463,15.171536216754417,15.220854759216309,385500000,246.53341679515776,247.8259990523835,244.31204306428663,244.7237548828125,23070900
2021-04-15,24.010000228881836,24.059999465942383,22.690000534057617,23.149999618530273,58849300.0,80.31999969482422,83.94999694824219,79.97000122070312,83.01000213623047,68942800,303.67325362495666,307.44019211811167,301.4527628934411,305.140380859375,14558300,112.10345542149517,113.79099102796425,111.5691914039024,113.25820922851562,29174000,247.6999969482422,247.89666748046875,240.43666076660156,246.28334045410156,83546700,130.10788255759607,131.2551426089829,129.93286798631627,130.76901245117188,89347100,15.604936219474224,16.154658563081032,15.574050016503216,16.07794189453125,598480000,246.9642849611244,248.87925640278655,246.77280534904537,248.46754455566406,25627500
2021-04-16,22.860000610351562,23.260000228881836,22.299999237060547,22.469999313354492,46627700.0,83.30000305175781,83.58999633789062,81.52999877929688,82.1500015258789,47280600,305.48731503478973,306.26052372621126,301.958277909011,303.5146179199219,13059200,113.45596441194692,113.70376710281464,112.54801498961537,113.13431549072266,26282000,242.88333129882812,249.80332946777344,241.53334045410156,246.5933380126953,83938500,130.57457716887737,130.9343087763494,129.5828673880838,130.43846130371094,84922400,15.993999034973276,16.10633564214932,15.806939219576352,15.854016304016113,335208000,248.438834520983,249.9037865838757,246.6483408019082,249.6548309326172,24878600
2021-04-19,22.149999618530273,22.329999923706055,21.530000686645508,21.940000534057617,45753900.0,82.12999725341797,83.18000030517578,80.38999938964844,81.11000061035156,39115500,302.35488466496423,305.0214705207689,297.9436100033605,299.6089782714844,14553500,112.51133603226087,114.19192938868903,112.51133603226087,113.48172760009766,30290000,239.86666870117188,241.8000030517578,230.60000610351562,238.2100067138672,119058600,129.80647084298718,131.71210761044756,129.64118836775324,131.09957885742188,94264200,15.479397321409937,15.74940120021796,15.177012626643881,15.305289268493652,404420000,249.1282496155156,250.36341456332264,246.85901279011068,247.73988342285156,23209300
2021-04-20,21.959999084472656,22.549999237060547,21.239999771118164,21.780000686645508,47123100.0,80.81999969482422,81.11000061035156,78.51000213623047,79.2699966430664,34977800,299.36115307795654,302.44409611177736,294.62276441424297,300.0154113769531,16796400,113.86481869435755,113.9396555787349,111.8640663877745,112.94894409179688,22288000,239.13999938964844,245.75,236.89666748046875,239.663330078125,106827000,131.2746547075029,131.77050236465828,128.15369107517074,129.41763305664062,94812300,15.266934627639428,15.440045994906509,14.90800907808252,15.115493774414062,334132000,246.8590078451978,249.13782883405526,245.92066119680084,247.28030395507812,19722900
2021-04-21,21.649999618530273,22.639999389648438,21.43000030517578,22.6299991607666,42641400.0,78.98999786376953,81.66000366210938,78.86000061035156,81.61000061035156,35069000,299.3215050467602,299.3512426834739,294.80120275476366,298.8456726074219,14863500,112.60401072672376,112.99801605945058,111.2544738339239,112.91624450683594,23204000,234.92333984375,248.27999877929688,232.6666717529297,248.0399932861328,93646500,128.68840701349623,130.03984858480732,127.65781320400242,129.79678344726562,68847100,15.063182531098462,15.306037228333295,15.046743653685485,15.304044723510742,216776000,247.93138636220118,249.59740237748605,246.31323295097548,249.50164794921875,24030400
2021-04-22,22.940000534057617,23.510000228881836,22.510000228881836,22.860000610351562,51346400.0,81.61000061035156,81.79000091552734,78.58999633789062,79.05999755859375,38846100,298.70690825562025,300.28309392317766,293.4629795007598,293.93878173828125,16375400,112.77004307784593,113.43812268908319,111.03146160989212,111.63610076904297,24146000,247.1666717529297,251.2566680908203,239.34666442871094,239.89666748046875,106770900,129.3495375220918,130.42874732999832,127.7647629078915,128.28005981445312,84566500,15.318491630862203,15.381758649575245,14.729165313862191,14.795670509338379,277788000,249.14736906186104,250.65062876395623,244.77166660182715,246.23663330078125,25606200
2021-04-23,22.889999389648438,23.549999237060547,22.739999771118164,23.40999984741211,32052800.0,80.20999908447266,83.30000305175781,79.95999908447266,82.76000213623047,49194000,296.1593026919247,299.95594921584023,294.5633020173308,298.5086669921875,17536800,112.35372791548767,114.29253725619483,112.06875636037209,113.98575592041016,29066000,239.93333435058594,245.7866668701172,238.48666381835938,243.13333129882812,85110000,128.49393862388337,131.37182111341806,128.49393862388337,130.59402465820312,78657500,14.879362682597167,15.278639983279946,14.845488196208844,15.209146499633789,227500000,246.9164410330128,250.39211913765618,246.33235950466667,250.0474090576172,21462600
2021-04-26,23.690000534057617,24.260000228881836,23.459999084472656,24.110000610351562,33667600.0,83.3499984741211,85.9000015258789,82.69999694824219,85.41000366210938,57594500,300.6993844190325,303.1379613464025,298.9348807476967,300.4020080566406,16172600,114.21323872115512,115.20494850642784,113.85640227460357,114.48136138916016,32038000,247.0,249.76666259765625,244.20333862304688,246.06666564941406,93115500,131.08987465502372,131.31349039844014,129.85509976347652,130.98292541503906,66905100,15.129192485300738,15.422111649240268,15.069412579308297,15.421114921569824,197796000,250.53571276740308,251.28255044757523,249.10906841916076,250.4303741455078,19763300
2021-04-27,24.170000076293945,24.260000228881836,23.56999969482422,23.8799991607666,27678300.0,85.66999816894531,87.1500015258789,85.12999725341797,85.20999908447266,61909900,301.63124017584755,302.68201045146435,298.48882172764996,300.92742919921875,15309300,114.86298311307249,114.90362311481388,113.3033115017685,113.54219818115234,44386000,239.32000732421875,241.3333282470703,234.4499969482422,234.913330078125,88311000,131.26489090705445,131.65380402656527,130.38986235031265,130.66209411621094,66015800,15.521243816067019,15.612905694192488,15.298067110638453,15.325217247009277,164572000,250.45914704245152,252.00071452471136,249.06122582026688,250.83258056640625,31014200
2021-04-28,23.670000076293945,24.170000076293945,23.420000076293945,23.850000381469727,22068100.0,88.8499984741211,89.19999694824219,83.91999816894531,84.0199966430664,108920300,304.68441290284227,308.2134508908724,302.71174555790657,304.42669677734375,33907200,118.57357518868605,120.50048895349634,116.62684053810642,116.915283203125,81106000,232.1366729736328,236.1666717529297,231.1999969482422,231.46665954589844,66813000,130.5843034959248,131.27461496858584,129.38842725213598,129.8745574951172,107760100,15.308031874143953,15.47516571048191,15.15957931715517,15.220603942871094,209416000,245.19291652136513,245.63338096628055,242.19599632128015,243.737548828125,46903100
2021-04-29,23.8700008392334,24.139999389648438,22.809999465942383,23.3700008392334,36770100.0,84.69999694824219,85.2699966430664,82.62999725341797,83.91000366210938,51294500,327.24624637387615,328.9215370666334,318.8103176400919,326.6415710449219,56526800,118.41151681600597,119.15145371385512,117.64927102297919,118.58646392822266,41234000,233.1699981689453,234.0833282470703,222.8333282470703,225.6666717529297,86536200,132.68436155056918,133.2677236525645,128.77587107243528,129.7772979736328,151101000,15.343399043611141,15.379764870090474,15.016106605297141,15.268425941467285,173196000,244.59928298862602,245.21207320121107,238.4139194530983,241.77468872070312,40589000
2021-04-30,23.18000030517578,23.549999237060547,22.84000015258789,23.040000915527344,24717300.0,82.97000122070312,84.0999984741211,81.41999816894531,81.62000274658203,46601900,323.3008918440618,326.9488493488843,321.6751538951361,322.2500915527344,26332400,117.3603411059262,118.04576113897953,116.29677394223161,116.6407241821289,44856000,222.52999877929688,238.49000549316406,222.04666137695312,236.47999572753906,122276100,128.12451598324157,129.85513887109062,127.43421918268936,127.81340026855469,109839500,15.118728737053257,15.308527889547474,14.941880391047532,14.954334259033203,201912000,239.12250247688505,242.32050145587482,238.9884550529176,241.45875549316406,30945100
2021-05-03,23.010000228881836,23.079999923706055,22.209999084472656,22.299999237060547,33934400.0,81.97000122070312,82.0,78.45999908447266,78.55000305175781,66323300,323.3306871128496,325.6899436819477,319.0383630387981,319.77191162109375,18719500,117.20621161359489,118.03089969909728,115.74863902173213,116.12430572509766,28242000,234.60000610351562,235.3333282470703,226.8333282470703,228.3000030517578,81129300,128.3773034607761,130.3510064405411,128.1731370102802,128.86343383789062,75135100,15.06941043878628,15.19071284416774,14.733151247079403,14.782219886779785,203912000,242.62689597172758,243.53651917014565,240.4438295156719,241.15237426757812,19626600
2021-05-04,21.940000534057617,22.200000762939453,20.8700008392334,21.639999389648438,63429600.0,77.94999694824219,78.66999816894531,77.04000091552734,78.61000061035156,59194300,317.2341761756683,319.3852993731885,310.3942475633502,315.588623046875,24032600,114.66078126628535,115.22775243296606,111.8422752076323,114.3277359008789,44818000,226.31333923339844,227.81666564941406,219.23333740234375,224.53334045410156,89217900,127.55085891033158,127.84254003096058,123.18540387178189,124.30350494384766,137564700,14.583451032043849,14.583699976349582,13.958755702220373,14.298501968383789,405324000,240.30024498306622,240.53004686585734,235.3117368601184,237.25543212890625,32756100
2021-05-05,21.809999465942383,21.940000534057617,20.969999313354492,21.149999618530273,39134700.0,79.05000305175781,79.30000305175781,77.36000061035156,77.83000183105469,42310200,315.42015894408314,318.26517075805026,311.7523553378031,312.2777404785156,15577600,115.4081623050154,115.72385967454218,114.39960351173434,114.72125244140625,26636000,227.02000427246094,228.43333435058594,222.44667053222656,223.64666748046875,65705700,125.61607050473611,126.83139629296987,124.42019408305968,124.54659271240234,84000900,14.654940249491606,14.75905695265572,14.334622020113388,14.40536117553711,292024000,238.4713853027384,238.89268134693376,235.36914099561326,235.9915008544922,21901300
2021-05-06,21.020000457763672,21.020000457763672,19.40999984741211,20.09000015258789,92201100.0,77.62999725341797,78.05999755859375,76.47000122070312,77.88999938964844,38661300,311.78209978488167,317.4523085272754,310.5429810059663,317.2342224121094,19012200,114.30295402461856,115.84032440185547,113.6442970726025,115.84032440185547,25190000,226.9199981689453,227.0066680908203,216.6666717529297,221.17999267578125,83353800,124.34239490228468,126.15080002789722,123.60347484441658,126.14108276367188,78128300,14.441975539696038,14.517696430692741,14.165745174441199,14.469623565673828,193380000,235.97239302807878,239.23742339669937,234.28722313302063,239.11294555664062,26491100
2021-05-07,20.299999237060547,20.75,19.579999923706055,19.75,63725500.0,78.75,79.56999969482422,78.22000122070312,78.80999755859375,36954200,319.5736595346805,320.12878226692106,315.9752541529607,316.3023681640625,15916700,117.15565548855925,117.52041727105686,116.2769421311953,116.56290435791016,28898000,221.93333435058594,230.0,220.07333374023438,224.1233367919922,70407600,127.43637521223602,127.83566778817108,126.10210583375782,126.81307220458984,78973300,14.753827489558498,14.915729703234886,14.617828793921266,14.7578125,229328000,241.43001956995911,243.4886226435184,240.4916876508421,241.7268524169922,27032900
2021-05-10,19.280000686645508,19.299999237060547,18.18000030517578,18.469999313354492,104670500.0,78.19999694824219,78.30000305175781,75.91999816894531,75.98999786376953,45134500,311.6135751168887,311.8415535952815,302.1764277852022,303.3065185546875,24239200,115.38387226504932,115.52562073206813,113.22303243787496,113.58036804199219,30914000,221.63333129882812,221.68333435058594,209.20333862304688,209.67999267578125,94177200,126.03395306208488,126.16055151436144,123.50177596650869,123.54073333740234,88071200,14.732901783793752,14.751583061695198,14.197626779371475,14.213318824768066,268904000,240.20445051351808,241.027888860357,236.61387887498904,236.67132568359375,29299900
2021-05-11,17.200000762939453,20.299999237060547,17.05500030517578,20.209999084472656,203230500.0,73.56999969482422,76.93000030517578,72.75,76.83000183105469,51008200,298.13194982266197,304.16893230854123,297.0811796183367,303.86163330078125,18920100,111.16776007410847,113.01190425651544,110.7142769135845,112.5053939819336,34186000,199.74667358398438,209.03334045410156,198.53334045410156,205.73333740234375,139511700,120.2781354744355,122.97586852300613,119.56717642454035,122.6252670288086,126142800,13.774187749389633,14.301990590214329,13.699463592554991,14.253668785095215,285584000,234.15314965767922,236.11599842229506,232.25733191028016,235.76171875,33641600
2021-05-12,20.0,20.0,18.510000228881836,18.889999389648438,128281500.0,75.08999633789062,76.12999725341797,74.16000366210938,74.63999938964844,42531400,298.50863794930353,302.3052841038309,295.59422852439974,299.916259765625,24645500,110.33118310303581,111.41110772177602,108.71699439695318,109.04557800292969,46376000,200.8300018310547,206.80332946777344,195.58999633789062,196.6300048828125,101470800,120.18072314838845,121.38837175558095,119.06072304066647,119.56715393066406,112172300,13.958008435105357,14.207837357510233,13.658862883776619,13.707931518554688,303408000,231.8743396289335,233.9903897227852,227.948656527006,228.839111328125,36684400
2021-05-13,19.139999389648438,19.469999313354492,17.81999969482422,18.3700008392334,87811600.0,75.20999908447266,75.69999694824219,72.5,73.08999633789062,48646800,303.4154386804098,306.17123646581064,300.13425596565986,302.60260009765625,18079200,110.32769928437514,110.98784598165807,109.36622368361735,110.47241973876953,33204000,200.51333618164062,202.15333557128906,186.5500030517578,190.56333923339844,132554700,121.32995276517451,122.85899423262195,121.01830123774441,121.70977783203125,105861300,13.982169938542986,14.028998076504566,13.409532427846457,13.61502456665039,285404000,231.5200809218459,235.15853006552896,231.15623162445522,232.69778442382812,29624300
2021-05-14,18.81999969482422,20.200000762939453,18.530000686645508,20.079999923706055,79409500.0,74.0199966430664,75.02999877929688,72.72000122070312,74.58999633789062,38355800,306.8454461766793,314.0918098146502,306.38942871995596,313.1897277832031,19245700,111.93445441533588,113.23194736658283,111.51120550382073,112.91773223876953,31996000,194.47000122070312,197.6233367919922,190.15333557128906,196.5800018310547,100112700,122.95637735686638,124.55359227820217,122.56681111085221,124.12506866455078,81918000,13.838952397077477,14.275342404213225,13.697971960654153,14.190654754638672,258616000,235.13935162363052,238.58629154857746,235.05318141277328,237.60008239746094,23901100
2021-05-17,19.729999542236328,20.489999771118164,19.6299991607666,20.459999084472656,50039600.0,74.22000122070312,75.5199966430664,73.41000366210938,74.6500015258789,40779200,310.82046004717864,312.9319227273037,308.8676081589599,312.7138366699219,15401300,112.18374021644,113.48272295866457,111.78428241583579,113.44010162353516,21598000,191.85000610351562,196.57666015625,187.06666564941406,192.27667236328125,97171200,123.5115304740433,123.61866139795352,121.90457404574953,122.97587585449219,74244600,14.104968793564424,14.117173718298679,13.802585013316975,14.11343765258789,216980000,236.06808237202566,236.10637536836825,233.16690211420982,234.75631713867188,24970200
2021-05-18,20.520000457763672,21.6200008392334,20.260000228881836,21.239999771118164,59672400.0,74.73999786376953,75.7699966430664,74.23999786376953,74.44000244140625,31982500,312.8427442229503,313.7448261843899,307.1130610875427,307.2617492675781,14522400,114.10569642967033,114.36985643689593,112.11534216607272,112.12921905517578,22204000,189.3333282470703,198.75,187.7933349609375,192.6233367919922,110491800,123.25830711587349,123.6770895961018,121.52474484946401,121.5929183959961,63342900,14.214564048719183,14.35130955439113,13.952530178000735,13.964237213134766,186256000,235.80001784180902,235.93406526132515,232.57328095548002,232.74563598632812,20168000
2021-05-19,20.100000381469727,21.03499984741211,19.940000534057617,20.670000076293945,45314000.0,73.16000366210938,76.97000122070312,72.76000213623047,76.2300033569336,73966200,301.54200231563533,311.92086127549254,300.9274043092507,310.86016845703125,19106200,110.44218365077748,112.74971749134802,110.29399964826719,112.57675170898438,23684000,184.18333435058594,188.73666381835938,182.32666015625,187.82000732421875,118735200,119.94700386173781,121.66108360866002,119.65482729355216,121.43708801269531,92612000,13.516638780467643,14.027753839066552,13.493474603613123,14.014054298400879,344000000,229.66504486622338,233.42705466326876,228.98366832095294,233.3214874267578,25739800
2021-05-20,20.75,20.809999465942383,20.280000686645508,20.610000610351562,46302400.0,76.80999755859375,78.2699966430664,76.25,78.05999755859375,49135000,310.8502441187937,316.47089956123494,310.43391719826906,315.8364562988281,17320200,113.54319564211424,114.58396240325392,113.17248227319268,114.33368682861328,32352000,191.6666717529297,196.28334045410156,190.35667419433594,195.5933380126953,92463300,121.96300011967811,124.38803886132331,121.83638680726905,123.98873138427734,76857100,14.249932964504612,14.629782114343872,14.218050986432957,14.558794021606445,321592000,234.12761065425127,237.95679107071055,234.0316351278429,236.54603576660156,21800700
2021-05-21,20.84000015258789,21.15999984741211,20.469999313354492,20.75,35372900.0,78.55000305175781,78.80999755859375,77.04000091552734,77.16999816894531,40201100,316.5105634034792,317.14497642113264,313.0608461919929,313.4772033691406,13600900,114.85207388727218,114.92542855828297,113.45892500037012,113.69830322265625,40632000,198.70333862304688,198.89332580566406,193.3333282470703,193.6266632080078,78091800,124.48541706436308,124.66072150118845,121.94350644557427,122.15776824951172,79295400,15.108018052622167,15.166054390870835,14.814849979402481,14.936650276184082,672992000,237.59214525609582,238.32150955677835,234.8762015382512,235.2888641357422,21863100
2021-05-24,21.059999465942383,21.520000457763672,20.674999237060547,21.219999313354492,46596800.0,77.26000213623047,78.01000213623047,76.80000305175781,77.44000244140625,33194300,315.439950403165,323.1125937131732,315.2615245766794,321.8040771484375,16445400,114.72719042691061,117.23792438170847,114.58197841685045,117.01441192626953,31832000,193.86666870117188,204.82666015625,191.21665954589844,202.14666748046875,103674300,122.72265728570756,124.60230780549196,122.65448374065255,123.78421783447266,63092900,15.156590063922868,15.687133265807587,15.120224232908976,15.554622650146484,554816000,237.8032462568259,241.03743419435494,237.53453234396076,240.67274475097656,21411500
2021-05-25,21.420000076293945,22.110000610351562,21.280000686645508,21.479999542236328,49890800.0,77.33000183105469,78.7699966430664,76.83999633789062,77.86000061035156,47353100,324.2327432673688,326.3144687405678,321.97259196124674,324.93658447265625,16437000,117.55758744041395,118.15231234760691,116.7150598583625,117.1051025390625,22440000,202.43666076660156,204.663330078125,198.57000732421875,201.56333923339844,84017700,124.48542900111524,124.9723924215316,123.02456103094238,123.58943176269531,72009500,15.708053851798939,15.760360666635048,15.425596101514737,15.590238571166992,435408000,241.62287790756062,242.56337671205227,240.7111688368118,241.57489013671875,17704300
2021-05-26,21.579999923706055,22.239999771118164,21.489999771118164,22.1200008392334,42958300.0,77.83000183105469,78.58999633789062,77.58999633789062,78.33999633789062,30354000,325.4916129341333,326.95870969347544,322.9836386137822,324.8076171875,9686900,117.28599799895012,118.39962785894154,117.28302600020656,117.96944427490234,21572000,202.52000427246094,208.72332763671875,200.5,206.3766632080078,85917900,123.64786424977021,124.06664669892854,123.12195088824402,123.54073333740234,56575900,15.676420212978273,15.73570126750248,15.52896440963548,15.642295837402344,370440000,241.29654712947791,242.74569859585426,240.64396036767923,241.35414123535156,17771600
2021-05-27,22.010000228881836,22.700000762939453,21.649999618530273,22.700000762939453,76230500.0,78.11000061035156,78.43000030517578,77.47000122070312,78.41999816894531,35883200,325.14474255728777,330.8744261398363,323.91554650384444,329.8533935546875,20477700,118.40261134045875,118.40261134045875,116.77752529481326,117.095703125,35224000,206.74667358398438,210.3766632080078,205.40333557128906,210.28334045410156,79111800,123.14142196396851,124.3101132618625,121.81690119683103,122.01168060302734,94625600,15.642047824221699,15.692113190945143,15.403179081309112,15.431076049804688,581476000,241.04702994155994,241.3445335898177,239.20441394645133,239.26199340820312,24426200
2021-05-28,23.0,24.75,22.760000228881836,22.950000762939453,111846000.0,78.66000366210938,81.08999633789062,78.66000366210938,80.08000183105469,40952700,328.1186061786188,329.97232276898853,325.4718355309257,325.8683776855469,12037400,117.67752023857234,117.75929178976516,116.60850070207313,116.8067398071289,21482000,209.5,211.8633270263672,207.4600067138672,208.4066619873047,68211000,122.29411590101695,122.51811890538758,121.30072904118603,121.35916137695312,71311100,15.444027357726569,16.21767312523201,15.444027357726569,16.18479347229004,644536000,240.88387210484515,241.92034629984425,239.501906511513,239.6170654296875,18270200
2021-06-01,23.190000534057617,23.350000381469727,22.360000610351562,23.059999465942383,52695500.0,81.01000213623047,82.91000366210938,80.66000366210938,80.80999755859375,43433000,327.27597186491556,328.53493562097003,323.7965476914582,326.2648620605469,11765900,117.67852195944192,118.23706866867205,116.67937832399878,118.01255798339844,23354000,209.26666259765625,211.26666259765625,206.85000610351562,207.96665954589844,54254700,121.81689796777825,122.07985090220888,120.70663903510166,121.03776550292969,67637100,16.210205842744976,16.328021150399323,15.844802987740685,16.20472526550293,472804000,241.104626145466,241.16220561121608,237.00673129893212,237.42898559570312,23213300
2021-06-02,23.020000457763672,24.84000015258789,22.81999969482422,24.450000762939453,86473200.0,81.0,82.5999984741211,80.66000366210938,81.97000122070312,35203200,327.50403269155,328.98105249667384,324.2724014515337,326.28472900390625,11654300,118.40755407398083,118.63008342686042,116.5842214876714,117.48771667480469,21158000,206.7100067138672,207.7866668701172,199.7133331298828,201.7066650390625,69908400,121.03777419532105,121.97272876206887,120.81377861108228,121.79742431640625,59278900,16.192519278165797,16.856569802587472,16.175830504462102,16.716585159301758,594168000,238.12954255758635,239.2235961900808,235.93182895373278,237.33299255371094,19406700
2021-06-03,24.139999389648438,24.260000228881836,23.34000015258789,23.6299991607666,48164200.0,81.12999725341797,81.88999938964844,80.26000213623047,80.27999877929688,29812000,322.9440663775023,324.53014434187793,320.664100101908,323.2018127441406,12610800,116.25562715192257,116.81516447592351,115.45224982960987,116.3473129272461,18696000,200.60000610351562,201.51666259765625,190.4066619873047,190.94667053222656,90335700,121.42736741319027,121.59293069575016,119.91780060538888,120.31710815429688,76229200,16.63937060204186,17.195569308836276,16.522053197728837,16.907381057739258,580008000,235.33684170241455,236.41169739236216,233.20631371426092,235.80709838867188,25307700
2021-06-04,23.709999084472656,24.489999771118164,23.5,24.030000686645508,42537600.0,80.91999816894531,82.19000244140625,80.80999755859375,81.58000183105469,26387800,323.06299931067736,329.5658913832166,322.3492657782319,327.4742736816406,13289400,117.42228485227457,118.89720528416072,117.08229729733962,118.62660217285156,24458000,193.23666381835938,200.20333862304688,192.39999389648438,199.68333435058594,72110700,120.83326952469692,122.86874960294172,120.61900768168596,122.60578918457031,75169300,17.04959974050145,17.596083709250852,17.03266392919334,17.513639450073242,617120000,237.77446253573572,241.50768232361588,237.53453834719892,240.68234252929688,25281100
2021-06-07,24.0,24.760000228881836,23.790000915527344,24.459999084472656,49641000.0,81.4000015258789,81.68000030517578,80.37999725341797,81.3499984741211,29006800,326.6118249458043,334.7503468667708,326.0665946490602,333.6499938964844,20136700,118.42193410416897,119.16881330030914,118.00364606009472,119.05928039550781,24120000,197.27667236328125,203.3333282470703,194.2933349609375,201.7100067138672,67631100,122.87846962118002,123.0245579005518,121.57343116760482,122.61551666259766,71057600,17.506668113699998,17.747030491706028,17.12955929852456,17.554241180419922,575756000,239.90497213832194,243.84932608170533,239.74182545986196,243.5806121826172,23079200
2021-06-08,24.850000381469727,25.229999542236328,23.93000030517578,24.3799991607666,53488600.0,81.87000274658203,82.6500015258789,80.44999694824219,80.88999938964844,26956600,333.7689984558394,335.3550460635353,329.347801506226,330.7752685546875,14580500,119.54050705313709,119.9127026145582,118.68657547258344,118.86796569824219,24240000,207.6699981689453,207.69667053222656,198.5,201.19667053222656,78160200,123.29725429760116,125.10873859219605,122.91742922255409,123.43360137939453,74403800,17.462830794677384,17.556734115441593,17.18759528524921,17.392839431762695,323848000,244.876236168721,245.6919842968053,242.33303089186523,242.390625,22455000
2021-06-09,24.450000762939453,24.739999771118164,24.170000076293945,24.170000076293945,36006200.0,81.08999633789062,81.68000030517578,79.80000305175781,79.95999908447266,28454600,332.81732108058753,333.86809119455836,327.1272983594341,327.3751220703125,13727900,119.5117719476187,119.5836292835186,118.79165587166284,119.33880615234375,17942000,200.72332763671875,203.92999267578125,199.2100067138672,199.5933380126953,49753800,123.89133789579034,124.41725123885395,123.21933627459374,123.81342315673828,56877900,17.45537445495699,17.5144200997862,17.196270441472134,17.298416137695312,381656000,243.58065657446144,245.23133633758238,243.00484724739417,243.36952209472656,17937600
2021-06-10,24.0,24.389999389648438,23.440000534057617,24.139999389648438,35482900.0,80.0199966430664,81.70999908447266,79.69999694824219,81.55999755859375,28606400,327.91038121348925,331.0329534579169,325.6898605214342,329.5658264160156,13240200,119.2882456679508,120.7294684105752,119.1326278842615,120.68634796142578,25904000,201.2933349609375,205.52999877929688,200.1666717529297,203.3733367919922,71758800,123.70628617695928,124.84576874618693,122.654466972811,122.82003021240234,71186400,17.290198386485635,17.431709138454295,17.11679834270945,17.364938735961914,287772000,244.0412580022731,247.08349466686664,243.44625075720447,246.8723602294922,24563600
2021-06-11,24.1200008392334,24.709999084472656,24.030000686645508,24.670000076293945,33113100.0,81.61000061035156,82.33000183105469,80.69999694824219,81.30999755859375,24310900,329.6848289882906,329.932652701607,326.06660882425405,328.3763427734375,13587900,120.92770773649222,121.01295040637044,119.88495212398634,120.4420166015625,21958000,203.41000366210938,204.18666076660156,200.5066680908203,203.29666137695312,48615900,123.22909472039107,124.11535828283353,122.8103122273261,124.02770233154297,53522400,17.419244544356054,17.87741082097193,17.383618344263905,17.763803482055664,416308000,247.592131538484,248.07197986770322,246.2677454638202,247.49618530273438,18999700
2021-06-14,24.729999542236328,25.149999618530273,24.469999313354492,25.0,51801500.0,81.51000213623047,81.55000305175781,80.19999694824219,81.55000305175781,27830200,329.0107474158406,333.8879312812303,326.9389448552168,333.8383483886719,12250800,120.54411364612498,121.36979239425413,119.83738291214934,121.36930084228516,22098000,204.07666015625,208.49667358398438,203.05999755859375,205.89666748046875,61272000,124.48543994424124,127.1344745215217,123.75500589494463,127.07604217529297,96906500,17.84427598888684,17.97731494669159,17.601864607504492,17.956636428833008,321376000,247.50575689635525,249.47315257534447,246.45008473782653,249.4155731201172,19150500
2021-06-15,25.030000686645508,25.549999237060547,24.389999389648438,24.40999984741211,46693200.0,81.58999633789062,81.68000030517578,80.22000122070312,80.47000122070312,26194300,334.05650464375105,336.961022091934,332.1135748428996,333.818603515625,15795200,121.37374754662788,121.6963871144153,119.99200260970889,120.35231018066406,21562000,205.56333923339844,205.59666442871094,199.41000366210938,199.7866668701172,53292300,126.5501263983375,127.19291187851302,126.01447183152456,126.25794982910156,62746300,17.8532435771717,17.954144239824995,17.666887937659716,17.7271785736084,243032000,249.30041102216592,249.51154547597605,247.29464835477967,247.94723510742188,18038900
2021-06-16,24.09000015258789,24.940000534057617,23.860000610351562,24.799999237060547,58452600.0,80.75,81.44999694824219,78.95999908447266,80.11000061035156,29598300,333.7689782813565,334.6115546775463,325.858434720274,328.1978759765625,17232200,120.5034633601868,120.8147064780467,118.41994111291582,119.71099090576172,26472000,199.17999267578125,202.8333282470703,197.8333282470703,201.6233367919922,66432300,126.96886992787691,127.4753081982219,125.10870978192506,126.75460815429688,91815000,17.729423980176904,17.8928582145457,17.52388380440414,17.748855590820312,307124000,248.94530582063734,250.07774084164856,244.16602059107635,247.00672912597656,27220000
2021-06-17,24.68000030517578,25.459999084472656,24.549999237060547,25.450000762939453,64408400.0,80.7699966430664,85.37000274658203,80.56999969482422,84.55999755859375,77822800,327.61304327329054,335.0378626785236,327.2760066360262,333.5806579589844,17794100,119.63667298923379,121.44562975502306,119.44090673004301,120.67347717285156,25842000,200.6300048828125,207.1566619873047,200.44667053222656,205.53334045410156,68104200,126.41376207268152,129.09201968074376,126.26766637763058,128.35183715820312,96721700,17.71323258774539,18.7700763215897,17.69504598066055,18.592939376831055,809656000,245.74952013795982,251.2005899022256,245.69194068385687,250.3848419189453,27565500
2021-06-18,25.59000015258789,25.940000534057617,25.020000457763672,25.3700008392334,65852600.0,84.27999877929688,85.7699966430664,83.4800033569336,84.6500015258789,58736800,331.6178845677562,333.2237774793998,326.136024933211,326.790283203125,23039500,120.30027053137374,120.53419632623287,118.96015621393956,119.05531311035156,46116000,204.4566650390625,209.4499969482422,203.93333435058594,207.77000427246094,73682700,127.3000499717587,128.07916771937423,126.84231012163941,127.05657196044922,108953300,18.719248748090177,19.308211075070766,18.519937421844492,18.574499130249023,968856000,249.1660721590066,251.72844608322075,248.3215343320705,248.97412109375,37202200
2021-06-21,25.100000381469727,25.549999237060547,24.510000228881836,25.420000076293945,54805000.0,83.48999786376953,84.19000244140625,82.20999908447266,82.58999633789062,44417100,328.2078338886737,330.0219205469245,324.79777691820135,329.39739990234375,11337500,119.44140198870178,120.92771909272383,118.84468811884209,120.74186706542969,27414000,208.16000366210938,210.4633331298828,202.9600067138672,206.94332885742188,74438100,126.90071755171388,128.95567215813708,125.83915719739741,128.84854125976562,79663300,18.371703230531587,18.472605819565104,17.76131527148521,18.363731384277344,672384000,249.34843554518008,252.8992962171979,247.52501743926578,252.04518127441406,26696100
2021-06-22,25.389999389648438,25.520000457763672,24.959999084472656,25.399999618530273,46171100.0,82.9000015258789,84.04000091552734,82.4800033569336,83.58000183105469,32107700,329.793868924314,336.9609412079676,329.7046560226814,336.07867431640625,15345300,120.67990683669676,121.32419532611587,119.99993923776582,121.25530242919922,22390000,206.0833282470703,209.52333068847656,205.1666717529297,207.90333557128906,57476700,128.6830127117991,130.58213836687776,128.18630802151114,130.4847412109375,74783600,18.407826383212395,18.898379965112767,18.322620399758176,18.821643829345703,580144000,252.13148982146245,255.07776538792695,251.82437988299503,254.80905151367188,24694100
2021-06-23,25.459999084472656,26.350000381469727,25.34000015258789,26.270000457763672,53362200.0,83.83000183105469,84.48999786376953,83.16000366210938,83.81999969482422,25992400,336.3959564970195,340.4305343138909,335.25597332384814,337.6251525878906,14817800,121.0203826430331,122.01357468199771,120.76366397043704,121.0535888671875,19148000,210.6666717529297,219.06666564941406,210.01333618164062,218.85667419433594,93297600,130.28020184164183,130.81585637036997,129.75428108226635,130.21202087402344,60214200,18.942234896938484,19.086735576664665,18.842579190204066,18.99156379699707,332356000,255.26970285306749,256.0758445254743,253.77257842036667,254.57872009277344,19518700
2021-06-24,26.489999771118164,26.709999084472656,26.170000076293945,26.530000686645508,48419400.0,84.38999938964844,87.13999938964844,84.37000274658203,86.0999984741211,42217700,338.87415705290726,341.8975943029009,338.8146817809146,340.19256591796875,12329100,121.6215484389123,121.9739231126459,121.22507021343145,121.42330932617188,21362000,224.99667358398438,232.5399932861328,222.5366668701172,226.60667419433594,137947200,130.94247320751583,131.12751887622477,129.46212271856308,129.9296112060547,68711000,19.161471913925485,19.353058520618433,19.022451210045137,19.139297485351562,320924000,255.4329054433391,257.0547953887674,254.77071230407563,255.94154357910156,21446900
2021-06-25,26.579999923706055,27.010000228881836,26.2450008392334,26.780000686645508,140832700.0,86.33999633789062,86.36000061035156,85.0999984741211,85.62000274658203,27804500,339.60769634720594,341.1243762456423,336.72302472627456,338.3983154296875,14594400,120.92770239628572,121.55514196023191,120.49652817244363,121.43173217773438,34594000,229.86000061035156,231.27000427246094,222.89999389648438,223.9566650390625,97490100,129.97832637994586,130.3971014851615,129.34527454506005,129.637451171875,70783700,19.21404094846536,19.278817427102744,18.829371801358914,18.96540069580078,278364000,255.5001368762142,256.47901724976754,254.0893811477132,254.33888244628906,25611100
2021-06-28,26.979999542236328,27.5,26.860000610351562,27.3799991607666,42184600.0,86.37999725341797,88.0,86.1500015258789,87.08000183105469,30262000,339.4788094187152,355.02233490536383,338.7948135851893,352.5440979003906,29156100,121.60023377546963,121.7058040021767,120.33842757153094,121.45899200439453,28526000,223.8800048828125,231.56666564941406,223.44000244140625,229.57333374023438,64884600,129.92963053570742,131.72162542219795,129.87119818125763,131.26388549804688,62111300,19.294512263445398,20.009539746281707,19.25240821728546,19.916112899780273,495436000,255.46170811912478,258.0624783950666,255.19299417128897,257.8897399902344,19590000
2021-06-29,27.3799991607666,27.440000534057617,26.440000534057617,26.6299991607666,38478900.0,87.41000366210938,90.30000305175781,86.66000366210938,89.5199966430664,46181000,353.1685976460445,353.63450742549907,346.0114477744604,348.8267517089844,21417300,121.59231941946096,121.93974078212915,120.62142867598224,121.19781494140625,23108000,228.21665954589844,229.1699981689453,225.29666137695312,226.9199981689453,52143900,131.28333809814853,132.92925172484664,130.84508067855094,132.77342224121094,64556100,19.81396426181728,20.029468310884855,19.58924145905206,19.957717895507812,367632000,258.03363852255484,260.70159408895256,257.1795237173201,260.461669921875,19937800
2021-06-30,26.479999542236328,26.920000076293945,26.209999084472656,26.360000610351562,28957100.0,90.81999969482422,94.33999633789062,90.5999984741211,93.93000030517578,70721500,349.1043329547267,349.8478041184627,344.1478585298199,344.6831359863281,15107500,120.92225223112071,121.18244957571629,120.28787799190353,121.01641845703125,24474000,226.58999633789062,230.93666076660156,226.04666137695312,226.56666564941406,56774700,132.6176097807272,133.8252661428457,132.32543317658508,133.3870086669922,63261400,19.93031096241236,20.09299819265169,19.795278090307768,19.933549880981445,326568000,259.7803139253489,260.42329434263524,258.7342479891088,259.9818420410156,21656500
2021-07-01,26.100000381469727,26.1299991607666,24.59000015258789,24.719999313354492,55429800.0,94.04000091552734,94.18000030517578,91.69999694824219,93.30999755859375,58059000,343.80091334634034,351.5825845624419,343.4836917096973,351.3050231933594,17137000,120.65512761950698,121.5095508061829,120.4633316053769,121.3683090209961,18110000,227.97332763671875,229.3300018310547,224.26666259765625,225.97332763671875,55903500,133.03638455477136,133.74733615062,132.218287184251,133.68890380859375,52485800,20.05563395892142,20.38549245797189,19.949998418295216,20.142333984375,480136000,258.7437788756873,260.8839127760859,258.7342018255398,260.6535949707031,16725300
2021-07-02,25.0,25.34000015258789,24.329999923706055,24.440000534057617,29389500.0,93.27999877929688,95.2699966430664,92.20999908447266,94.69999694824219,51316700,352.0088471395874,353.33717875875,349.55042474255595,351.6123352050781,11521300,122.06759575847595,124.3017824350133,121.97789131366527,124.15657043457031,25982000,226.32666015625,233.3333282470703,224.4199981689453,226.3000030517578,81163500,134.30242979267734,136.34765049437885,134.15634896857634,136.30870056152344,78852600,20.369790056845883,20.43456652516882,20.217815593150004,20.416378021240234,342764000,261.82454570578903,266.79576919631546,261.517435633079,266.4598693847656,26458000
2021-07-06,24.600000381469727,25.200000762939453,24.469999313354492,24.68000030517578,28764500.0,94.87999725341797,95.41000366210938,93.31999969482422,94.47000122070312,44930100,353.3966331441592,355.6667069440098,346.1403471891255,349.7090148925781,13488500,124.54412715498938,125.31677868304527,123.48749474995711,125.08087158203125,26404000,227.23666381835938,228.0,217.13333129882812,219.86000061035156,69853500,136.4158617440288,139.41549764354806,136.4158617440288,138.3149871826172,108181800,20.666018525350328,20.77015813867355,20.280104352666278,20.627153396606445,446708000,266.8244128478086,268.1104026246158,263.24473441126366,266.4693298339844,31565600
2021-07-07,24.229999542236328,24.260000228881836,22.719999313354492,22.889999389648438,66937300.0,95.0199966430664,95.44000244140625,90.30999755859375,90.54000091552734,51498500,352.16736841980776,353.3866415521066,346.95314856363893,347.4388732910156,14218900,126.04434512220173,126.16526690597024,125.04421080406834,125.36238861083984,24060000,221.42333984375,221.89999389648438,212.77333068847656,214.88333129882812,56376000,139.79530375392193,141.11009072715532,138.9382714107099,140.79844665527344,104911600,20.781620788688226,20.803046315753402,20.261918703161886,20.301530838012695,418428000,268.13928056771834,269.37729764258523,265.9799627636496,268.6479187011719,23260000
2021-07-08,22.43000030517578,23.209999084472656,22.25,23.079999923706055,34612600.0,87.86000061035156,90.33999633789062,87.44999694824219,89.73999786376953,45673500,342.72040329828144,345.29774588660945,339.5779850936406,342.6410827636719,14406500,122.93590362834043,124.49160506602671,122.93194096335237,123.94495391845703,23790000,209.4566650390625,218.14332580566406,206.82000732421875,217.60333251953125,68319900,137.88644602005195,140.3017433261173,137.00018264096806,139.50314331054688,105575500,19.78805462577858,20.063600320047218,19.632841227354213,19.834144592285156,503300000,265.7399832123837,267.4962443949508,263.7918002820035,266.2390441894531,24618600
2021-07-09,22.959999084472656,23.389999389648438,22.760000228881836,23.290000915527344,22492400.0,90.04000091552734,91.26000213623047,88.52999877929688,90.9000015258789,35278400,342.3139578932592,347.65702160715523,342.26437499772095,347.36956787109375,13018700,123.92612095804607,124.62938054281378,123.45677959980704,124.415283203125,18632000,217.72666931152344,219.6366729736328,214.89666748046875,218.98333740234375,54421500,139.02593841657492,141.85027728075062,138.92854127199598,141.32437133789062,99890800,19.893689311396027,20.011033596944927,19.686157099051567,19.981136322021484,296624000,264.6075400651112,266.8436201918425,264.2236672937446,266.7380676269531,23916700
2021-07-12,23.260000228881836,23.4950008392334,22.8799991607666,22.950000762939453,23457200.0,91.22000122070312,91.9000015258789,89.6500015258789,90.80999755859375,28526600,348.17253190738757,351.106756452849,346.59637658645624,350.0857238769531,10018600,125.06897547530485,125.95264210582927,124.50695772066592,125.85946655273438,17668000,220.73333740234375,229.0800018310547,220.72000122070312,228.56666564941406,77781000,142.39568172270836,142.50281263838897,140.24332963884083,140.73028564453125,76299700,20.170229888571328,20.46197014862544,20.118160092279034,20.441791534423828,321984000,267.9089353442858,268.49433627554,265.43290144744316,266.1430969238281,18931700
2021-07-13,22.979999542236328,22.989999771118164,22.420000076293945,22.450000762939453,24748800.0,90.4800033569336,91.41000366210938,89.83000183105469,90.26000213623047,30367600,348.4401335756202,355.36927477322456,345.76362542747296,349.0249938964844,11456000,125.92192889241436,126.93196989649446,125.56112974067463,126.2222671508789,19240000,228.77333068847656,231.0933380126953,222.10000610351562,222.84666442871094,62898300,140.2725165312551,143.61304176059716,139.8829577523025,141.84051513671875,100827100,20.330177323660422,20.390718871936702,20.04466588340788,20.18019676208496,290708000,266.33497693412966,271.4501759643952,266.2102409837941,269.6555480957031,26120100
2021-07-14,22.489999771118164,22.6200008392334,21.510000228881836,21.559999465942383,33796200.0,90.76000213623047,91.4000015258789,88.94000244140625,89.05000305175781,28108500,351.4735177226943,352.10796098033563,343.71169195773086,344.6038513183594,13894200,126.83333143656799,128.1898105196962,126.7902109907261,127.10987854003906,23742000,223.5833282470703,226.20333862304688,217.6133270263672,217.7933349609375,64923600,144.23636128185524,145.66801299296932,143.8273051980656,145.2589569091797,127050800,20.287572800347288,20.347365436416478,19.684658809651104,19.773101806640625,380100000,270.97034639354206,272.2275466221714,269.2428749057434,271.1239013671875,23113700
2021-07-15,21.719999313354492,22.05500030517578,21.010000228881836,21.469999313354492,31871000.0,89.77999877929688,89.77999877929688,86.18000030517578,86.93000030517578,38944700,346.18989077833317,346.18989077833317,337.25831503012074,341.4613952636719,14781600,127.51826516357463,127.56881182649684,125.41788646020213,125.88871002197266,24218000,219.4633331298828,222.04666137695312,212.6266632080078,216.86666870117188,60628800,145.34658191074038,146.08674942463531,143.25266291922637,144.6063995361328,106820300,19.74345771305895,19.77858591455297,18.79349276060635,18.90087127685547,550564000,270.63442855853714,271.1238831737116,268.5518741472632,269.7035217285156,22604200
2021-07-16,21.600000381469727,21.709999084472656,21.239999771118164,21.3700008392334,19503100.0,87.31999969482422,88.02999877929688,85.68000030517578,85.88999938964844,35860700,341.9075415739222,342.9781267988666,337.17907559820964,338.190185546875,11026100,126.54093661242045,126.68812995291671,125.04470541650979,125.8540267944336,20424000,218.22666931152344,218.89999389648438,214.06666564941406,214.74000549316406,49113000,144.58697348148013,145.85304711779946,142.0742788872529,142.5709686279297,93251400,18.964900147522947,19.090963266733112,18.010700300983057,18.09839630126953,688224000,270.7016516270204,272.6498347308158,268.19682804350134,269.4348449707031,26186800
2021-07-19,20.969999313354492,21.690000534057617,20.549999237060547,21.540000915527344,30314400.0,84.98999786376953,87.2300033569336,84.23999786376953,86.58000183105469,39244800,334.6314437321854,336.832119732579,331.627821241965,334.016845703125,14372300,124.9812522316888,125.09573845007814,122.41946523144453,123.48303985595703,27968000,209.9633331298828,215.73333740234375,207.09666442871094,215.4066619873047,63891300,139.99983785193092,140.31149679803218,137.97409928442224,138.73374938964844,121434600,17.853497190988364,18.976362343498174,17.803917401134495,18.715017318725586,749060000,267.68821296919947,269.0701786607104,263.3887901846065,265.8456115722656,32935600
2021-07-20,21.6299991607666,22.350000381469727,21.219999313354492,22.18000030517578,22954000.0,87.08999633789062,87.7699966430664,85.16999816894531,87.11000061035156,28089000,335.85067210625715,340.4602172096877,331.5881164912914,338.685791015625,11024300,124.42419961251387,125.92638235763302,123.25755022531956,125.10021209716797,26312000,217.3300018310547,220.79666137695312,213.5,220.1666717529297,46461300,139.71742366986297,143.26246279631377,139.23046766424767,142.3372344970703,96350000,18.665442975738188,18.77307053516643,18.101393819429756,18.547849655151367,434687000,266.8244526302893,269.64596306299137,265.1258001402408,268.0624694824219,26259700
2021-07-21,22.270000457763672,22.68000030517578,22.1200008392334,22.520000457763672,20437300.0,87.25,89.48999786376953,86.9000015258789,89.41000366210938,29469900,338.5271983069589,343.50348766663694,338.27937458931103,343.2160339355469,9279700,125.02489226005899,126.47453963321436,124.91585846213128,126.4279556274414,20746000,219.8699951171875,221.6199951171875,216.76333618164062,218.42999267578125,41859900,141.7334095777614,142.31776271135624,140.85689473808662,141.60679626464844,74993500,18.816914001718725,19.459691152678595,18.677397187844907,19.343093872070312,371017000,267.6593524599545,270.173752645904,266.1142551272196,270.05859375,24364300
2021-07-22,22.549999237060547,22.670000076293945,21.8799991607666,22.06999969482422,17468900.0,89.4000015258789,91.36000061035156,89.08000183105469,91.20999908447266,33730100,343.66215378621683,348.4798633636658,342.2049488818436,348.1329040527344,12385400,126.72034672526937,127.35373032326339,126.37837781235324,127.29276275634766,14302000,218.81333923339844,220.72332763671875,214.86666870117188,216.4199981689453,45317100,142.13271101540525,144.33374665171397,142.00609770767423,142.97027587890625,77338200,19.574295529309875,19.818449966161833,19.209555981723096,19.526460647583008,323826000,272.40028518129105,274.8763188626381,271.9972290018453,274.60760498046875,23384100
2021-07-23,22.010000228881836,22.079999923706055,21.510000228881836,21.809999465942383,17653300.0,91.3499984741211,92.37000274658203,90.19000244140625,92.1500015258789,31708900,357.7682497249188,372.0627053911015,354.0806314483372,366.5709533691406,33694300,129.2840991163657,132.22651378843682,128.6596466811027,131.84588623046875,41506000,215.45333862304688,216.26666259765625,212.43333435058594,214.4600067138672,43814700,143.7007109713398,144.84018616778306,143.0871416883638,144.68435668945312,71447400,19.588247101340414,19.63209605947266,19.183646421770963,19.490585327148438,195672000,275.78804130305343,278.30244201944714,274.9531098439966,277.995361328125,22768100
2021-07-26,21.799999237060547,22.299999237060547,21.479999542236328,22.1299991607666,16267900.0,92.01000213623047,92.75,91.12000274658203,91.81999969482422,27668500,366.36271751347635,371.18042595459303,365.0145711113997,369.2176513671875,14925200,132.1566459971667,133.05715404694908,131.13866459340358,132.85693359375,30572000,216.99000549316406,222.73333740234375,215.70333862304688,219.2066650390625,76009800,144.40197716362837,145.92127793479057,143.84684003377652,145.1031951904297,72434100,19.244434884003283,19.374981936997983,18.848802099805674,19.227493286132812,203943000,277.35232595583216,278.01451897326893,275.08745596802055,277.4002990722656,23176100
2021-07-27,21.959999084472656,22.110000610351562,21.09000015258789,21.68000030517578,23078700.0,92.94000244140625,94.0999984741211,89.0999984741211,91.02999877929688,69427000,368.67250006703915,369.9016960963588,361.3765536706244,364.6081848144531,15705400,133.07054257003838,133.2177359147412,128.9604875498707,130.74069213867188,54710000,221.13333129882812,222.1666717529297,209.0800018310547,214.92666625976562,98439900,145.22978588093153,145.31744927511497,141.75292697377066,142.94110107421875,104818600,19.198591207828677,19.554360946532352,18.676397315586588,19.141788482666016,248863000,277.7650553283684,277.9090039999305,271.5462384158954,274.9915466308594,33604100
2021-07-28,21.75,22.614999771118164,21.690000534057617,22.559999465942383,25073600.0,93.44000244140625,98.70999908447266,89.6500015258789,97.93000030517578,140561000,371.2994349422472,374.26339716924025,363.73584961530185,370.03057861328125,29676900,135.11391338631623,137.08146728842348,134.08850576613955,134.8978271484375,95130000,215.6666717529297,218.32333374023438,213.13333129882812,215.66000366210938,48019800,141.03217541296894,143.13582861718922,138.82139130869905,141.19773864746094,118931200,19.252409967559455,19.57828250324593,18.929527349738116,19.435775756835938,202191000,277.34276730213355,278.4560190983951,272.3907283274344,274.6844177246094,33566900
2021-07-29,22.780000686645508,22.850000381469727,22.139999389648438,22.18000030517578,19219100.0,96.58000183105469,105.73999786376953,96.58000183105469,102.94999694824219,164091800,357.8574688091655,362.3381109905446,353.6345427376173,355.2008056640625,33413200,134.95333000907334,135.45984024693942,134.35167044138507,134.5841064453125,31716000,216.59666442871094,227.89666748046875,216.26666259765625,225.78334045410156,91183800,140.91530189117023,142.72677844865797,140.80817099785102,141.84051513671875,56699500,19.451718199146022,19.78456845561129,19.261376580692936,19.594226837158203,190781000,274.70353348763825,276.9876159825094,274.5499785237899,274.95306396484375,18168300
2021-07-30,21.850000381469727,22.4060001373291,21.709999084472656,21.709999084472656,15889200.0,101.5999984741211,106.97000122070312,101.37999725341797,106.19000244140625,125632000,350.91839806606083,357.58982369964633,349.86762788183586,353.1983642578125,15976200,133.84814909697133,134.11528112375458,133.07500591131242,133.5423583984375,25576000,223.9199981689453,232.50999450683594,223.0,229.06666564941406,88969200,140.61336350822003,142.51248818234407,140.35040321158382,142.05474853515625,70440600,19.35106921939,19.562338390382465,19.196604690590537,19.431791305541992,183497000,273.6767461132666,275.10668495635474,272.4675187874959,273.4272155761719,20944800
2021-08-02,21.90999984741211,22.3700008392334,21.479999542236328,22.100000381469727,21372900.0,105.93000030517578,110.33000183105469,103.83000183105469,108.62999725341797,115581900,354.9827187252499,356.2713900270993,347.6867723455861,348.8862609863281,13180400,133.92942502207725,134.14699347911008,132.61805515773415,133.6692352294922,21634000,233.3333282470703,242.31333923339844,232.8000030517578,236.55667114257812,100847400,142.54173040964227,143.1163348001012,141.46068772656318,141.72364807128906,62880000,19.632097922483993,19.892197976723832,19.29426570330478,19.68192481994629,217444000,274.8187014564499,275.2121805728668,272.30430107664915,273.3407897949219,16267400
2021-08-03,22.030000686645508,22.270000457763672,21.709999084472656,22.239999771118164,17040100.0,108.1500015258789,114.8499984741211,107.66000366210938,112.55999755859375,157723100,349.6593922111572,350.6903169230555,344.67318105471554,348.1823425292969,12406100,133.94725240636728,134.53900531485272,132.14771857757245,134.4379119873047,20762000,239.6666717529297,240.88333129882812,233.6699981689453,236.5800018310547,64860900,142.00608912842299,144.17790846415585,141.39251988736964,143.51565551757812,64786600,19.67195614363054,20.152295043077654,19.153748123448008,19.7466983795166,301811000,273.91662898110934,275.6536775635122,272.55384686025644,275.548095703125,17879000
2021-08-04,22.200000762939453,22.540000915527344,22.06999969482422,22.299999237060547,15537400.0,114.36000061035156,122.48999786376953,114.16000366210938,118.7699966430664,225368700,349.3521461852516,357.3419802981205,348.450064236777,355.7955627441406,14180600,134.15986590683238,134.45723212121203,133.30494371224364,133.93783569335938,19676000,237.0,241.63333129882812,236.30999755859375,236.97332763671875,51007800,143.42799191035715,143.93441533592062,142.46381389891334,143.1163330078125,56368300,19.9210953580706,20.247965779199756,19.759653109158858,20.204116821289062,231309000,274.6844787394723,275.999258954116,273.1777474082204,274.9627990722656,16191300
2021-08-05,22.219999313354492,22.770000457763672,22.020000457763672,22.520000457763672,18575200.0,116.62999725341797,117.68000030517578,111.58999633789062,112.3499984741211,137860900,356.50927386702796,360.73216911380524,353.79310556296895,359.8102722167969,10247200,134.48797455260816,135.15159999068044,133.6608059857469,135.053955078125,17870000,238.6666717529297,240.31666564941406,237.1366729736328,238.2100067138672,38758800,143.14553498911508,143.9830996308228,142.35666890369407,143.22344970703125,46397700,20.429337660982515,20.661534325497566,20.271881335250495,20.56586456298828,211435000,275.317795323746,277.95696126160766,274.56923306560276,277.85137939453125,13900200
2021-08-06,22.639999389648438,22.690000534057617,21.790000915527344,21.81999969482422,24200700.0,110.55000305175781,116.26000213623047,109.69999694824219,110.11000061035156,143899000,358.25399398453993,361.9713501000102,358.25399398453993,360.34564208984375,8925000,134.8463008593739,135.27301333831355,134.0216127855547,134.5454559326172,20488000,237.3000030517578,238.77667236328125,232.5433349609375,233.03334045410156,46869000,142.74556017853746,143.48683682415765,142.04329182669468,142.5407257080078,54126800,20.453257506969045,20.49909848157322,20.14033873074639,20.295801162719727,178497000,276.8821288688246,277.83221931412936,276.0279846719422,277.7938232421875,16589300
2021-08-09,21.850000381469727,23.280000686645508,21.799999237060547,22.93000030517578,35611100.0,111.30999755859375,112.33000183105469,107.05999755859375,107.58000183105469,115749900,360.59340518391826,362.59580978398236,357.6095981631221,358.46209716796875,7798900,134.74763536260093,135.9782240190898,134.1499234651072,135.7095947265625,17760000,236.72332763671875,239.67666625976562,235.0433349609375,237.9199981689453,44145900,142.59926530339968,143.0869508994325,141.936020036627,142.49197387695312,48908700,20.37552091210464,20.43730746916473,20.07356586786639,20.22504234313965,146443000,278.07207151949774,279.7995135705784,276.2102578952192,276.70928955078125,16117600
2021-08-10,23.010000228881836,23.520000457763672,22.780000686645508,22.920000076293945,25947900.0,107.9000015258789,109.16999816894531,104.36000061035156,106.4800033569336,113012300,358.6802469729181,360.93050592413266,355.91455577806516,357.9863586425781,7469900,136.1348700275815,136.5615976540386,135.1659681179456,135.60458374023438,19414000,237.99667358398438,238.8633270263672,233.9600067138672,236.663330078125,40296900,142.83336158468475,144.0720871817776,141.7214390067462,142.01405334472656,69023100,20.25195008967123,20.35957761344973,19.766627375953473,19.867280960083008,179238000,277.16040859309794,277.5922838439448,273.70552373680465,274.8955383300781,18616600
2021-08-11,23.06999969482422,23.190000534057617,22.09000015258789,22.350000381469727,34679000.0,107.5999984741211,109.79000091552734,105.62000274658203,107.68000030517578,91788300,358.9478318000606,359.2055478614427,354.6951688902367,356.8264465332031,8400300,135.97575592511646,136.47234431331293,135.07375067749174,135.08119201660156,15352000,237.57000732421875,238.39332580566406,234.73666381835938,235.94000244140625,29401800,142.45291622735687,143.10641291368987,141.94571921595733,142.26759338378906,48493500,19.973908022072912,19.9798878561772,19.363022159673235,19.631093978881836,185925000,275.6345110192113,277.0260831007816,274.3389144756151,275.385009765625,13955900
2021-08-12,24.450000762939453,25.760000228881836,23.584999084472656,24.889999389648438,189287200.0,107.38999938964844,108.44000244140625,105.86000061035156,106.5,60578700,355.32968244107315,359.84006230584646,354.0013206031575,359.49310302734375,7170700,134.78034802692147,136.09321502482874,134.2351943102001,135.98814392089844,16506000,235.44667053222656,240.93333435058594,233.13333129882812,240.75,52377300,142.5895380873464,145.3791007055084,142.24815216632183,145.22303771972656,72282600,19.801508432244812,19.959958849718042,19.552370188713052,19.836387634277344,151652000,275.0778108490083,278.2831936254775,274.7994906651279,278.129638671875,14561300
2021-08-13,25.0,25.100000381469727,24.309999465942383,24.899999618530273,52395100.0,107.16999816894531,111.70999908447266,106.56999969482422,110.55000305175781,100135700,359.81033018281977,361.48562107299557,358.33331038394755,360.01849365234375,7195700,136.04368651541876,136.6448621761121,135.82859848405317,136.51698303222656,15948000,241.23666381835938,243.3000030517578,238.1133270263672,239.05667114257812,50194500,145.30103817728678,145.75946379823836,144.6182813640554,145.42784118652344,59375000,19.836386591609863,20.14432145963521,19.782571882288952,20.118410110473633,183063000,277.81309753119916,281.0952448633655,277.64032981295765,281.0472717285156,18249000
2021-08-16,24.899999618530273,24.899999618530273,23.770000457763672,24.5,45907300.0,110.19999694824219,111.58000183105469,105.87000274658203,107.4800033569336,73325400,359.36423946467784,363.75569914673264,354.2689990806307,363.36907958984375,11222100,136.31625185991177,137.14639993489493,134.10981879520125,137.09385681152344,22384000,235.02333068847656,236.5,225.46665954589844,228.72332763671875,68032200,144.88161214330344,147.46635440777192,142.8626017681946,147.3980712890625,103296000,20.065593064053427,20.217069532094754,19.385942869614865,19.8812313079834,210876000,281.37347818942425,282.93778849851935,278.33122675983446,282.7266540527344,22507600
2021-08-17,23.899999618530273,24.59000015258789,23.739999771118164,23.969999313354492,35348300.0,106.63999938964844,108.69999694824219,105.3499984741211,107.55999755859375,74053900,359.82024623999826,361.495537099571,351.979099677339,355.3296813964844,12328700,136.53926086012802,137.05023283102287,134.8859222967135,135.4603271484375,21716000,224.22000122070312,224.86000061035156,216.27999877929688,221.90333557128906,71163900,146.53000561245062,147.94429082183916,145.4180830822368,146.49099731445312,92229700,19.61714701214786,19.70185501306102,19.2005885511107,19.39093017578125,204585000,280.60574999790174,281.60381354222284,279.3485202964206,281.2679138183594,20075300
2021-08-18,24.06999969482422,25.940000534057617,23.68000030517578,25.280000686645508,92065600.0,107.3499984741211,108.06999969482422,103.2699966430664,103.44000244140625,79387900,353.1488283079139,356.7273885805119,352.05839780521046,352.3558044433594,10042400,135.30027185515118,135.89946615420885,134.13213260953893,134.25851440429688,19258000,223.25,231.92333984375,223.11666870117188,229.663330078125,61048200,146.11062014748856,147.00795993561067,142.5505060596621,142.75534057617188,86326000,19.432782492944614,19.566321363540087,18.934506018766548,18.974369049072266,285913000,280.8063906085156,283.4794538884407,279.1044566907851,279.5467834472656,21813000
2021-08-19,25.010000228881836,25.639999389648438,24.139999389648438,24.15999984741211,67605600.0,103.31999969482422,106.18000030517578,101.9800033569336,103.69999694824219,71117500,348.29145476053645,354.45730999360205,347.9444955095023,352.02862548828125,12004500,133.2539190566179,135.15406239448427,133.0700483663603,134.4874725341797,21782000,226.07000732421875,228.85000610351562,222.52999877929688,224.49000549316406,42940500,141.45810671739775,144.35496083837427,140.94116108881812,143.08697509765625,86960300,19.42680809108731,20.424359224715,18.697330779144767,19.729761123657227,766555000,277.5852791245708,286.0275472712108,277.5372141574895,285.3544616699219,29850500
2021-08-20,24.219999313354492,24.479999542236328,23.65999984741211,24.010000228881836,52062300.0,104.31999969482422,105.9800033569336,103.98999786376953,104.6500015258789,55227600,351.51320258267305,356.8562667425622,350.23442360021545,356.2416687011719,8697700,134.80466325730745,136.34500562415587,134.06125518787377,136.2216033935547,31194000,227.61666870117188,230.7100067138672,224.56666564941406,226.75332641601562,44525700,143.8087395067066,144.84263065061194,143.16499090967656,144.54026794433594,60549600,19.922094106648743,20.793082144793182,19.864295359597282,20.744251251220703,675741000,288.190963446094,294.0755466635113,286.5948135303095,292.6524658203125,40817600
2021-08-23,24.020000457763672,24.93000030517578,23.899999618530273,24.81999969482422,35705300.0,105.30000305175781,109.0199966430664,104.86000061035156,108.7699966430664,68835300,356.3110147999508,362.50660746457834,355.97397818922514,360.1869812011719,10942000,136.75685870008374,139.63632491734674,136.39804086783937,138.81065368652344,28454000,228.47999572753906,237.3766632080078,226.9166717529297,235.43333435058594,60794700,144.65725320674125,146.4909552284507,144.2475992220361,146.0227813720703,60131800,20.898715368530024,21.921177903907907,20.877787845028326,21.882312774658203,575807000,291.5852240575287,293.65251656215764,290.2390821482606,292.9313659667969,22830200
2021-08-24,25.0,25.350000381469727,24.760000228881836,25.100000381469727,37227400.0,109.44999694824219,109.61000061035156,107.27999877929688,107.6500015258789,51239300,360.49431489699504,364.75687096002576,358.69015087883326,362.3282165527344,9235100,139.37560151358608,140.8312000481315,139.10500598800886,140.0198974609375,19268000,236.89332580566406,238.4066619873047,234.2133331298828,236.163330078125,39249300,145.76920152361467,147.1444782861979,145.47658722985506,145.9350128173828,48606400,21.678017210916853,21.88330650113912,21.460768250925426,21.717878341674805,297299000,293.28707625697854,293.892847343343,290.38325427792677,290.9794006347656,18175800
2021-08-25,25.1200008392334,25.190000534057617,24.06999969482422,24.350000381469727,54678500.0,108.12999725341797,109.91000366210938,107.44999694824219,108.30000305175781,45485500,362.4174147958785,367.6316053022577,362.2191437187731,365.1831359863281,9684500,140.38021101321203,140.9397483469501,140.13340657445173,140.83021545410156,15848000,235.67666625976562,238.99000549316406,234.6666717529297,237.06666564941406,37936800,146.12032437546637,146.61777310120064,144.15983406027962,144.70603942871094,58991300,21.66207355456047,22.392546755792843,21.647125866786784,22.136432647705078,347701000,292.59471346387596,292.8735664724447,288.86398709784237,290.392822265625,20006100
2021-08-26,24.399999618530273,25.40999984741211,24.360000610351562,24.8700008392334,46179400.0,108.56999969482422,109.2300033569336,106.83999633789062,107.2699966430664,51442500,365.17321790623237,366.2239880737597,360.96021460656846,361.2080383300781,7888700,140.50411569948363,141.1657446019955,140.1145645733413,140.1973419189453,20610000,236.10333251953125,238.46665954589844,232.5399932861328,233.72000122070312,39642900,144.6963131171606,145.44733817166107,143.87699005673284,143.90625,48597200,22.123474959245595,22.262991755856135,21.71488842565147,21.99193000793457,237940000,289.41217526111103,290.7967868843221,287.45066658130844,287.58526611328125,17666100
2021-08-27,25.049999237060547,26.09000015258789,24.90999984741211,25.709999084472656,52268500.0,108.01000213623047,111.77999877929688,107.80000305175781,111.4000015258789,61030000,361.9217211377598,370.4864920908366,360.91058112633107,369.38616943359375,11219100,140.40747821898057,143.2423415908645,140.25334264721428,142.73831176757812,28780000,235.0,238.3333282470703,234.03334045410156,237.30667114257812,41501400,143.847714105832,145.08643947056316,143.21372889495123,144.9401397705078,55802400,22.107532230785125,22.643677862471055,22.090590631749375,22.557973861694336,304722000,287.4890486022759,289.29673726337023,285.4121315880625,288.19097900390625,22605700
2021-08-30,25.739999771118164,26.600000381469727,25.6200008392334,25.760000228881836,44139300.0,112.61000061035156,114.48999786376953,111.26000213623047,111.31999969482422,56130500,369.31681888061235,378.1690749179181,367.2945688504509,377.3463134765625,13547300,143.13084003592397,144.68754743750398,142.89592354953737,143.31967163085938,24434000,238.24000549316406,243.6666717529297,237.57666015625,243.6366729736328,55812600,145.33029180641267,149.70971334019745,144.9498976782118,149.34881591796875,90956700,22.75130150447576,22.96356660779961,22.473263928214713,22.609790802001953,262580000,289.53705863519326,292.5178193402861,289.4793689535972,291.91204833984375,16348100
2021-08-31,25.790000915527344,26.360000610351562,25.65999984741211,26.34000015258789,93168600.0,111.26000213623047,111.26000213623047,109.02999877929688,110.72000122070312,49339000,376.6424989511328,379.4280351230296,375.5024856460896,376.07745361328125,12345400,143.8712474507567,143.89552255155283,143.01286173699748,143.42568969726562,22448000,244.3333282470703,246.79666137695312,242.14666748046875,245.24000549316406,62566200,148.90016654739884,149.03671791602926,147.5638979226051,148.09060668945312,86453100,22.62075674664323,22.62075674664323,22.04763890496798,22.311771392822266,259850000,292.7102186066526,292.7871284221074,289.9025261716433,290.2679138183594,26285300
2021-09-01,26.459999084472656,26.510000228881836,26.030000686645508,26.200000762939453,34417200.0,111.30000305175781,111.8499984741211,109.8499984741211,109.98999786376953,38579600,376.28563561020815,380.984363857357,375.5124267815391,378.7242126464844,11567200,143.72554217822025,144.96851813744988,143.61006529217806,143.93914794921875,21936000,244.69332885742188,247.3300018310547,243.7566680908203,244.69667053222656,39612900,149.06598641010868,151.16302859498964,148.58804915099893,148.7538604736328,80313700,22.411450461472807,22.622756886870178,22.283868900667112,22.36759376525879,201767000,291.2198217734967,293.45058787896966,289.8929000496603,290.2198181152344,18983800
2021-09-02,26.209999084472656,26.8700008392334,26.09000015258789,26.510000228881836,38460100.0,110.31999969482422,110.87999725341797,108.7699966430664,109.19999694824219,40090500,378.178946587326,378.4267702744736,370.8037112376585,372.0130920410156,14832900,143.93968027138507,144.24051010678463,141.92652519793006,142.0276336669922,32342000,244.8333282470703,246.99000549316406,243.51333618164062,244.1300048828125,38331900,150.08033599159282,150.9094073223183,148.6465393833382,149.86575317382812,71115500,22.44433930541851,22.51909472765023,22.22206920355075,22.322738647460938,187834000,290.5755767585639,291.69093033858195,288.6332593639689,289.5659484863281,16285600
2021-09-03,26.489999771118164,26.75,26.219999313354492,26.639999389648438,26609500.0,108.8499984741211,111.16999816894531,108.5,109.91999816894531,42605800,371.48778459469844,373.87680906781947,369.862046346664,372.9846496582031,7509600,141.82293077721366,142.88798016222196,141.14889962263817,142.47613525390625,19850000,244.0833282470703,244.6666717529297,241.39999389648438,244.52333068847656,45738300,149.9730471583683,150.82163009154993,149.31955034140017,150.499755859375,57808700,22.25196732176619,22.9108042435258,22.12737624359529,22.768272399902344,280532000,289.4121733950397,290.96025873676706,288.71027219948047,289.5564270019531,14747900
2021-09-07,26.790000915527344,26.8799991607666,26.270000457763672,26.700000762939453,35835100.0,109.95999908447266,110.58000183105469,108.66000366210938,109.1500015258789,28815200,372.60791241783016,379.62626663292235,369.9016665912914,378.8530578613281,10793800,142.57031097305716,143.29438972638894,142.3567051696293,143.01239013671875,20124000,246.6666717529297,253.39999389648438,246.4199981689453,250.97332763671875,60119400,151.15326259436534,153.38685589495006,150.58754556278473,152.83090209960938,82278300,22.758305960984877,22.82409003815894,22.448322522567985,22.587865829467773,198107000,289.4312987154951,289.50820850832446,286.7293910832392,288.6332092285156,17180400
2021-09-08,26.600000381469727,26.610000610351562,24.959999084472656,25.579999923706055,54394400.0,108.87999725341797,109.30000305175781,105.5199966430664,106.16999816894531,43067900,376.85065315181134,377.5544640235521,371.5274046568623,374.283203125,11067200,142.8334564312198,143.1308075175627,141.7431186990499,142.42803955078125,18344000,253.86000061035156,254.81666564941406,246.92333984375,251.2899932861328,56379000,153.1137802396808,153.17230013553674,150.1876663830064,151.2898406982422,74420200,22.439355044930288,22.53603785625392,21.905107228441466,22.26592445373535,254434000,288.24859585626535,289.0466559837232,286.0274551684029,288.66204833984375,15046800
2021-09-09,25.389999389648438,26.239999771118164,25.290000915527344,26.1299991607666,34190800.0,106.55999755859375,107.30000305175781,105.83999633789062,106.1500015258789,31857900,374.352560035707,376.52346768397246,373.29186740372745,374.70941162109375,9098900,142.5762555754694,143.04212585693128,141.91908838731538,142.27938842773438,15314000,251.1366729736328,254.03334045410156,250.5433349609375,251.6199951171875,42233100,151.66049241202037,152.2652178698881,150.1584122397238,150.2754669189453,57305700,22.239016490910437,22.464277065145424,22.058608795237394,22.10445785522461,196856000,289.24866239641324,290.5178943078141,285.5755955060056,285.81597900390625,19927000
2021-09-10,26.18000030517578,26.729999542236328,26.170000076293945,26.280000686645508,37307800.0,106.98999786376953,106.98999786376953,104.9800033569336,105.19999694824219,32602300,378.04020354167477,380.4490731082647,374.9672135938655,375.3934631347656,11549600,142.9449634747417,143.4465279342337,139.5010145668301,139.63780212402344,36840000,253.1999969482422,254.20333862304688,244.83999633789062,245.42333984375,45552600,151.18249570977798,151.650669593774,145.03765581078468,145.30101013183594,140893200,22.2748946360381,22.55198511877038,22.197150672313043,22.404470443725586,248376000,286.9410140892641,288.38331521441347,284.01794225939454,284.3352355957031,19633400
2021-09-13,26.149999618530273,26.23900032043457,25.030000686645508,25.829999923706055,42372300.0,105.26000213623047,105.27999877929688,102.62999725341797,104.80000305175781,37767800,378.357399146683,378.42679704445317,371.09122143634556,373.232421875,13026300,140.7018527362788,141.6935625224341,140.00850740514775,141.0814971923828,22094000,246.73666381835938,248.25999450683594,236.28334045410156,247.6666717529297,68857500,146.9201321568595,147.69066866511997,145.08642999338122,145.86672973632812,102404300,22.609795740171823,22.88888048395177,21.786497552074803,22.07953643798828,297500000,286.1044662823442,287.05640501689754,282.7679417050382,285.5660095214844,23652900
2021-09-14,25.969999313354492,26.700000762939453,25.899999618530273,26.260000228881836,34569000.0,105.5199966430664,106.81999969482422,104.41999816894531,105.7300033569336,40629500,374.1146494141582,375.2942926398303,371.84457586409377,373.2522277832031,8711600,141.73866598781828,142.10294377890315,140.50411441226078,141.2916259765625,19674000,247.52333068847656,251.49000549316406,245.46665954589844,248.163330078125,55574700,146.64705797915482,147.34932639599026,143.2917788504928,144.4719696044922,109296300,22.202133951589552,22.336692569612442,22.013753027023114,22.16924285888672,199755000,288.0371678804035,289.796791808923,286.6333362364003,288.2583312988281,21853400
2021-09-15,26.299999237060547,27.149999618530273,26.030000686645508,27.079999923706055,49555500.0,106.0,106.31999969482422,104.02999877929688,105.5999984741211,37998900,373.71815280840957,374.2732754958761,364.46938530837144,370.66497802734375,17940300,141.51664778400357,143.1808915102632,140.10516764345076,143.1600799560547,27408000,248.3333282470703,252.2866668701172,246.1199951171875,251.94332885742188,46073100,144.9011172737186,145.7594485393446,142.76505234502355,145.3595428466797,83281300,22.236020817611784,22.293831645548725,21.894142459272885,22.267915725708008,166538000,291.5948576961373,293.5756157110724,290.2102461632535,293.0948486328125,28356300
2021-09-16,27.200000762939453,28.790000915527344,27.020000457763672,28.6299991607666,109992000.0,104.91999816894531,106.75,103.76000213623047,106.22000122070312,38150300,369.5448307526397,370.30811692774245,366.4916255483903,369.8124694824219,11934200,142.68527016924585,143.03170083482422,141.14988885441545,142.34776306152344,26190000,250.94332885742188,252.97000122070312,249.20333862304688,252.3300018310547,41770200,144.78411725815147,145.30106285331667,143.59416308886955,145.12548828125,68034100,22.110435843651945,22.20412821528791,21.855272750166648,22.16924285888672,156033000,292.0755692493566,293.5659351711585,289.19096732817496,293.4794006347656,19550800
2021-09-17,28.65999984741211,29.290000915527344,28.06999969482422,28.709999084472656,182052600.0,105.55999755859375,105.9800033569336,103.70999908447266,103.87999725341797,44528300,368.1768086376163,368.1768086376163,358.4422863528636,361.5450439453125,26299000,141.7733797216764,142.18918733159688,139.23538335972722,139.56248474121094,53384000,252.38333129882812,253.67999267578125,250.0,253.163330078125,84612600,145.15472586644688,145.15472586644688,142.17007797103764,142.4626922607422,129868800,22.22704878803294,22.247979999045086,21.758586993159383,21.828357696533203,294503000,292.4697880609758,292.7870813462865,288.0082565459675,288.3351745605469,41372500
2021-09-20,27.56999969482422,28.100000381469727,26.059999465942383,26.549999237060547,89413500.0,101.58000183105469,102.51000213623047,99.51000213623047,101.55000305175781,45228400,356.17224460756535,357.88719567110746,346.7549430803481,352.6036071777344,19822800,136.94716512358414,137.77829631791283,135.12384006043985,137.50025939941406,46518000,244.85333251953125,247.3333282470703,239.5399932861328,243.38999938964844,74273100,140.25832940322934,141.27270852567665,137.79064237509579,139.4195098876953,123478900,21.076830688273485,21.36289255637249,20.594414612488368,21.0439395904541,349440000,284.9313439067863,287.2294241436648,278.3833000222743,282.97943115234375,38278700
2021-09-21,26.889999389648438,27.14900016784668,26.079999923706055,26.6200008392334,50933600.0,102.1500015258789,103.43000030517578,101.18000030517578,102.81999969482422,35481500,355.3792435144386,356.90584622489916,352.09805961371984,354.3681335449219,11751900,138.5211988911411,138.78090469038185,137.06263570579478,137.81100463867188,25332000,244.92999267578125,248.24667358398438,243.47999572753906,246.4600067138672,48992100,140.38514645685206,141.03865814980705,139.2634757155347,139.8974609375,75834000,21.346936627930145,21.354909878936546,20.881465306301873,21.176496505737305,204688000,284.3159844038209,286.09482813249366,282.7583040538949,283.460205078125,22364100
2021-09-22,26.610000610351562,27.770000457763672,26.582000732421875,27.43000030517578,44308100.0,102.81999969482422,104.55999755859375,102.20999908447266,104.37999725341797,34126300,344.20731461578043,346.7945796004399,337.7242379588481,340.2222900390625,43692900,138.07962340432297,139.64870264345097,137.33373489370697,139.05050659179688,25056000,247.8433380126953,251.22332763671875,246.3733367919922,250.64666748046875,45378900,140.8923300236282,142.82356032742504,140.1608018149043,142.2578582763672,76404300,21.296108496012426,21.888165314452635,21.126664510196306,21.86922836303711,268726000,285.3160036325235,288.6717480113228,283.18139690958066,287.0948181152344,26626300
2021-09-23,27.709999084472656,29.190000534057617,27.670000076293945,28.770000457763672,60028600.0,104.88999938964844,106.86000061035156,103.88999938964844,106.1500015258789,32816700,342.35355082163966,346.6260591567218,340.01410966092726,342.9483337402344,21806300,139.7483157407974,140.45108373468472,139.1674677468827,139.9748077392578,20952000,251.6666717529297,252.73333740234375,249.30667114257812,251.2133331298828,35842500,143.03818581433492,143.45760318499043,142.05306622379317,143.21376037597656,64838200,22.067570844468374,22.461279102173783,21.81838869165872,22.4084529876709,248555000,287.35439803754895,289.32553070009544,286.0851663082223,288.0370788574219,18604600
2021-09-24,28.270000457763672,28.760000228881836,27.900999069213867,28.559999465942383,40309700.0,105.19000244140625,106.05000305175781,104.68000030517578,105.80000305175781,26482600,340.2520335333708,351.2653350122628,339.38961185696587,349.8874206542969,18801900,139.30327875954345,141.07953591694633,139.00839293774456,140.9650421142578,22984000,248.6300048828125,258.26666259765625,248.18666076660156,258.1300048828125,64119000,142.07261201167256,143.8380319925802,141.97506891139548,143.30157470703125,53477900,21.99780629061381,22.076548344372082,21.789490317687935,22.008769989013672,217655000,286.7582917069234,288.26787776636394,285.5082799167376,287.835205078125,14999000
2021-09-27,28.229999542236328,28.3799991607666,27.229999542236328,27.469999313354492,44102800.0,105.06999969482422,108.44000244140625,103.44000244140625,108.16000366210938,51944300,346.7648133337811,352.05832365720045,344.0585677813947,350.5019836425781,15205800,139.5669415885207,140.69097726660868,138.83641973309338,139.83209228515625,21882000,257.7066650390625,266.3333435058594,256.4366760253906,263.78668212890625,84212100,141.88721590155166,142.3651530337308,140.2778597575895,141.7896728515625,74150700,21.638981339967028,21.7276909027937,21.255242424863432,21.58914566040039,245215000,284.7487154919009,285.06600882591306,281.6717947097084,282.8544921875,23571700
2021-09-28,27.020000457763672,27.1299991607666,25.209999084472656,25.34000015258789,64206200.0,106.83999633789062,107.6500015258789,101.41999816894531,101.5199966430664,74469000,344.94085556790003,346.5566709453313,335.9696496557969,337.6845703125,21710300,137.43633701546565,137.8739544208415,134.1702991315136,134.63616943359375,45772000,262.3999938964844,265.21331787109375,255.39332580566406,259.1866760253906,76144200,139.72187989437663,141.18493622834916,138.20030368832178,138.41488647460938,108972300,21.14460514549343,21.34893447038271,20.58344521216512,20.631288528442383,343069000,278.6525374846611,279.59485135493725,271.87373461890644,272.6141052246094,43186200
2021-09-29,25.610000610351562,25.700000762939453,24.420000076293945,24.520000457763672,46164500.0,102.30000305175781,102.66000366210938,99.80999755859375,100.3499984741211,52224700,340.162786850445,342.2246968681128,335.92996916562356,336.6535949707031,14452200,135.7760328990303,135.94553512593572,132.68842135183831,133.17262268066406,30848000,259.9333190917969,264.5,256.8933410644531,260.4366760253906,62828700,138.961106448078,140.89233684538155,138.53194083023718,139.31224060058594,74602000,20.871501019861885,20.948248800717536,20.40004683540283,20.44988441467285,218394000,274.1333769693656,275.7391224791571,272.1237742275419,273.07568359375,26353700
2021-09-30,24.690000534057617,25.049999237060547,23.8799991607666,24.040000915527344,59505600.0,102.08000183105469,104.44000244140625,101.98999786376953,102.9000015258789,57636700,337.48631691218293,339.8158354226693,335.20632078756825,336.435546875,16547100,133.08143210735338,134.35116361737062,132.3821276786133,132.50106811523438,37996000,260.3333435058594,263.0433349609375,258.3333435058594,258.49334716796875,53868000,140.12183534910463,140.82410382973063,137.80044704464729,138.01502990722656,89056700,20.70006335689361,20.997088873720934,20.620325128983062,20.64823341369629,221009000,274.71984547108286,276.7582926672313,270.78717529668586,271.0756530761719,32343600
2021-10-01,24.209999084472656,24.360000610351562,23.719999313354492,24.329999923706055,32778000.0,102.5999984741211,103.0,100.63999938964844,102.44999694824219,41491600,338.6362412870357,342.0165605763661,335.69212443224353,340.0240783691406,14905300,133.2658085579831,135.7071733415619,132.89460362239197,135.3428955078125,35360000,259.4666748046875,260.260009765625,254.52999877929688,258.40667724609375,51094200,138.40514469326044,139.40002732180153,135.68386603878685,139.1366729736328,94639600,20.68212181172919,20.79076450155357,20.13691029679446,20.674148559570312,240978000,271.2679443559621,278.8256162130786,270.46988411493584,277.9794616699219,30086300
2021-10-04,24.010000228881836,24.049999237060547,23.020000457763672,23.170000076293945,46789700.0,101.73999786376953,101.8499984741211,99.81999969482422,100.33999633789062,41967100,332.6091669200423,333.0156014474601,319.8908670335288,323.39013671875,42885000,134.76551219994235,134.76551219994235,129.89817950948486,132.4847412109375,51202000,265.5,268.989990234375,258.7066650390625,260.510009765625,91449900,138.26857120239484,138.70750000671873,134.86453634124737,135.71310424804688,98322000,20.436923825487426,20.474799620417603,19.49102893557556,19.667449951171875,345635000,276.3448372844205,276.68138001851474,269.46987576086445,272.2198486328125,31350700
2021-10-05,23.209999084472656,23.8799991607666,23.06999969482422,23.209999084472656,56574800.0,100.91999816894531,102.87000274658203,100.61000061035156,101.80999755859375,31455200,325.7196471719252,332.26219920558924,323.3207305857964,330.0615234375,35377900,132.86289428566997,136.01841621357198,132.86289428566997,134.8274688720703,32404000,261.6000061035156,265.7699890136719,258.0666809082031,260.1966552734375,55297800,136.0545317412187,138.73680249578317,135.92772872481194,137.63462829589844,80861100,19.884735680862036,20.58045217530821,19.78904906919752,20.384096145629883,279282000,273.1236812465694,279.2294271274474,273.1236812465694,277.65252685546875,24993000
2021-10-06,24.90999984741211,25.010000228881836,23.350000381469727,23.579999923706055,125175700.0,100.44999694824219,103.72000122070312,100.3499984741211,103.63999938964844,39071700,326.8695521281811,331.4691747245333,322.96384802328623,330.7356262207031,26443000,133.5656355859823,136.53926754708024,133.3673964801773,136.35589599609375,24364000,258.73333740234375,262.2200012207031,257.739990234375,260.9166564941406,43898400,136.03502801816884,138.6490157972431,134.9621137010957,138.50271606445312,83221100,20.054183467600772,20.652219202114356,20.014313404708272,20.632286071777344,297202000,274.78720381326485,282.33525208926756,274.5276001795463,281.8352355957031,28002600
2021-10-07,23.709999084472656,24.1299991607666,23.540000915527344,23.729999542236328,38873700.0,104.5999984741211,107.94999694824219,104.45999908447266,106.44999694824219,41543100,334.0663682700986,335.89034718472595,326.1161943728777,326.3540954589844,28307500,137.67124657959297,138.81114805651399,137.43236744248404,138.00132751464844,25110000,261.82000732421875,268.3333435058594,261.1266784667969,264.53668212890625,57587400,139.53660933038944,140.66804355787346,139.2049866756737,139.7609405517578,61732700,21.023002332349666,21.252251394930184,20.90339594423825,21.006059646606445,256919000,283.82562463617745,285.229485530052,282.6141116407885,283.5083312988281,20430500
2021-10-08,23.860000610351562,24.09600067138672,23.110000610351562,23.5,39713400.0,106.55000305175781,107.27999877929688,104.88999938964844,105.05999755859375,30623000,328.6241616109095,330.4976931247865,325.84851791179705,327.1768493652344,15946100,138.35023656244303,139.09760738627318,137.99389915584896,138.55691528320312,26526000,265.4033203125,265.4599914550781,260.3033447265625,261.8299865722656,50215800,140.48269778280476,140.62899749402928,139.04890108087716,139.38052368164062,58773200,21.031972742875528,21.136628803152057,20.707038964304342,20.762855529785156,151258000,284.82562830246127,285.229485530052,282.46026266569163,283.5083312988281,17685700
2021-10-11,23.260000228881836,23.979999542236328,23.260000228881836,23.530000686645508,23971700.0,104.62000274658203,107.19999694824219,104.0199966430664,104.68000030517578,31284400,324.77795902146374,327.58331033025894,322.4781475498492,322.616943359375,14708200,138.06775309903637,139.47527073185262,137.638544994846,137.6930694580078,17954000,262.54998779296875,267.0799865722656,261.8333435058594,263.9800109863281,42600900,138.76606124094116,141.2434974770439,138.31738395190774,139.29275512695312,64452200,20.507695778664687,20.994098397870303,20.443904055764555,20.627302169799805,163388000,281.6525631685585,286.50829832033395,281.489089470964,282.91217041015625,19298600
2021-10-12,23.549999237060547,23.809999465942383,23.290000915527344,23.690000534057617,26280000.0,105.16999816894531,106.04000091552734,104.33999633789062,105.04000091552734,34039900,320.2180199902008,321.55627427951157,314.6072867063975,320.9515686035156,31658700,138.25404471568856,138.28081538664392,134.56674022139998,135.24969482421875,36332000,266.9766540527344,270.7733459472656,265.5233459472656,268.5733337402344,66060000,139.70242001460875,139.72193160685052,137.56635459515326,138.0247802734375,73035900,20.759870055219068,20.988121080054505,20.4608521253806,20.603384017944336,162134000,283.9794400643769,284.0755993304145,281.10446287508915,281.61407470703125,17974100
2021-10-13,23.829999923706055,24.309999465942383,23.790000915527344,24.1299991607666,28494000.0,106.27999877929688,109.87999725341797,106.25,109.16000366210938,55631900,324.1236830099349,324.15342064578897,319.8512045646959,321.71484375,14761500,136.19483027400855,136.7870823219551,135.31909643090742,136.3727569580078,19654000,270.15667724609375,271.8033447265625,268.59332275390625,270.3599853515625,42360300,137.7614036307742,137.91745167770748,135.7716384818284,137.4395294189453,78762700,20.849571259430128,20.921336231312484,20.645241941754325,20.870502471923828,180652000,283.56602852194857,285.8448596726452,282.2006371715357,284.91217041015625,23416300
2021-10-14,24.43000030517578,24.709999084472656,24.204999923706055,24.350000381469727,26106700.0,110.5,112.22000122070312,109.62999725341797,111.98999786376953,46900200,325.5015715404052,327.6427721065974,324.25256056573227,325.67010498046875,14302200,138.24810774301423,140.09522363408612,137.6048099997412,139.91036987304688,31894000,271.8299865722656,273.4166564941406,271.1166687011719,272.7733459472656,36741600,138.60995855085787,140.3363692030775,138.0247300603831,140.2193145751953,69907100,21.218361862587606,21.683833248654274,21.052904524091133,21.674863815307617,243589000,287.70053210668726,291.6043571503594,286.3736107122371,291.1043701171875,27262900
2021-10-15,24.5,24.520000457763672,23.829999923706055,24.0,24366100.0,112.51000213623047,112.83999633789062,111.11000061035156,112.12000274658203,34203000,325.8188120863073,326.20543163201086,319.70253927634974,321.9329528808594,21596400,140.36979686591434,140.4723875270416,139.517854250556,140.12545776367188,30274000,274.5799865722656,281.07000732421875,274.1166687011719,281.010009765625,56773800,140.22909633879294,141.33125547588753,139.97549034735292,141.27273559570312,67940300,21.73865733965983,21.859261828651796,21.591142644931946,21.79048728942871,226994000,290.71017592364666,292.7390278517721,288.9601770620516,292.50823974609375,25384800
2021-10-18,24.0,24.389999389648438,23.920000076293945,24.260000228881836,25609900.0,111.9000015258789,116.87999725341797,111.37000274658203,116.43000030517578,47537800,326.08650848182344,332.9660983313268,324.64911860402873,332.4208679199219,21585000,139.8365491009501,141.54093366501112,139.82960687486855,141.52308654785156,20396000,283.92999267578125,291.7533264160156,283.8233337402344,290.03668212890625,72621600,139.9170017643,143.2235096811566,139.63415065247935,142.94065856933594,85589200,21.677858693551304,22.21808560723997,21.573200707932173,22.149311065673828,189494000,291.8928498378823,296.3543518258326,291.0466953202489,295.4697570800781,22729300
2021-10-19,24.5,25.200000762939453,24.360000610351562,24.690000534057617,29393900.0,116.16000366210938,117.16999816894531,114.47000122070312,116.33000183105469,39593900,336.6932673587245,339.4788032818057,334.34390356078706,337.0303039550781,18786300,142.12720199297283,142.39979397339894,141.34663274713077,141.97802734375,20164000,292.510009765625,292.6499938964844,287.5033264160156,288.0899963378906,52143300,143.38927699692093,145.49608180607396,142.9406146975332,145.09617614746094,76378900,22.203125029484273,22.305788712501535,21.964908479415858,22.21708106994629,161473000,296.489006090617,297.40244575766764,295.4024680074294,296.3736267089844,17682100
2021-10-20,24.790000915527344,24.959999084472656,24.170000076293945,24.219999313354492,24248000.0,116.29000091552734,118.30000305175781,115.41999816894531,116.38999938964844,34244800,340.4602472700604,340.9856323597062,336.4950676495125,337.8134765625,13639500,142.0781436465424,142.28432319692342,140.1338819812013,140.52293395996094,23288000,288.45001220703125,289.8299865722656,285.7933349609375,288.6000061035156,42096300,145.03771776138194,146.06186066249072,144.47200058855057,145.58392333984375,58418800,22.232031898354265,22.359613418687402,21.91008860370206,22.03069305419922,146276000,297.3158933508054,297.78706492240235,294.3351323484767,295.58514404296875,16537100
2021-10-21,24.1299991607666,24.93000030517578,24.079999923706055,24.780000686645508,23976600.0,116.5,119.68000030517578,116.26000213623047,119.33000183105469,34794900,337.317852654751,339.3301802425629,334.8594302277221,338.9039306640625,16354400,140.52297050595178,140.90657770198413,139.2651266996973,140.63894653320312,26292000,285.3333435058594,300.0,285.1666564941406,298.0,94444500,145.14498028007083,145.95454013073487,144.2281290062348,145.79847717285156,61421000,22.024721865034117,22.636713819050826,22.010767719216823,22.617774963378906,187590000,295.3544015118529,299.0562838093166,294.57553200250277,298.8063049316406,16918100
2021-10-22,24.489999771118164,24.850000381469727,24.25,24.43000030517578,20166800.0,120.83000183105469,121.55999755859375,118.37000274658203,119.81999969482422,38992700,323.5090838339694,326.7605297669298,318.31467819269096,321.7842102050781,35224500,137.92695427249757,139.34735778624022,134.86015436540723,136.3573760986328,50588000,298.5,303.3333435058594,296.9866638183594,303.2266540527344,68642400,146.00332535531382,146.48124774454206,144.97918256227808,145.0279541015625,58883400,22.748334167160685,23.054329021189513,22.48719217100048,22.65165138244629,249384000,298.46008426452863,299.1235449309406,295.9600905274078,297.2677917480469,17449300
2021-10-25,24.5,25.540000915527344,24.479999542236328,25.40999984741211,33962100.0,120.5199966430664,123.45999908447266,118.5999984741211,122.36000061035156,47834100,317.5116968297456,326.69109590997294,316.9367591846728,325.82867431640625,38409000,136.34104419991752,136.787086020702,134.23372308873442,136.23895263671875,34412000,316.84332275390625,348.3399963378906,314.73333740234375,341.6199951171875,188556300,145.0181953145529,145.69120388157359,143.98430413512364,144.97918701171875,50720600,22.897848159028317,23.278598494667374,22.695513113631097,23.09021759033203,230235000,297.4601644586546,297.49863403751334,294.6717215370627,296.2774963378906,17554500
2021-10-26,25.989999771118164,26.75,25.25,25.520000457763672,56767000.0,122.98999786376953,127.19999694824219,122.58000183105469,122.93000030517578,59458900,325.4024861336373,327.33549311220946,306.90491895434997,313.06085205078125,65654000,138.03948851571823,138.85177438830706,137.08891772648917,138.08409118652344,49236000,341.5633239746094,364.9800109863281,333.8133239746094,339.4766540527344,187245000,145.6521586308098,147.12496353769075,145.34003275537546,145.6424102783203,60893400,23.910525487792796,25.176371413393948,23.845737588941468,24.63614273071289,485898000,299.03705370094167,300.3831953408259,296.7293781263278,298.1812744140625,28107300
2021-10-27,25.639999389648438,25.899999618530273,25.020000457763672,25.059999465942383,24157200.0,121.62999725341797,128.0800018310547,121.05000305175781,122.27999877929688,98245300,311.4549272341347,316.47087668883006,309.3434643911741,309.5020751953125,29971800,138.17971995180935,147.34345760422508,138.17971995180935,144.93234252929688,85782000,346.5533447265625,356.9599914550781,343.59332275390625,345.9533386230469,115579500,145.68143968000115,146.04232225315448,144.83287151805337,145.1840057373047,56094900,24.393937207117244,25.007921262227864,24.202563973433747,24.37101173400879,245990000,303.8447708537641,313.55627098080305,303.8447708537641,310.7389831542969,52588700
2021-10-28,25.299999237060547,25.795000076293945,25.1200008392334,25.639999389648438,21203000.0,122.86000061035156,123.5,120.26000213623047,121.16000366210938,58002500,310.2653517497801,322.6862744629049,305.42782825462723,314.1611633300781,50806800,145.8413168219632,145.8646088246245,143.35584839252425,144.56710815429688,36206000,356.10333251953125,360.3333435058594,351.3999938964844,359.0133361816406,81639600,146.1301073675776,149.39759166799496,146.03256430303534,148.8123779296875,100077900,24.79661760339399,24.868382573846535,24.442779360511576,24.859411239624023,234204000,311.854255182052,312.37349166816404,308.9984985239614,311.8735046386719,26297900
2021-10-29,25.5,26.1200008392334,25.450000762939453,25.8799991607666,21910300.0,120.94999694824219,122.56999969482422,119.87999725341797,120.2300033569336,43320100,317.4027445174339,323.16216597555615,316.81788410494806,320.7533264160156,37059400,143.80286589775253,146.93905794038585,143.37813478343114,146.74478149414062,43320000,360.6199951171875,371.7366638183594,357.7366638183594,371.3333435058594,89755200,143.59415144162946,146.24716233667445,142.8041031388741,146.11061096191406,124953200,24.91921563206718,25.624899789420567,24.918219450808614,25.48336410522461,292503000,311.6620115299265,319.2292792064878,311.44084815229064,318.8638916015625,34766000
2021-11-01,26.110000610351562,26.645000457763672,25.882999420166016,26.559999465942383,26684700.0,119.44999694824219,125.66999816894531,118.12999725341797,125.2300033569336,54559800,323.20174865865613,330.54724638407043,323.1620883981324,327.1074523925781,31518900,146.74479239872048,146.74479239872048,141.96665019325252,142.2357635498047,46924000,381.6666564941406,403.25,372.88665771484375,402.86334228515625,168146100,145.3205502265068,146.01305539533712,144.15985619885288,145.29129028320312,74588300,25.565096437115333,25.809293921603484,25.144476013269458,25.74251365661621,265740000,318.6138519641994,318.7388560634213,313.81580729941845,316.7004089355469,27073200
2021-11-02,26.559999465942383,26.719999313354492,25.55500030517578,25.920000076293945,30794600.0,124.9800033569336,128.4600067138672,124.19999694824219,127.62999725341797,53491900,328.495351808014,331.8756714897865,320.9813185412225,325.22406005859375,28353000,143.30876665267616,145.32042434345115,143.06690793959632,144.15426635742188,33482000,386.4533386230469,402.86334228515625,382.0,390.6666564941406,128213400,144.99868985144568,147.8370236875447,144.98892661408803,146.3251953125,69122000,25.73753168250349,26.590730535065173,25.715602386475727,26.31463623046875,294112000,317.6043237502232,320.6235548856837,317.30625052903974,320.31585693359375,26487100
2021-11-03,25.889999389648438,26.235000610351562,25.170000076293945,26.1200008392334,25244200.0,127.75,130.60000610351562,126.79000091552734,130.52999877929688,59537800,324.6391926245561,329.25863099399135,320.38655881984874,328.7332458496094,20786500,144.61809978124342,145.37985385573745,143.32011560733287,145.30947875976562,27494000,392.4433288574219,405.1300048828125,384.2066650390625,404.6199951171875,103885500,146.68608830895576,148.2271767394299,146.1301344105293,147.75900268554688,54511500,26.58275893777931,26.69638634791327,26.149182413290003,26.51099395751953,239910000,321.0562760102518,322.01781024768513,317.9312897385935,321.1524353027344,21500100
2021-11-04,26.260000228881836,26.56999969482422,25.8700008392334,26.469999313354492,25029700.0,132.00999450683594,139.0,130.77000427246094,137.5,84825200,331.1024126520275,334.33401339052415,329.7542358838118,332.9263916015625,22495300,145.83138101023934,148.41745854274853,145.02205961897133,146.96434020996094,38412000,411.4700012207031,414.4966735839844,405.6666564941406,409.9700012207031,76192200,147.84674493928904,148.67580139860405,146.92989377476803,147.2420196533203,60394600,27.139927249878582,31.26239704427072,27.02929029769168,29.703514099121094,1153631000,320.08504044542997,323.59463338175044,316.83505110356475,323.49847412109375,23992200
2021-11-05,26.450000762939453,26.6299991607666,25.719999313354492,26.0,26005000.0,139.19000244140625,141.22000122070312,134.4199981689453,136.33999633789062,64920600,337.34756183736033,343.77116361985196,336.6834112016594,338.1604309082031,26872800,147.85841557801552,149.00624241473633,146.89447456017774,147.54371643066406,38354000,409.3333435058594,413.2900085449219,402.6666564941406,407.36334228515625,64886400,148.36534609443586,148.66815006608644,146.57781000839395,147.76950073242188,65463900,30.088251003295557,31.297282321186877,29.313792339899493,29.654674530029297,851260000,325.4889184823601,325.75814685735793,321.55624752371233,323.1331481933594,22570100
2021-11-08,26.25,27.110000610351562,26.1200008392334,26.75,41359600.0,137.6999969482422,153.60000610351562,137.6999969482422,150.16000366210938,141493800,341.4217692170789,341.7885434537286,335.3946798762904,335.6722412109375,18342500,148.50814284863625,149.29120778593392,147.1258987759427,147.72113037109375,23052000,383.2633361816406,399.0,377.6666564941406,387.64666748046875,100337100,147.8964665160418,148.0527572213007,146.67547332752292,146.948974609375,55020900,30.05037569360793,30.998264961741995,29.809166754618374,30.70323371887207,503101000,324.3254169521455,324.661959731768,321.5754437081741,324.02734375,20897000
2021-11-09,25.899999618530273,25.979999542236328,23.950000762939453,24.25,117540200.0,154.00999450683594,155.64999389648438,143.88999938964844,148.9199981689453,98442600,337.04026169208083,338.33885557432916,331.55840217522467,332.4505615234375,17556700,147.92135382889896,148.5175685400609,145.9508203469495,147.609619140625,19530000,391.20001220703125,391.5,337.17333984375,341.1666564941406,177317400,146.71454897260128,147.91600218212633,146.57779832196186,147.31039428710938,56787900,32.17639923609389,32.204307519629445,29.86598118563401,30.556713104248047,646746000,324.14275856066826,325.6908437786289,321.6620134005641,323.02740478515625,21307400
2021-11-10,23.600000381469727,23.639999389648438,22.1200008392334,22.520000457763672,94860100.0,143.92999267578125,146.3000030517578,138.52000427246094,139.8699951171875,82989200,329.5956592992424,330.2895778882843,322.6764396774072,324.78790283203125,21872600,146.20357706440018,146.76857441866247,143.2671214393326,144.61119079589844,29970000,336.8033447265625,359.3666687011719,329.10333251953125,355.98333740234375,128408100,146.53874739869644,146.64619541359409,144.41910465453822,144.4874725341797,65187100,29.25997665154842,30.749089221270815,28.683866285710014,29.362638473510742,636206000,321.7004723239425,321.7581620227062,317.2293446076053,318.0754699707031,25500900
2021-11-11,23.040000915527344,23.1299991607666,22.665000915527344,22.989999771118164,43381500.0,142.9600067138672,146.47000122070312,140.83999633789062,146.00999450683594,67934800,326.94887310974923,329.56587577012334,324.15341438577855,324.886962890625,12376600,145.20198891260358,146.2388007014772,144.32079493376511,144.48533630371094,16518000,367.5899963378906,368.3233337402344,351.55999755859375,354.5033264160156,67189800,145.50333134171993,145.96241109507744,144.25302053135974,144.43861389160156,41000000,30.368334246239346,30.489934904320453,29.679594643475284,30.29058837890625,332172000,318.50815807964443,320.93121335247633,317.79663226365136,319.64276123046875,16849800
2021-11-12,23.020000457763672,23.225000381469727,22.3799991607666,22.829999923706055,53516200.0,146.02999877929688,148.58999633789062,144.25,147.88999938964844,52162100,327.3056671288403,338.88398162277895,326.9091553109215,337.9224548339844,25414300,145.32685883285086,147.5417315550425,144.1329471350042,147.37123107910156,22360000,349.1666564941406,351.5,339.73333740234375,344.47332763671875,76719300,144.9856782099072,146.90996559892486,144.05772591835725,146.50949096679688,63804000,29.911832261950494,30.579640650645906,29.53307424388538,30.29058837890625,413054000,321.07541697774906,324.258091880674,320.9504128741325,323.7677001953125,23831000
2021-11-15,23.0,23.520000457763672,22.950000762939453,23.40999984741211,33225700.0,148.0,148.97999572753906,142.86000061035156,146.49000549316406,52271300,341.34245331053467,350.57140562732303,340.21239295129374,344.534423828125,25076600,147.59176109433906,148.2350588729297,146.27791087379003,147.14720153808594,23508000,339.2099914550781,343.99334716796875,326.20001220703125,337.7966613769531,104326800,146.88063539569578,148.35560514385503,145.96244586087764,146.51922607421875,59222800,30.45205524331211,30.54375334062734,29.15132398754459,29.92677879333496,384909000,324.5561868329157,324.88310486387337,321.1811931834564,323.1427307128906,16723000
2021-11-16,23.290000915527344,23.290000915527344,22.610000610351562,23.1299991607666,31574800.0,145.92999267578125,153.0800018310547,145.33999633789062,152.4499969482422,53100800,340.83693961443635,343.632398718103,337.90271494458875,339.9745178222656,18181100,146.84738864467752,147.45499226873417,146.0177396467435,146.5762939453125,18904000,334.4366760253906,352.3999938964844,334.05999755859375,351.57666015625,79627200,146.46058703081326,147.97462166575806,145.87450429964008,147.49598693847656,59256200,29.66165629394215,30.29059084971871,29.60882826269929,30.104202270507812,264484000,322.7677173822912,327.5657918667416,322.60427303916015,326.4504089355469,20886800
2021-11-17,23.049999237060547,23.2189998626709,22.399999618530273,22.489999771118164,27994100.0,151.97999572753906,154.66000366210938,149.69000244140625,151.33999633789062,54527500,341.2433529254867,344.2767129547134,337.1394076955589,337.8035583496094,13602800,146.72642872326313,147.2537504824228,145.9458594225756,146.74575805664062,19594000,354.5033264160156,373.21331787109375,351.8333435058594,363.0033264160156,94336200,147.49599850722544,151.40317727562876,147.48623592599793,149.92822265625,88807000,30.318494131813672,30.409197952977312,28.70578699749506,29.165279388427734,428508000,326.4985198392835,329.6292219748661,325.59302210058706,326.6719055175781,19053400
2021-11-18,22.5,22.549999237060547,21.341999053955078,21.5,51039900.0,157.07000732421875,158.88999938964844,152.55999755859375,155.02000427246094,60612700,336.7626706173694,339.47880868836324,332.38113429115987,335.74163818359375,17487200,146.9385513960959,149.25699753565374,146.58469452521086,148.52151489257812,35608000,368.8500061035156,370.6666564941406,358.3399963378906,365.4599914550781,62696700,150.14311888912806,154.98801222203343,149.49843081431837,154.20657348632812,137827700,32.26112015873358,32.65283230814321,31.21854045241291,31.571382522583008,781711000,325.76646969293915,329.87975024868393,324.74538130798175,328.7430419921875,22463500
2021-11-19,21.600000381469727,21.959999084472656,21.299999237060547,21.40999984741211,30013100.0,155.75999450683594,156.9199981689453,153.4499969482422,155.41000366210938,41668900,339.2211383258241,349.0349521165506,336.94114182774706,342.29412841796875,26488500,148.6573144815026,149.6396167460154,147.5902837878737,147.61753845214844,33682000,366.2900085449219,379.5733337402344,364.23333740234375,379.0199890136719,64926900,153.99170308898834,157.2835118889617,152.89769761975694,156.8244171142578,117305600,32.137524780788404,32.97976178244582,31.800631120790957,32.877098083496094,533867000,330.06275288893943,332.4324456190178,329.63890158471446,330.5154724121094,21963400
2021-11-22,21.530000686645508,21.56999969482422,20.18000030517578,20.649999618530273,59899100.0,157.13999938964844,161.8800048828125,152.38999938964844,152.52000427246094,58674100,346.011493601287,350.74988229883314,337.5458564263731,338.04150390625,27116800,148.0200108290572,148.51263673369093,144.8630064286394,145.01614379882812,30594000,387.4433288574219,400.6499938964844,377.4766540527344,385.6233215332031,99217500,157.9281202781403,161.85483815926344,157.2639072032153,157.283447265625,117467900,33.40735381658586,34.533658301488515,31.795644847195604,31.85146141052246,754335000,331.9701093321085,336.83475779834544,327.08620558426253,327.3559265136719,31031100
2021-11-23,20.59000015258789,21.049999237060547,20.049999237060547,20.59000015258789,44588000.0,150.41000366210938,152.66000366210938,145.3000030517578,149.9199981689453,62852700,335.97954650603793,338.42804592460385,330.5968228871068,334.3141784667969,17225000,144.8684433179545,145.37099098397414,142.8483611146585,144.50070190429688,27218000,389.1700134277344,393.5,354.23333740234375,369.6766662597656,108515100,157.3811499145866,158.04537802988585,155.36895531169498,157.6644287109375,96041900,31.431842568314533,32.25414458908274,30.778984519657556,31.642152786254883,532163000,324.6778802533964,326.98980687418253,321.31599723176595,325.2847595214844,30427600
2021-11-24,20.350000381469727,21.200000762939453,20.059999465942383,21.110000610351562,35233900.0,149.4600067138672,157.92999267578125,147.19000244140625,157.8000030517578,60677100,333.07505413009153,338.8047368868956,329.91282128531026,338.09100341796875,13566200,144.19487604589696,144.96405646776765,143.10405430635475,144.835693359375,18040000,360.1300048828125,377.5899963378906,354.0,372.0,67680600,157.01975602804134,158.37750013405517,155.9355132595911,158.18214416503906,69463600,31.358084433513884,32.74752344863697,30.82682705345173,32.567115783691406,435162000,323.9362057016911,325.7472014512142,321.65320573565054,325.5063781738281,21661300
2021-11-26,20.40999984741211,21.09000015258789,20.349000930786133,21.030000686645508,20691200.0,155.8000030517578,158.10000610351562,152.80999755859375,154.80999755859375,36245100,332.8768476557866,334.8098849993349,329.01080322061256,330.2201843261719,14750700,143.07976736967893,143.28693003446975,140.59579672453097,140.9333038330078,30470000,366.489990234375,369.59332275390625,360.3333435058594,360.6400146484375,35042700,155.86710492688786,156.72667394842426,152.73158803573577,153.171142578125,76959800,32.493355877058754,32.60299664841291,31.2474468349952,31.399946212768555,283069000,322.07705238453224,325.5256287318422,316.0757258160542,317.5784606933594,24217200
2021-11-29,21.190000534057617,21.399999618530273,20.559999465942383,21.06999969482422,29114000.0,157.5,162.50999450683594,156.10000610351562,161.91000366210938,57438900,333.95731151284855,337.70440455498925,332.3910488261399,335.0873718261719,16650900,142.73433830106399,145.0116454494308,142.6287680714975,144.2513885498047,32596000,366.9966735839844,380.8900146484375,366.7300109863281,378.9966735839844,58393500,155.67176964553224,157.44954318891868,155.10522691977297,156.52159118652344,88748200,32.26012831114146,33.30270435529742,31.93120595307024,33.266822814941406,454964000,322.64540869619697,326.585274135935,322.4527383080336,324.27337646484375,28563500
2021-11-30,20.950000762939453,21.25,20.110000610351562,20.649999618530273,38196400.0,163.27999877929688,164.4600067138672,155.67999267578125,158.3699951171875,75182500,332.08381658790216,332.88676309740873,320.6145264679722,321.63555908203125,25390000,143.73397863340372,144.71676490782465,140.3569260142656,140.65032958984375,42068000,381.4566650390625,389.3333435058594,372.6666564941406,381.586669921875,81276000,156.2773947152438,161.67906839694083,156.2090119296681,161.46417236328125,174048100,33.06049435573746,33.24389436052743,31.759764944757165,32.56910705566406,622066000,323.011403387591,325.3810958451543,316.91374246967,318.45501708984375,42885600
2021-12-01,20.530000686645508,20.889999389648438,19.290000915527344,19.3799991607666,48283700.0,160.3699951171875,160.8800048828125,148.9199981689453,149.11000061035156,64039100,327.414776755562,327.62294019861577,307.5888802231193,307.89617919921875,30329600,142.73433859612626,144.66769552061407,139.67348254273247,139.81175231933594,34020000,386.8999938964844,390.9466552734375,363.586669921875,365.0,68450400,163.59359305485575,166.34816161455686,160.71205130315363,160.9464874267578,152052500,33.11438635947544,33.184165606771984,31.281175255165692,31.336002349853516,484368000,322.82839247617034,326.8260526046821,317.2990999831267,317.9637451171875,33337600
2021-12-02,19.299999237060547,19.90999984741211,19.059999465942383,19.690000534057617,45802900.0,147.67999267578125,152.52999877929688,146.47000122070312,150.67999267578125,56161200,308.6892060123132,311.8613615896398,304.52578585047945,307.6880187988281,24396200,140.00850599610223,142.60002820764856,138.98210021683846,141.7094268798828,29194000,366.35333251953125,371.0,352.2166748046875,361.5333251953125,73114800,155.05635670733542,160.38964606969503,154.1381675375188,159.95985412597656,136739200,31.11570313644076,32.375722550194084,30.9272972457991,32.02482986450195,472890000,318.1757424602907,321.2486502191634,315.76750938263973,317.3954772949219,30766000
2021-12-03,19.5,19.530000686645508,18.399999618530273,18.979999542236328,56039600.0,151.64999389648438,152.3800048828125,140.72000122070312,144.00999450683594,65910000,310.9989821845351,311.018797193266,296.8928438546077,304.1689453125,27471000,142.4181454494306,143.13082014038355,139.06784841754663,140.75340270996094,41230000,361.5966796875,363.52667236328125,333.4033203125,338.3233337402344,92322000,160.21386222018816,161.13205157338396,156.01364225594332,158.08444213867188,118023100,31.89922130115563,32.02781664936372,30.035109719778976,30.596338272094727,544325000,319.8036423557392,320.48760157043654,306.3560799414712,311.1532897949219,41779300
2021-12-06,18.540000915527344,18.969999313354492,18.075000762939453,18.799999237060547,56459800.0,141.13999938964844,141.30999755859375,134.1999969482422,139.05999755859375,66776500,305.4477322028446,317.31353452456125,303.67330568804266,315.1029357910156,21758300,141.78323298493706,142.5880923486842,138.91813632058782,141.896728515625,30618000,333.836669921875,340.5466613769531,316.8333435058594,336.336669921875,81663000,160.47763687195487,163.98434209395026,160.4678742880832,161.48374938964844,107497000,29.78590054452752,30.14576373785318,27.94970234622703,29.942407608032227,658938000,312.058785775437,315.43031134746263,307.51204154241043,314.216552734375,30032600
2021-12-07,19.260000228881836,19.854999542236328,19.06999969482422,19.459999084472656,35129000.0,143.89999389648438,145.75999450683594,141.0,144.85000610351562,53359400,318.7707124357527,323.6974493634686,318.2056670748786,319.9999084472656,18794000,144.3167830381911,146.2342890374271,143.95102307936855,145.97508239746094,32240000,348.0666809082031,352.5566711425781,342.2699890136719,350.5833435058594,56084700,165.15645786646198,167.5984447377344,164.43362438687151,167.2077178955078,120405400,30.859514259780514,32.346816391112846,30.554476224251633,32.32488250732422,593053000,319.46658948224007,323.47386355690173,317.98310963695894,322.6261901855469,31021900
2021-12-08,19.510000228881836,19.825000762939453,19.030000686645508,19.81999969482422,28425900.0,144.9600067138672,147.0399932861328,142.6999969482422,145.24000549316406,40977500,322.17086695735424,329.85340301556806,320.2576749155764,327.6824645996094,19937700,146.2992377347049,147.0887458286458,145.11921050310966,146.88404846191406,24270000,350.9033203125,357.4599914550781,344.3333435058594,356.32000732421875,41906400,168.13564062689133,171.87676531869016,166.73881675330688,171.01718139648438,116998900,31.898230293439173,32.18831425036044,31.322049493917223,31.72577476501465,475551000,323.00180200991804,323.184830047875,318.65734078900067,322.6742858886719,24761000
2021-12-09,19.950000762939453,20.149999618530273,19.040000915527344,19.209999084472656,30354700.0,145.16000366210938,146.69000244140625,137.8000030517578,138.10000610351562,53019900,326.6713217016124,333.2039513001033,325.1447191229976,326.9488830566406,16879200,146.29379822913546,147.78953800523445,145.8219839399429,146.34088134765625,23270000,353.5466613769531,354.163330078125,334.1199951171875,334.6000061035156,59438400,170.85114615502485,172.64844463234323,169.8841141404718,170.50926208496094,108923700,31.63405989309718,32.103579151197884,30.332173100678283,30.393978118896484,488507000,322.13489763920364,324.1385346542755,319.9289478765384,320.87298583984375,22214200
2021-12-10,19.280000686645508,19.579999923706055,18.700000762939453,18.940000534057617,27594500.0,141.2899932861328,141.3699951171875,135.82000732421875,138.5500030517578,42224300,329.66505304918854,332.1135528369936,323.52893476015333,326.8795166015625,14528000,147.39303059375538,147.66808793780228,145.41457182465953,146.70066833496094,24458000,336.25,340.32666015625,327.510009765625,339.010009765625,59664300,171.14418244016858,175.46161263264923,170.63624509261138,175.28578186035156,115402700,31.051905086156875,31.206417659798845,29.766964720005916,30.102903366088867,488825000,322.68393709248,330.4095372641144,322.5009090494943,329.9664306640625,38095700
2021-12-13,18.799999237060547,19.075000762939453,18.170000076293945,18.399999618530273,38376000.0,138.25,139.39999389648438,133.4199981689453,133.8000030517578,42174000,328.06902424502766,338.1207377273347,326.72084759390367,331.57818603515625,22948700,146.48258801928816,146.66943824103194,144.23849477412142,144.54478454589844,27070000,333.6966552734375,335.0,317.1400146484375,322.13665771484375,78595500,176.91704079075095,177.9036129181879,171.45676231906222,171.66189575195312,153237000,30.153740973557664,30.19859933646938,28.02745685315274,28.072315216064453,598344000,328.17469493292174,331.1705518397965,326.6334200526802,326.9416809082031,28899400
2021-12-14,18.0,18.858999252319336,17.90999984741211,18.639999389648438,38864800.0,131.6699981689453,137.24000549316406,130.60000610351562,135.60000610351562,50754600,325.19427696326966,332.7777070826221,324.7977650571663,330.8347473144531,20461000,142.70260406211887,143.2100973344862,139.97379546422343,142.6421356201172,38446000,315.0,322.13665771484375,310.0,319.5033264160156,70806300,171.18322551173574,173.61544903163167,168.2137769739084,170.28457641601562,139380400,27.611765752164207,28.58768263653052,27.164180400436194,28.247756958007812,667035000,320.98850283752,322.3563918673137,312.2128880966609,316.2876281738281,44438700
2021-12-15,18.3700008392334,18.940000534057617,17.9950008392334,18.860000610351562,39361900.0,135.11000061035156,146.69000244140625,133.80999755859375,146.5,72425800,329.59560422727736,339.1318555324003,321.1597059007008,338.685791015625,24681300,142.148536251989,145.43142268224105,140.43274769467823,145.1538848876953,36370000,317.7366638183594,326.25,309.4166564941406,325.3299865722656,75169200,171.0465699021943,175.33469927718616,168.3115409715249,175.13934326171875,131063300,28.31056319651723,30.403950320139508,27.750332756169268,30.363079071044922,698297000,316.54769934976275,322.886183766917,312.58857922136355,322.3659973144531,35381100
2021-12-16,18.959999084472656,19.1200008392334,18.149999618530273,18.34000015258789,33950000.0,147.0,147.92999267578125,137.02000427246094,138.63999938964844,63369600,336.0291497145093,341.46142630217054,330.8347439657992,331.9846496582031,22635000,145.8769849184342,146.37903341060957,142.34479835563232,143.17544555664062,33650000,331.5,331.6600036621094,307.2833251953125,308.97332763671875,82771500,175.11972073731067,176.93655914468357,166.78766465581225,168.2626190185547,150185800,31.053897441434426,31.061871670056004,28.004530741243016,28.297603607177734,707366000,323.3871030361662,324.39857838163,311.1629118249928,312.9739074707031,35034800
2021-12-17,18.030000686645508,19.100000381469727,17.809999465942383,19.059999465942383,44495200.0,136.3000030517578,142.0399932861328,136.11000061035156,137.75,55642100,329.9029054140039,334.17538368642465,327.8707631250314,330.8843078613281,40012600,141.24755251079608,142.5703265958565,140.05810246195654,140.4793701171875,50416000,304.92333984375,320.2200012207031,303.0133361816406,310.8566589355469,100437300,165.98671202152144,169.44457351876034,165.75229083845704,167.16864013671875,195432700,27.896870039197612,28.830919505652275,27.67257823059536,27.713449478149414,713758000,309.1014164102274,312.9931277806533,305.604658638539,311.9142150878906,47750300
2021-12-20,18.59000015258789,18.670000076293945,17.834999084472656,17.959999084472656,42265900.0,135.97000122070312,138.25999450683594,133.52000427246094,135.8000030517578,38195400,326.90923704607127,327.02818759599614,319.722348886216,322.616943359375,17901800,138.7695105661895,140.52841967849685,138.09647759296158,140.3623809814453,27192000,303.5666809082031,307.2300109863281,297.7966613769531,299.9800109863281,56480100,164.37497819410103,166.6216085377041,163.57401445003114,165.8108673095703,107499100,27.219008583039486,28.055365116089646,27.059512623643005,27.631704330444336,461847000,308.30192948085835,310.95098537340476,305.9129815266249,308.1670837402344,28326500
2021-12-21,18.15999984741211,18.979999542236328,18.100000381469727,18.899999618530273,33878600.0,138.19000244140625,144.5,135.14999389648438,144.25,57785200,323.56857565417766,333.0750902240933,320.9317275596732,331.290771484375,16116800,140.80495248159482,142.60450151263055,139.26758970259098,142.21148681640625,28756000,305.6233215332031,313.1666564941406,295.3733215332031,312.84332275390625,71517900,167.57888393978646,169.1808265329912,165.1955026634982,168.9757080078125,91185900,28.284645850680768,29.028296854991318,27.31470852270142,28.98343849182129,524385000,311.42298181666746,315.70000480849893,308.0610694765146,315.2761535644531,24740600
2021-12-22,18.649999618530273,19.450000762939453,18.649999618530273,18.8799991607666,33894200.0,142.64999389648438,144.5,140.27000427246094,143.8800048828125,46923700,330.89420831620754,331.5980494399973,325.40245663710306,327.5733947753906,16764600,141.81004635956177,145.2123723601168,141.81004635956177,145.12811279296875,26322000,321.88665771484375,338.5533447265625,319.01666259765625,336.2900085449219,93634200,169.02452194022183,171.7790897184107,168.15517538914062,171.56419372558594,92135300,28.80001904458484,29.461927576880676,28.359409624344213,29.307415008544922,395184000,316.2491091479911,321.3641930953662,313.7927235316347,320.9692687988281,24831500
2021-12-23,18.850000381469727,19.135000228881836,18.719999313354492,18.93000030517578,24758300.0,143.88999938964844,149.02000427246094,143.85000610351562,146.13999938964844,48653800,327.2264458403401,333.73926046044926,325.50157217835203,332.3216857910156,13987700,145.21238570176314,146.94056153124288,145.1648034683037,145.62522888183594,26384000,335.6000061035156,357.6600036621094,332.5199890136719,355.6666564941406,92713200,171.76934702247985,172.74614168304623,171.2028043307869,172.18936157226562,68356600,29.66129326312554,29.964336743268632,29.33831421297981,29.546655654907227,343022000,320.5357502177873,324.0421508973986,320.5164949405719,322.404541015625,19617800
2021-12-27,18.780000686645508,19.25,18.780000686645508,18.940000534057617,21782000.0,147.50999450683594,154.88999938964844,147.25,154.36000061035156,53296400,335.9002350820877,344.8417029161023,335.067551114895,343.1664123535156,17795000,145.9617111068582,147.0401457449663,145.87596932932522,146.6064910888672,15976000,357.8900146484375,372.3333435058594,356.90667724609375,364.64666748046875,71145900,172.9805506410723,176.23327841950962,172.96102548062714,176.14537048339844,74919600,29.566592584176444,30.989098625583328,29.546655113197424,30.847545623779297,403686000,323.1463513287964,329.9086888818995,323.1174537066625,329.8797912597656,19947000
2021-12-28,18.889999389648438,19.06999969482422,18.440000534057617,18.56999969482422,20518800.0,155.8800048828125,156.72999572753906,151.3800048828125,153.14999389648438,58699100,343.6125197013411,349.63957874532895,342.1949754046615,343.2060852050781,16637600,146.93310171719043,146.9955515001699,144.77078743444807,145.39772033691406,18200000,369.8299865722656,373.0,359.47332763671875,362.8233337402344,60324000,175.97930746687297,177.12215528727302,174.38712760111903,175.12948608398438,79144300,31.213387174254855,31.231330135732982,29.917480215533388,30.226505279541016,420591000,330.55406718206604,331.18984424383433,327.827960266222,328.72381591796875,15661500
2021-12-29,18.530000686645508,18.600000381469727,17.90999984741211,18.170000076293945,28217500.0,152.82000732421875,154.33999633789062,147.2899932861328,148.25999450683594,51300200,343.8900925578149,346.64589097074906,338.6659797027257,339.95465087890625,10747000,145.35559153853998,146.12130842393856,144.36736044495242,145.36599731445312,17788000,366.21331787109375,368.0,354.71331787109375,362.0633239746094,56154000,175.16859502828655,176.4384311169709,174.00620695259946,175.21743774414062,62348900,30.177665528495464,30.451799123179573,29.273520345909006,29.90652084350586,343139000,328.771937746174,331.6618171734092,327.2114075590468,329.3981018066406,15042000
2021-12-30,18.100000381469727,18.9950008392334,18.06999969482422,18.690000534057617,29285200.0,147.44000244140625,148.85000610351562,144.85000610351562,145.14999389648438,44358000,341.0054225509634,344.2073157522339,340.2322137913024,341.3622741699219,10593300,145.40465905246458,146.0053355046696,144.71131371891346,144.91549682617188,15688000,353.77667236328125,365.1833190917969,351.04998779296875,356.7799987792969,47040900,175.30532209148024,176.3798020768136,173.95734081982604,174.06478881835938,59773000,29.733070560375477,30.361087673132488,29.446975608009016,29.492830276489258,308864000,329.3596111431574,330.5348301286834,326.3830384153024,326.86468505859375,15994500
2021-12-31,18.610000610351562,18.920000076293945,18.209999084472656,18.209999084472656,23556000.0,146.16000366210938,148.61000061035156,143.5500030517578,143.89999389648438,49448100,340.03391614857384,340.4502732567359,333.34267654879824,333.4219970703125,12870500,144.76631052072554,145.40910914004084,143.57884216308594,143.57884216308594,18136000,357.8133239746094,360.6666564941406,351.5299987792969,352.260009765625,40733700,173.95733955389892,175.07088475573076,173.14659828081136,173.4494171142578,64062300,29.580548773634128,29.93542853604102,29.238628557646763,29.318376541137695,266530000,326.0844070470572,326.90318279060705,323.5220434776535,323.97479248046875,18000800
2022-01-03,18.360000610351562,18.569000244140625,17.860000610351562,18.530000686645508,34283600.0,145.13999938964844,151.64999389648438,145.02000427246094,150.24000549316406,59396600,335.3550557110125,338.1108543487535,334.2547328826255,335.5929870605469,14537900,143.78008160886833,144.56909064299023,142.44988137611608,143.71714782714844,28646000,382.5833435058594,400.3566589355469,378.67999267578125,399.9266662597656,103931400,173.70339765267045,178.6362137085352,173.58618706197944,177.78639221191406,104487900,29.72110791823675,30.614286167328913,29.691201708964883,30.02614402770996,391547000,323.0403535774783,325.59307446526094,317.67480384527,322.4623718261719,28865100
2022-01-04,18.610000610351562,18.84000015258789,17.790000915527344,18.170000076293945,39643200.0,151.00999450683594,152.4199981689453,140.6999969482422,144.4199981689453,80200500,336.99067483088044,340.1033247300431,328.9809960134747,333.6004333496094,15998000,144.1180572750369,145.1974901309125,142.45332978624396,143.1303253173828,28400000,396.51666259765625,402.6666564941406,374.3500061035156,383.1966552734375,100248300,178.39199939810527,178.69480333397306,174.96344087400894,175.5299835205078,99310400,30.18165478340745,30.372053287940535,28.25972677192673,29.197763442993164,527154000,322.5394495565749,322.895892734741,314.14917400711465,316.93310546875,32674300
2022-01-05,18.030000686645508,18.56800079345703,16.8700008392334,16.959999084472656,58445900.0,142.82000732421875,143.75999450683594,135.2899932861328,136.14999389648438,65403200,330.1210192265055,332.8371878445383,321.0209392355223,321.34808349609375,20564500,143.15067212571708,143.22947169597063,136.47784586832228,136.56407165527344,54618000,382.2166748046875,390.11334228515625,360.336669921875,362.7066650390625,80119800,175.4420853705736,175.9890879826122,170.587414831676,170.8609161376953,94537600,28.85782646891039,29.323356641944017,27.446287602417954,27.51706314086914,498064000,313.89866197929246,314.1009746877151,304.3813512536725,304.76666259765625,40054300
2022-01-06,16.8700008392334,17.18000030517578,16.05500030517578,16.739999771118164,49737100.0,136.19000244140625,138.0,131.77000427246094,136.22999572753906,64802900,320.00976127019425,336.2174356126876,319.91062575013507,329.5658264160156,27962800,135.79439434447366,138.71003866950787,135.3582591822802,136.53680419921875,37348000,359.0,362.6666564941406,340.1666564941406,354.8999938964844,90336600,168.69248149767625,171.23215427857738,167.6570812562145,168.00872802734375,96904000,27.552954288101756,28.348441526045892,26.979766244192536,28.08926010131836,454186000,301.65524488813156,307.0015395240339,300.0561747269668,302.35845947265625,39646100
2022-01-07,16.700000762939453,17.329999923706055,16.475000381469727,16.559999465942383,37989300.0,136.27999877929688,137.44000244140625,131.1300048828125,132.0,58441100,329.8434453738167,334.0663712007667,326.01706169641426,328.9017333984375,14722000,136.93127381706194,137.23161957664905,134.57318602487607,135.8126983642578,29760000,360.1233215332031,360.30999755859375,336.6666564941406,342.32000732421875,84164700,168.8780523594411,170.09904585932276,167.06121343542898,168.1747589111328,86709100,28.052379478532124,28.332494693927416,26.971791660779605,27.16119384765625,409939000,302.61861295720774,304.8823583059382,298.70764414083993,302.5126647949219,32720000
2022-01-10,16.190000534057617,16.56999969482422,15.350000381469727,16.5,77649400.0,129.0800018310547,132.4199981689453,125.02999877929688,132.0,84671300,322.4781278394008,325.4817500490974,312.68412980194535,325.214111328125,24942400,133.89075867659383,137.59937427004354,131.99407910389132,137.45068359375,44408000,333.3333435058594,353.0333251953125,326.6666564941406,352.7066650390625,91815000,165.1564429133354,168.4970788622131,164.2675561955421,168.19427490234375,106765600,26.497290128969677,27.382494114013422,25.5632406683439,27.313711166381836,594681000,298.1295306229004,303.16756341784094,293.5057361453158,302.73406982421875,44289500
2022-01-11,16.399999618530273,17.25,16.31999969482422,16.889999389648438,47442600.0,133.4499969482422,138.99000549316406,131.58999633789062,137.30999755859375,77153900,323.9353346411827,331.71700537861085,322.4483923442952,331.4592590332031,16226800,136.7940355023196,138.98361984255865,135.49108996730467,138.50782775878906,28730000,351.22332763671875,358.6166687011719,346.2733459472656,354.79998779296875,66063300,168.32123396506768,171.11485190283432,166.8560422275084,171.01718139648438,76138300,27.236953065488187,27.976616901866414,26.754478046594247,27.72939682006836,404089000,301.8768158812795,304.9882339809429,298.5149321522782,303.4180908203125,29386800
2022-01-12,17.15999984741211,17.459999084472656,16.399999618530273,16.719999313354492,39784200.0,138.58999633789062,140.57000732421875,135.77000427246094,137.47000122070312,69669600,332.2621556323059,333.4417987644418,327.1569938955363,330.35888671875,14104900,139.90940202922133,141.35459515725228,139.45791529880384,140.18743896484375,26108000,359.6166687011719,371.61334228515625,357.5299987792969,368.739990234375,83739000,172.03309245435602,173.06849253983535,170.76327115991117,171.456787109375,74805200,27.978612384474925,28.504949514228787,27.52105820708782,27.91082763671875,383413000,307.93588346156525,311.538589841844,305.44092874443083,306.5872497558594,34372200
2022-01-13,16.799999237060547,16.81999969482422,15.9399995803833,16.010000228881836,35492200.0,139.44000244140625,141.25,131.80999755859375,132.74000549316406,76618100,332.063945311924,332.7082808860371,322.9242059820677,323.637939453125,14797100,140.2959756507741,141.59447455601426,137.1924977773982,137.3689422607422,31436000,369.69000244140625,371.8666687011719,342.17999267578125,343.85333251953125,97209900,171.70096415486904,172.52146809219963,167.80354809549323,168.19427490234375,84505800,28.289627869102336,28.390309630110426,26.41455104320911,26.491310119628906,540171000,308.7065085650938,309.10146222236773,292.8410716956861,293.6116943359375,45366000
2022-01-14,15.9399995803833,16.249000549316406,15.619999885559082,16.010000228881836,35624900.0,131.67999267578125,137.0,131.42999267578125,136.8800048828125,71078400,318.9887957429694,329.8335644167679,318.4138277573684,329.0107727050781,16868500,135.8741504250452,139.5049643525977,135.79436777383097,138.25454711914062,29662000,339.9599914550781,350.6666564941406,337.7933349609375,349.8699951171875,72924300,167.36399798657283,169.74737940608347,167.11979931497876,169.05386352539062,80440800,26.21717454542164,27.11135095047714,26.127457823826212,26.857152938842773,395832000,293.08187190999695,299.4107134713591,292.60022544835357,298.8134765625,39846400
2022-01-18,15.449999809265137,15.75,14.920000076293945,14.970000267028809,49067700.0,134.5,136.38999938964844,131.58999633789062,131.92999267578125,56527400,320.47570188239416,321.38767615026325,314.8748923561218,315.38043212890625,22645600,134.97813484766374,135.92622520287958,134.24811208025204,134.8026885986328,34872000,342.2033386230469,356.92999267578125,338.6866760253906,343.5033264160156,66743400,167.53003637041928,168.53613361538314,165.47877665458643,165.85972595214844,90956700,26.17730634764064,26.554116267805956,25.688849607083327,25.821430206298828,424270000,292.90853854423693,298.42818916600646,290.66404916965183,291.5406494140625,42333200
2022-01-19,14.899999618530273,15.25,14.539999961853027,14.5600004196167,48049100.0,133.5500030517578,134.57000732421875,128.02000427246094,128.27000427246094,69831800,316.7979997340146,324.25255648211686,316.5501760176956,316.80792236328125,20814700,135.32354033179294,136.74692336638395,133.82879908705206,133.9289093017578,28648000,347.2366638183594,351.5566711425781,331.6666564941406,331.8833312988281,75442500,166.05512514217625,167.11006537282074,162.08934042059263,162.3726043701172,94815000,25.996872119985937,26.459409683048193,24.97310593684919,24.98805809020996,488315000,295.0470474103309,302.3873360187906,291.58882876082123,292.1956787109375,45933900
2022-01-20,14.890000343322754,15.550000190734863,14.569999694824219,14.619999885559082,44690400.0,126.04000091552734,128.50999450683594,121.41000366210938,121.88999938964844,91157300,321.0803600101675,324.96624869908146,313.2293226159524,313.80426025390625,16925000,135.05247646638676,136.41638959519287,131.79584612438092,132.13583374023438,29908000,336.57666015625,347.2200012207031,331.3333435058594,332.0899963378906,70488600,163.10517370877471,165.74251639966073,160.3701455866801,160.69248962402344,91420500,25.22431303336184,25.49844661807642,24.002172240904777,24.073945999145508,435181000,297.725037240553,300.21032076889657,290.0861291978272,290.52923583984375,35380700
2022-01-21,14.25,14.477999687194824,13.5,13.529999732971191,73031300.0,120.13999938964844,125.0199966430664,118.38999938964844,118.80999755859375,95685300,312.06954052686575,315.5390726265912,300.4020106136228,300.5308837890625,28710700,131.42809390052594,133.68011249754008,128.94312507327743,129.20579528808594,55652000,332.11334228515625,334.8500061035156,313.5,314.6333312988281,103416000,160.60457194151562,162.470253269675,158.5337720868401,158.64122009277344,122848900,23.432970816782724,24.74482640351697,23.189739748176777,23.300390243530273,718958000,291.57917037846426,292.9470300221771,284.7590392453866,285.16363525390625,57984400
2022-01-24,12.789999961853027,13.40999984741211,11.75,13.399999618530273,110518900.0,115.4000015258789,116.7699966430664,107.5,116.52999877929688,116210100,295.24727318173785,306.8355131318804,286.4941524130444,306.02264404296875,38878100,124.87074048240562,130.04982252537027,123.40573418952586,129.65432739257812,76622000,301.586669921875,311.1700134277344,283.8233337402344,310.0,151565700,156.30669005524535,158.53378075020058,151.11013516388041,157.8695526123047,162294600,22.259680516494218,23.30637320074799,20.822222081779014,23.298398971557617,913982000,281.4742645277423,286.20400792942536,265.9170569502406,285.4911804199219,85731500
2022-01-25,13.119999885559082,13.600000381469727,12.829999923706055,13.0600004196167,47456600.0,114.0999984741211,114.81999969482422,109.86000061035156,111.12999725341797,85102900,297.33892957316243,303.56426059087903,294.9895351520155,297.53717041015625,25108500,127.60847923176541,128.26168373746512,125.38866078931534,125.8193359375,46960000,304.73333740234375,317.086669921875,301.07000732421875,306.1333312988281,86595900,155.29082683573563,158.98310983768695,153.3763174519784,156.072265625,115798400,22.474999365021613,22.870750425042836,21.93071925859125,22.253698348999023,664616000,280.8192289411712,284.1618575908213,274.7023405114224,277.90045166015625,72848600
2022-01-26,13.600000381469727,13.819999694824219,12.680000305175781,12.75,69949700.0,114.55000305175781,117.16000366210938,108.62999725341797,110.70999908447266,94752600,304.3374833497139,304.83313084274204,288.3181527448159,292.06524658203125,28348800,129.96654697196033,131.8310108586025,126.0244974232128,128.0971221923828,49130000,317.4766540527344,329.2300109863281,302.0,312.4700012207031,104867400,159.70592982008216,160.57527648713483,154.15774320444362,155.98434448242188,108275300,23.166809579557935,23.98123602247963,22.229769407799456,22.70028305053711,755959000,296.68460867157836,297.1758975203426,282.2737532824066,285.81866455078125,90428900
2022-01-27,13.010000228881836,13.0600004196167,12.199999809265137,12.279999732971191,52622900.0,111.95999908447266,112.75,101.94000244140625,102.5999984741211,125954100,295.15804679430795,299.08356599902004,291.69843738739166,292.07513427734375,21629900,130.1499289030449,131.48657203766555,127.79926707176217,127.87113952636719,31950000,311.1199951171875,311.7966613769531,276.3333435058594,276.3666687011719,147109500,158.68029600296296,160.0380400395087,154.6070638933257,155.52525329589844,121954600,23.493779360509365,23.91943467808651,21.606739331750255,21.874893188476562,573353000,291.55032568742257,296.0199908832467,286.9939382332395,288.8338317871094,53481300
2022-01-28,12.300000190734863,12.880000114440918,11.890000343322754,12.710000038146973,54887500.0,101.55000305175781,105.4000015258789,99.3499984741211,105.23999786376953,98749500,293.0465751951822,299.27190556829635,290.4791251947652,299.08355712890625,21871600,128.51938847818633,132.18439982716436,127.3557110756648,132.17893981933594,34362000,277.1866760253906,285.8333435058594,264.0033264160156,282.1166687011719,134789100,161.86463986114418,166.39696621279427,159.02216399560837,166.37742614746094,179935700,21.942674981094438,22.786011274912312,21.228930332631833,22.768068313598633,543774000,289.2094904507192,297.1566583183815,283.64165765387617,296.9447326660156,49743700
2022-01-31,12.770000457763672,13.739999771118164,12.760000228881836,13.710000038146973,51039300.0,107.93000030517578,114.30999755859375,106.9000015258789,114.25,97206000,298.06248515057547,311.0583744864284,296.71433887037983,310.5329895019531,21579500,132.9828112703711,134.28229308420728,131.04747300112987,134.11427307128906,39986000,290.9033203125,312.663330078125,287.3500061035156,312.239990234375,104436000,166.2113655240236,170.9390476064095,165.57644011866424,170.72415161132812,115541600,23.108997226913345,24.431819963911636,22.979407443957587,24.408891677856445,564680000,297.6094269927924,300.91351540352434,295.124114232146,299.5649108886719,46444500
2022-02-01,14.229999542236328,14.369999885559082,13.5600004196167,14.199999809265137,69012900.0,116.75,117.26000213623047,112.7300033569336,116.77999877929688,122467900,311.8217315752421,316.87734178183337,309.40296951956975,316.22308349609375,18023800,136.38515490873857,136.58191182952572,133.18751085954932,136.43421936035156,68644000,311.7366638183594,314.5666809082031,301.6666564941406,310.4166564941406,73138200,169.9720531603827,170.7827946109015,168.3115050264779,170.55813598632812,86213900,25.024939661803632,25.065810904904282,23.814762231762714,24.560407638549805,518925000,299.01581936187534,299.2277450230752,293.9296328904505,297.4263916015625,40950400
2022-02-02,14.09000015258789,14.199999809265137,13.1899995803833,13.319999694824219,47204300.0,129.88999938964844,130.05999755859375,120.63999938964844,122.76000213623047,180065000,324.96634274369376,325.14476858794507,314.1116501062232,320.18829345703125,58458300,149.92062310914736,150.21451067811546,144.24347030048295,146.69918823242188,123200000,309.3933410644531,310.5,296.4700012207031,301.88665771484375,66792900,170.69487983616585,171.79866265554188,169.30783310188434,171.75958251953125,84914300,25.71276773896164,25.73569411876658,24.475674886992383,25.162506103515625,543419000,298.26442751039235,303.55289687211734,297.5419577332225,301.9538269042969,36636000
2022-02-03,12.949999809265137,13.319999694824219,12.420000076293945,12.449999809265137,47236900.0,120.31999969482422,125.37000274658203,118.81999969482422,120.08000183105469,103599500,242.52028286095725,245.84112671168018,233.6977646059621,235.6902618408203,188119900,144.4248414458833,148.3594496248234,141.41155275115443,141.8323211669922,71518000,294.0,312.3333435058594,293.50665283203125,297.0466613769531,78855600,170.43112418107953,172.15029228212393,168.12588824034546,168.88778686523438,89418100,24.380977535591192,24.998027675942943,23.70511318165473,23.872583389282227,410178000,298.12954152402045,299.80569133626227,288.9493603987936,290.1920166015625,43730000
2022-02-04,12.470000267028809,13.09000015258789,12.265000343322754,12.9399995803833,38989200.0,120.33999633789062,124.95999908447266,118.58000183105469,123.5999984741211,86212000,232.92455228605658,240.49804434059385,228.10685870647143,235.02609252929688,89342200,142.1836964252239,143.60161927567793,139.27994094822716,142.0335235595703,57998000,299.0733337402344,312.1666564941406,293.72332763671875,307.7733459472656,73625400,167.90974218054592,170.27660988825676,166.93170310002452,168.60415649414062,82465400,23.89650713053911,24.55741930721573,23.557577711661764,24.242414474487305,354829000,289.1901897878569,297.4648733158477,288.95900886982764,294.7098693847656,35096500
2022-02-07,13.024999618530273,13.600000381469727,12.9399995803833,12.979999542236328,45646100.0,123.55999755859375,127.62999725341797,122.79000091552734,123.66999816894531,81672500,235.6307879297406,236.22557090302277,222.05995871878767,222.95213317871094,88613800,142.98215841687698,142.98215841687698,137.6791745678362,137.9775390625,54974000,307.92999267578125,315.92333984375,300.9033203125,302.4466552734375,60994500,169.06388780137883,170.1299471437506,167.19582900413883,167.89024353027344,77251200,24.29524574603593,25.1026943053942,24.125781045791168,24.65012550354004,376868000,294.9314053394683,296.5400880483696,288.89153993542556,289.90301513671875,28533300
2022-02-08,12.75,13.189000129699707,12.619999885559082,13.149999618530273,30317100.0,122.37999725341797,128.7100067138672,122.05000305175781,128.22999572753906,84902800,218.92748656351395,223.8046556975706,214.26838839341522,218.2633056640625,94729700,137.80455878303823,138.76949792204235,135.80975027534387,138.1737823486328,54284000,301.84332275390625,308.7633361816406,298.26666259765625,307.3333435058594,50729100,167.9586729996618,171.499185164809,167.66525824555538,170.9906005859375,74829200,24.28229068862886,25.1505481244359,23.90448448091836,25.028932571411133,410359000,290.1920562811641,294.34384733210226,288.9397869673649,293.38055419921875,32421200
2022-02-09,13.289999961853027,13.890000343322754,13.260000228881836,13.869999885559082,34451900.0,129.60000610351562,132.9600067138672,127.6500015258789,132.85000610351562,92948900,222.24827528354544,231.33844613609836,220.2756084528539,229.98037719726562,86563300,139.72451821989904,141.27180258476253,138.95483870196645,140.3474884033203,40144000,311.6666564941406,315.42333984375,306.6666564941406,310.6666564941406,52259400,172.18377712176584,172.77059159545334,171.05902326407136,172.40872192382812,71285000,25.54131148574977,26.640838580536943,25.27315951224319,26.620901107788086,524282000,298.4956591456946,300.4800407856737,296.1067108242928,299.7864685058594,31284700
2022-02-10,13.5,14.164999961853027,13.369999885559082,13.5600004196167,41998200.0,128.83999633789062,131.75999450683594,124.61000061035156,125.7699966430664,108939900,226.28289646247256,232.9543070635339,224.72655617184256,226.0846405029297,49310400,138.47559928783693,140.24093608556134,136.74444425283198,137.401611328125,39330000,302.7900085449219,314.60333251953125,298.8999938964844,301.51666259765625,66126900,170.31573108381698,171.62629991772872,167.78261335475796,168.340087890625,90865900,25.913138706568642,26.84020840080806,25.519382164128384,25.74267578125,513200000,292.879679406839,297.77319603906335,289.6622835734979,291.2806091308594,45386200
2022-02-11,13.449999809265137,13.920000076293945,12.970000267028809,13.130000114440918,41831600.0,126.13999938964844,127.16999816894531,111.80999755859375,113.18000030517578,164723200,226.47120320092318,228.41413242288982,216.86555473977413,217.63876342773438,46156900,137.38182183921865,137.93341878729322,132.22751362039665,133.10226440429688,39958000,303.2099914550781,305.32000732421875,283.5666809082031,286.6666564941406,79645800,168.54550592037077,169.2790353586412,164.34970917619486,164.93653869628906,98670700,25.83438755548586,26.06964442204501,23.698136487325115,23.873580932617188,605472000,292.06088670264677,293.1205151712114,283.420144959361,284.2100524902344,39175600
2022-02-14,13.100000381469727,13.795000076293945,12.979999542236328,13.260000228881836,40617900.0,115.51000213623047,118.37000274658203,113.45999908447266,114.2699966430664,135146400,217.4009019213958,219.0761928753019,212.91033682502422,215.80491638183594,38184000,132.08527017678978,135.10202275464846,132.08527017678978,134.33482360839844,34302000,287.19000244140625,299.6266784667969,284.3833312988281,291.9200134277344,67756500,163.69441590726865,165.8558891027738,162.9022065441299,165.1712646484375,86185500,23.85862884432096,24.796665501968615,23.68019168599295,24.190580368041992,440424000,282.9865867276755,285.866852917156,280.65543402557785,284.17144775390625,36359500
2022-02-15,13.520000457763672,14.1850004196167,13.40999984741211,14.170000076293945,48523700.0,117.19000244140625,121.87999725341797,114.36000061035156,121.47000122070312,143975900,218.5508020127306,219.2248753280657,213.187892625062,219.07618713378906,42685500,136.36132612458775,136.89460695737134,134.6277058966936,135.4077911376953,26680000,300.0,307.6666564941406,297.7933349609375,307.4766540527344,57286200,167.21532291468824,169.1518358853044,166.51113366652052,168.99534606933594,62527400,24.870427450931633,26.46140183291644,24.705948074593312,26.41156005859375,699869000,288.99762818292135,289.75860871286204,286.11736126713663,289.44073486328125,27058300
2022-02-16,13.90999984741211,14.260000228881836,13.65999984741211,13.970000267028809,58624400.0,119.05000305175781,119.54000091552734,114.22000122070312,117.69000244140625,119109600,210.56094601163443,215.56698810761435,210.51137824316746,214.6549835205078,45817500,135.44547612196956,136.87232287322377,133.7381120163284,136.5273895263672,25022000,304.6833190917969,308.80999755859375,300.4033203125,307.7966613769531,51294300,168.07607183633297,169.53334094761482,166.3155979842074,168.7606964111328,61177400,26.176304019794223,26.498286759029188,25.471529825588878,26.427509307861328,732676000,288.0120067201393,290.42521859996504,283.48481887693396,289.102783203125,29982100
2022-02-17,12.390000343322754,12.699999809265137,11.699999809265137,11.770000457763672,151385400.0,116.26000213623047,116.9800033569336,112.26000213623047,112.37000274658203,98179600,212.15692341599396,215.60662518366414,205.3566402879214,205.90185546875,38747500,135.04552392763165,135.90837156390384,131.31411513265346,131.37408447265625,38950000,304.4200134277344,306.1666564941406,291.3666687011719,292.1166687011719,55178400,167.27404295611913,168.1347222265384,164.7702649952927,165.1712646484375,69589300,25.54929156640708,25.70380416358896,24.088906527878155,24.429828643798828,810595000,286.0718591090062,286.4965868814694,279.9326604203937,280.6373291015625,32461600
2022-02-18,11.920000076293945,12.010000228881836,10.569999694824219,11.020000457763672,137808100.0,113.9000015258789,115.63999938964844,109.88999938964844,113.83000183105469,114321200,207.56725017584947,208.9154119206845,203.3938917567918,204.36537170410156,37128400,132.293931857016,132.89164396954067,129.05218420049687,129.25686645507812,45620000,295.3333435058594,295.6233215332031,279.2033386230469,285.6600036621094,68501700,166.0905932914819,166.7947676550334,162.54030687860808,163.6259307861328,82772700,24.590310858620988,24.907310153114818,23.02725016540724,23.567543029785156,761255000,282.87670175552876,283.65858009488875,276.3706915634675,277.9344482421875,34264000
2022-02-22,10.699999809265137,11.1850004196167,10.300000190734863,10.479999542236328,104501500.0,115.2699966430664,119.19999694824219,113.61000061035156,115.6500015258789,141648500,200.57859302783234,205.673847868195,198.31844201699187,200.32086181640625,39852400,128.6968214918031,131.01873151195204,127.09650976671601,128.67254638671875,44990000,278.0433349609375,285.57666015625,267.0333251953125,273.84332275390625,83288100,161.35685910032004,163.02931224334074,158.58900712715553,160.71136474609375,91162800,22.9624597952012,23.988218678165815,22.92757016662024,23.316341400146484,633422000,275.10623504920284,281.41920742809083,274.6235925315727,277.7318115234375,41736100
2022-02-23,10.829999923706055,11.260000228881836,10.399999618530273,10.430000305175781,93964500.0,117.4000015258789,118.6500015258789,109.04000091552734,109.76000213623047,120299400,202.38274237722837,205.1385406073783,196.32593077226764,196.72244262695312,44481400,130.4914188457979,130.8903775790611,126.40663679532709,126.46660614013672,32786000,276.80999755859375,278.4333190917969,253.52000427246094,254.67999267578125,95256900,161.90460945584556,162.50121399005073,156.24176881453315,156.55474853515625,90009200,23.727046641189006,24.07893566959685,22.23077389493765,22.31650161743164,566511000,280.10641436358,281.573666522266,270.37635382579157,270.5404357910156,37811200
2022-02-24,9.75,11.869999885559082,9.739999771118164,11.829999923706055,118793000.0,104.55999755859375,116.95999908447266,104.26000213623047,116.61000061035156,142956600,189.3967909321892,206.53628729690607,188.56410689144704,205.79281616210938,49957200,123.85524617381691,131.8310242930199,123.85524617381691,131.5247344970703,54456000,233.4633331298828,267.49334716796875,233.3333282470703,266.92333984375,135322200,149.22922517438823,159.27369208830245,148.66196063900136,159.16610717773438,141147500,20.948820693767292,23.72505025027843,20.82421433341637,23.673213958740234,735801000,263.04977493259855,284.913470148122,262.0941229321313,284.3632507324219,56989700
2022-02-25,11.59000015258789,11.890000343322754,11.0,11.470000267028809,75433700.0,117.16000366210938,121.2300033569336,116.04000091552734,121.05999755859375,127821000,203.15598364447717,209.48045008433152,201.41129490191867,208.6477508544922,37627600,132.3781698059547,134.0825542601225,130.59348845442182,133.27769470214844,36406000,269.74334716796875,273.1666564941406,260.79998779296875,269.9566650390625,76067700,160.24193771015948,161.4938266826065,157.3371601146723,161.22976684570312,91974200,23.646297234789348,24.140733592878306,23.30736782876033,24.080923080444336,528866000,284.8942395707059,287.29778988293907,281.5253747646306,286.9888916015625,32546700
2022-02-28,11.960000038146973,12.180000305175781,11.390000343322754,11.850000381469727,75390500.0,120.30999755859375,124.61000061035156,119.19999694824219,123.33999633789062,124666100,205.87213368004936,211.2945184174018,205.02954202469644,209.19297790527344,34239800,131.88060076108007,134.55834913060832,131.42711758243306,133.86996459960938,38864000,271.6700134277344,292.28668212890625,271.57000732421875,290.1433410644531,99006900,159.4790920596061,161.78726549413435,158.86292250111,161.4938507080078,95056600,23.91644642718018,24.587327391046674,23.632344083996866,24.308208465576172,477319000,284.0930236175549,288.7553666251348,282.8285026347826,288.4175109863281,34627500
2022-03-01,11.989999771118164,12.520000457763672,11.710000038146973,12.180000305175781,64867200.0,122.33000183105469,122.43000030517578,112.80000305175781,113.83000183105469,126552200,208.04303262444745,209.90667166894585,200.4596335354331,201.7185821533203,27094900,133.69299913792386,135.0578951055112,132.04760096390638,132.8831787109375,26496000,289.8933410644531,296.6266784667969,284.59332275390625,288.1233215332031,74766900,161.08302534266187,162.94130845487337,158.4129829679633,159.615966796875,83474400,24.214504305072836,24.300233919081215,23.059153777179308,23.403066635131836,412056000,286.1104609698699,289.55653540384833,282.0079998222269,284.7108154296875,31217800
2022-03-02,12.210000038146973,12.210000038146973,11.420000076293945,12.0600004196167,56698300.0,115.47000122070312,119.4800033569336,113.30999755859375,118.27999877929688,118354500,202.99735671935014,207.32931034252405,200.2613883982864,206.29837036132812,29452100,133.44473958983755,134.07365391727686,131.90191664243002,133.38873291015625,23520000,290.7099914550781,295.49334716796875,281.42333984375,293.2966613769531,74643300,160.7798480922219,163.6846254319098,159.37146939131958,162.90219116210938,79724800,23.685225970986814,24.336280413234043,23.34524228336605,24.147842407226562,389642000,285.10660764686014,291.00451522918104,283.5042602217041,289.7689514160156,31873000
2022-03-03,12.010000228881836,12.055000305175781,11.234999656677246,11.34000015258789,46172000.0,118.12999725341797,118.26000213623047,111.05000305175781,111.9800033569336,123916700,207.20043068147,207.25990594568566,199.66658461103572,201.20309448242188,27263500,134.81456495195397,135.24029431326773,131.8562994539406,132.72262573242188,24604000,292.92333984375,295.4800109863281,277.5333251953125,279.7633361816406,61623600,164.7702966304226,165.20063634825544,161.91442341280975,162.57948303222656,76678400,24.18971640143085,24.2535268091343,23.399079682408747,23.64335060119629,365095000,292.37516228556973,292.60682123875046,283.84201770674827,285.6471252441406,27314500
2022-03-04,11.699999809265137,11.770000457763672,10.739999771118164,10.960000038146973,43502200.0,112.0,113.0,106.80999755859375,108.41000366210938,100609400,200.60833967639832,204.09770188319834,197.05950219705525,198.31845092773438,32130900,131.75915337109652,132.67502797880198,129.19190640491172,130.7471160888672,30430000,283.0333251953125,285.2166748046875,275.0533447265625,279.42999267578125,66999600,160.87765818976635,161.91437725608384,158.54014531943216,159.58663940429688,83737200,23.31433339065873,23.609451053409828,22.4150202714538,22.86766815185547,431415000,284.07375111161906,285.3961869424116,277.20092613588724,279.7975158691406,32356500
2022-03-07,11.430000305175781,11.75,11.100000381469727,11.109999656677246,63070600.0,108.52999877929688,109.52999877929688,102.81999969482422,102.94999694824219,92600000,199.0421151847087,199.14125073449063,185.6497252614598,185.83807373046875,38560600,130.33232674161766,130.57714987008313,125.18496092413871,125.26773071289062,45112000,285.4333190917969,288.71331787109375,268.19000244140625,268.1933288574219,72494100,159.7724722055909,161.3960207362876,155.54733601828758,155.8016357421875,96418800,22.749016800661877,22.96437474060364,21.266447763904743,21.288381576538086,450821000,278.5136671787281,279.6334012626767,268.8608176186458,269.2276306152344,43157200
2022-03-08,10.930000305175781,11.390000343322754,10.718999862670898,11.039999961853027,49279600.0,102.80999755859375,109.9000015258789,100.08000183105469,105.52999877929688,135348300,186.21473724141336,194.98768728769406,184.489878816178,188.63348388671875,37508100,125.14034587725057,130.0963991793199,124.5699036581928,125.98733520507812,40428000,265.1766662597656,283.3299865722656,260.72332763671875,274.79998779296875,80399100,155.33219707675556,159.30303394754864,152.3785144348394,153.9824981689453,131148300,21.24551242955818,22.306341548855194,20.588475444727642,21.449901580810547,557467000,268.1561527618495,274.10231170934804,260.6269417825075,266.27386474609375,48159500
2022-03-09,11.40999984741211,12.020000457763672,11.270000457763672,11.649999618530273,43591400.0,108.41000366210938,111.70999908447266,106.8499984741211,111.05000305175781,102310300,194.03606526779308,197.36681666982452,192.23190132562794,196.77203369140625,31894700,130.0964043089668,132.56006261647792,128.75876292905036,132.24732971191406,37026000,279.82666015625,286.85333251953125,277.336669921875,286.3233337402344,59184000,157.9337564869507,159.8213797915154,155.90922322313332,159.37147521972656,91454900,22.320301778530236,23.150820212926504,22.1807194875951,22.9454345703125,492742000,273.6003711570887,279.5465300399745,271.03270963096804,278.4847106933594,35204500
2022-03-10,11.380000114440918,11.970000267028809,11.319999694824219,11.869999885559082,52295400.0,108.88999938964844,109.06999969482422,103.06999969482422,106.45999908447266,102557400,193.1438917592487,194.57135881377323,189.40672093356542,193.51068115234375,24853000,130.1122619277312,132.10062719921083,129.76186860445603,131.26553344726562,27102000,283.8166809082031,284.8166809082031,270.1199951171875,279.4333190917969,58648500,156.68187121650197,156.86770104560523,152.55454474714313,155.0387725830078,105342000,22.46387173081111,22.720105999777736,21.816805180949956,22.59049415588379,428066000,273.1949308694663,276.65066742284495,270.83963327856327,275.67572021484375,30628000
2022-03-11,11.859999656677246,12.005000114440918,11.369999885559082,11.390000343322754,37817400.0,108.12999725341797,108.19000244140625,104.08000183105469,104.29000091552734,87584400,190.96303363699852,191.8750230568434,185.0450023478886,185.97682189941406,34694500,132.31523116771578,132.61953964393146,128.49213662745805,128.72903442382812,31526000,280.0666809082031,281.26666259765625,264.5899963378906,265.1166687011719,67037100,155.4397623739769,155.78208206231224,151.10705589580672,151.33200073242188,96970100,22.9534068346535,23.076041459647897,21.980314929450074,22.034154891967773,367209000,277.9634336750457,279.4596429563479,269.7295545935928,270.34735107421875,27209300
2022-03-14,11.170000076293945,11.40999984741211,10.40999984741211,10.5,49762600.0,102.98999786376953,105.23999786376953,101.04000091552734,102.25,89731700,185.40186770987287,190.616072982161,184.2024094563913,185.00535583496094,31010500,129.10519737260148,129.26279649048794,124.17392551133625,124.84397888183594,38812000,260.2033386230469,266.8999938964844,252.01333618164062,255.4566650390625,71152200,148.12403016599976,150.7353929741164,146.8036862331013,147.312255859375,108732100,21.80384458359265,22.195673358229172,21.095960818464654,21.266450881958008,385354000,270.6079583933382,275.4922975054639,266.2448813621328,266.8433532714844,30660700
2022-03-15,10.470000267028809,10.850000381469727,10.270000457763672,10.770000457763672,40451200.0,102.66000366210938,109.69000244140625,101.79000091552734,109.33000183105469,112425500,189.1390945285029,190.60620693592176,184.29166244249743,190.35838317871094,31721700,125.85998364963604,128.71319344700177,124.61551767245045,128.0624542236328,30920000,258.42333984375,268.5233459472656,252.19000244140625,267.2966613769531,66841200,147.58608092484786,152.15353624322603,147.07751138372214,151.68406677246094,92964300,21.453891221892214,22.969363152831257,21.25847601527962,22.904556274414062,491996000,270.6176534268287,277.8283334961411,269.0538964529326,277.18157958984375,34245100
2022-03-16,10.949999809265137,11.819999694824219,10.9399995803833,11.789999961853027,62746600.0,111.5999984741211,115.41999816894531,109.88999938964844,115.37000274658203,113689800,193.00509059122,201.9564812422435,192.82666479132567,201.85736083984375,40640300,129.58395977320907,132.16109871004574,127.60302044405091,132.10906982421875,35576000,269.6666564941406,280.6666564941406,267.4200134277344,280.07666015625,84028800,153.60106822684398,156.48628104894496,151.06795013405093,156.0852813720703,102300200,23.429982841181694,24.523714502325593,23.102960984324504,24.423015594482422,671422000,279.0735246270153,284.34400179367987,273.3687163552092,284.1702575683594,37826300
2022-03-17,11.720000267028809,12.369999885559082,11.65999984741211,12.319999694824219,43948900.0,112.13999938964844,114.2699966430664,109.70999908447266,111.69000244140625,103201700,199.9441810370378,206.22898715868908,199.35932066827604,206.03073120117188,29499700,131.9787056808196,132.90202164574634,131.02317416057818,132.6626434326172,28264000,276.9966735839844,291.6666564941406,275.239990234375,290.5333251953125,66582900,155.12679794973494,157.46431103838808,154.16832371335292,157.0926513671875,75615400,24.048134123477375,24.76798110939854,23.834771047073918,24.692209243774414,471941000,283.10847290668306,285.34791193212243,279.32454238410753,284.9714660644531,30816600
2022-03-18,12.279999732971191,13.020000457763672,12.21500015258789,12.819999694824219,59125500.0,111.27999877929688,114.93000030517578,110.55000305175781,113.45999908447266,105834800,204.90062355850955,214.91270666982817,204.20672025274516,214.60540771484375,52128000,132.2517827162383,135.0465048489617,131.0960307543159,134.92904663085938,44566000,291.4966735839844,302.6166687011719,289.1300048828125,301.7966613769531,100414200,156.98504839102176,160.86786475806085,156.25151907619613,160.37884521484375,123511700,24.725114127062692,26.489841079768297,24.550636279337244,26.37418556213379,730719000,285.1162698524659,290.55082995665595,282.5679323764075,290.0006103515625,43390600
2022-03-21,12.720000267028809,13.050000190734863,12.420000076293945,12.59000015258789,39410900.0,113.7300033569336,117.56999969482422,112.54000091552734,115.91999816894531,101905900,212.63274839506389,212.8409269719916,205.82255751754292,209.64895629882812,30142300,134.96670973028958,135.84542305630865,132.9139133143383,134.90525817871094,26832000,304.99334716796875,314.2833251953125,302.36334228515625,307.0533447265625,81981600,159.9191646814939,162.6968070121453,159.4301451412394,161.74810791015625,95811400,26.428031082315883,27.07110997338283,25.88963892188784,26.654354095458984,591727000,288.5140113733799,289.7206174710808,284.662504677972,288.7746276855469,28351200
2022-03-22,12.520000457763672,13.479999542236328,12.520000457763672,13.270000457763672,46210700.0,115.43000030517578,117.94999694824219,113.80999755859375,114.77999877929688,101672600,209.52998723836356,217.5495740565906,208.3503439487697,214.76402282714844,31998800,134.90526665885673,139.81027445788428,134.90526665885673,138.63865661621094,35496000,310.0,332.6199951171875,307.25,331.32666015625,105868500,161.87527212646032,165.6994092047397,161.2884575262128,165.1125946044922,81532000,26.647371123248757,27.156850275284068,25.994323791878227,26.444976806640625,547007000,289.3924537893616,294.4119479641465,288.39821134013704,293.50457763671875,27599700
2022-03-23,13.15999984741211,13.550000190734863,13.020000457763672,13.180000305175781,33699400.0,114.29000091552734,117.55000305175781,112.20999908447266,113.91999816894531,90579200,211.47291821952788,214.91271233225916,210.31310513662962,211.60179138183594,23717300,137.48339904374487,138.3616132811459,136.6235310367747,137.06015014648438,25154000,326.64666748046875,346.8999938964844,325.4666748046875,333.03668212890625,120676200,164.30078278901993,168.84865833026834,163.9682381752626,166.47203063964844,98062700,26.048163421646912,26.532715564299693,25.498806299804944,25.55763053894043,502120000,290.07781025541306,292.70338668332965,287.3846568062616,289.09320068359375,25715400
2022-03-24,13.25,13.420000076293945,12.829999923706055,13.390000343322754,29535300.0,114.95999908447266,120.55000305175781,113.70999908447266,120.52999877929688,121961300,213.12839043651937,218.74903035989297,212.92021186485715,217.6586151123047,31502300,137.97653660408002,140.37428175630868,136.53978312219112,140.32769775390625,26396000,336.57666015625,341.4966735839844,329.6000061035156,337.97332763671875,68920800,167.30336151454603,170.31572365157868,166.47203725633872,170.2472686767578,90131400,26.08804154718275,28.235623263570396,25.829812434294954,28.066129684448242,877379000,288.75537689115174,293.6397167673037,287.9638360996713,293.5431823730469,24484500
2022-03-25,13.359999656677246,13.395000457763672,12.710000038146973,12.970000267028809,24796900.0,119.91999816894531,121.4000015258789,117.25,119.66999816894531,95852400,218.59044425279404,223.53701150483215,216.9845512720911,219.88905334472656,40039000,140.6686711405159,140.78662849171081,138.50932109177913,140.4278106689453,24126000,336.0,340.6000061035156,332.44000244140625,336.8800048828125,62031600,170.06146151483682,171.43071043053845,168.95627243907444,170.8830108642578,80546200,27.802919332389703,28.273513231464275,27.189751821010642,27.6094970703125,579016000,294.63390450047564,294.89452080427003,288.90011015175327,293.1376953125,22566500
2022-03-28,13.010000228881836,13.4399995803833,12.854999542236328,13.420000076293945,27152000.0,117.69999694824219,120.41000366210938,116.70999908447266,120.23999786376953,92966100,220.19631852795726,222.08968009819674,217.6288535029848,221.6436004638672,26224100,139.66208940065627,140.75440862104264,138.5826564041628,140.21221923828125,35050000,355.0333251953125,365.9599914550781,351.20001220703125,363.9466552734375,102506100,168.38900077447545,171.87081780430975,168.22273590773543,171.74368286132812,90371900,27.67330780734801,28.165835529081235,27.124945266667112,28.13492774963379,425494000,293.7650826044952,300.0104758516694,293.7650826044952,299.9139709472656,29578200
2022-03-29,13.649999618530273,14.279999732971191,13.350000381469727,14.199999809265137,46433700.0,122.27999877929688,123.70999908447266,119.58999633789062,123.2300033569336,94143000,224.1020384066852,228.8800718121414,223.3288144925983,227.85903930664062,31417900,141.39372554579415,142.52964906026023,140.79006955797232,141.25296020507812,34318000,369.3299865722656,371.5899963378906,357.7033386230469,366.5233459472656,73614900,172.8097389298353,175.0787819860724,172.46741925958432,175.02989196777344,100589400,28.60950676132991,28.85975839254765,27.896636856560235,28.57062339782715,488984000,303.0126740383153,304.8563722649628,298.321372750695,304.4606018066406,30393400
2022-03-30,14.039999961853027,14.359999656677246,13.739999771118164,13.880000114440918,32164000.0,123.04000091552734,125.66999816894531,118.58999633789062,119.22000122070312,99476900,226.9173167936126,229.1378076655561,224.73647106182824,225.86654663085938,25588000,141.20787975036384,141.46608819585558,140.3554379628545,140.6909637451172,19884000,363.72332763671875,371.3166809082031,361.3333435058594,364.663330078125,59865000,174.62886654102215,175.6655854938626,172.8194884204446,173.86599731445312,92633200,28.219672974520872,28.41110037401944,27.42105885059828,27.607501983642578,463487000,302.86778951334975,304.9817657302456,300.76344611358445,302.96429443359375,28163600
2022-03-31,13.899999618530273,14.0600004196167,13.630000114440918,13.729999542236328,22840000.0,116.30999755859375,116.37999725341797,109.0199966430664,109.33999633789062,147004800,226.46131389627396,226.50097416228894,220.3251961259612,220.42433166503906,24192300,140.80446372092825,140.85898818058075,137.80259350469294,137.84521484375,37524000,364.8566589355469,367.71331787109375,358.8800048828125,359.20001220703125,48992700,173.9345145849757,174.12034444944086,170.57005683003788,170.77545166015625,103049300,27.699230691592014,28.163841976043138,27.188756923217856,27.204708099365234,523440000,303.00296492746145,304.1999383958244,297.2016219305857,297.6070251464844,33422100
2022-04-01,13.770000457763672,14.0649995803833,13.5,13.829999923706055,23831600.0,110.4800033569336,111.41999816894531,106.0999984741211,108.19000244140625,111867100,222.59527817538776,225.30150908222552,220.76137651588385,222.89266967773438,19544800,138.27389064424523,139.23634932313234,137.0918670617453,138.91867065429688,25942000,360.3833312988281,364.9166564941406,355.5466613769531,361.5299987792969,54263100,170.20816010667752,171.0394993928561,168.1640617684755,170.4820098876953,78751300,27.293440575757664,27.414080364707395,26.188741881916698,26.632415771484375,517235000,298.6301543643232,299.3637802401649,294.933126535701,298.6784362792969,27110500
2022-04-04,14.029999732971191,14.65999984741211,14.020000457763672,14.630000114440918,40066800.0,109.97000122070312,110.94000244140625,107.02999877929688,110.52999877929688,90123900,224.01281202415882,232.3099604286333,223.89386147924975,231.8539581298828,28054800,139.12484935301754,142.4488747295106,139.07726712649293,141.71487426757812,25942000,363.1266784667969,383.3033447265625,357.510009765625,381.8166809082031,82035900,170.73632454310336,174.57023673592576,170.60917466091976,174.52133178710938,76468400,26.648369216228314,27.475896299662303,26.533712066907064,27.278486251831055,397120000,299.3252620130999,304.1709827540647,298.95844895090045,304.0358581542969,24289600
2022-04-05,14.609999656677246,14.859999656677246,13.795000076293945,13.890000343322754,37677300.0,109.69000244140625,110.4800033569336,106.05000305175781,106.81999969482422,79532000,232.04228308836034,234.79808135683643,229.0089234925527,229.82177734375,29727200,141.6132941655978,141.73371683584432,139.14865258935774,139.35531616210938,21418000,378.76666259765625,384.2900085449219,362.4333190917969,363.7533264160156,80075100,173.60194829792937,174.38438259894033,170.58958593943765,171.2155303955078,73401800,27.172798887898374,27.237605758755578,25.743071345725753,25.853740692138672,436615000,302.3948148545048,303.9392767129868,299.1128518165804,300.0877990722656,23156700
2022-04-06,13.520000457763672,13.539999961853027,12.850000381469727,13.0,40647700.0,104.44999694824219,105.73999786376953,101.70999908447266,103.66999816894531,105256600,224.9347151034795,226.99661017964237,219.4825934997473,221.35614013671875,28995100,137.53048114777272,138.13561937873442,134.3258953417317,135.34783935546875,32468000,357.8233337402344,359.6666564941406,342.5666809082031,348.586669921875,89348400,168.57483234577828,169.81694627331598,166.3938091700385,168.0564727783203,89058800,24.859716112456148,25.22462494159722,23.93149001085727,24.334285736083984,703833000,294.5952557982606,296.3424188426022,286.40963049695665,289.102783203125,40110400
2022-04-07,12.949999809265137,13.34000015258789,12.479999542236328,12.84000015258789,34727400.0,103.91999816894531,105.23999786376953,100.91000366210938,103.72000122070312,91895500,221.9806658434369,223.55683627381228,216.6574169233372,221.0092010498047,21037200,134.8145449616096,135.95890797707733,133.04771090037798,134.69412231445312,26234000,350.7966613769531,358.86334228515625,340.5133361816406,352.4200134277344,79447200,167.4011755212215,169.55285855113002,166.11994669119974,168.35964965820312,77594700,24.36818131196346,24.648344247170577,23.40805109513817,24.135875701904297,557992000,286.36141443806906,293.1087462850132,286.06217848359114,290.90789794921875,31411200
2022-04-08,12.699999809265137,13.050000190734863,12.569999694824219,12.699999809265137,24962500.0,102.51000213623047,102.98999786376953,100.41999816894531,101.0,92746700,220.44417531652394,223.17023642278167,218.11462613897402,220.3946075439453,18375700,134.39183811852791,134.47757991765167,131.79685175390313,132.11602783203125,25142000,347.7366638183594,349.4800109863281,340.8133239746094,341.8299865722656,55013700,168.00756384278074,168.00756384278074,165.48422104719532,166.35467529296875,76575500,23.84574022331702,23.851722863847915,22.993288112629596,23.05011749267578,524781000,290.01021503016705,290.6666017314044,285.99462607140345,286.6606750488281,24361900
2022-04-11,12.449999809265137,12.819999694824219,12.130000114440918,12.65999984741211,26095800.0,98.5999984741211,98.66999816894531,95.94000244140625,97.37000274658203,95527700,216.51862836918798,218.6895666015548,213.34648774183083,214.57569885253906,20516600,130.66486281779106,130.9314957081175,127.53759432830005,127.69123077392578,36884000,326.79998779296875,336.15667724609375,324.8800048828125,325.30999755859375,59357100,165.00497220353915,165.31793693449984,161.8654603339608,162.10997009277344,72246700,22.147817756385205,22.253500942815894,21.59546745592254,21.851701736450195,575207000,281.66048690117145,282.4519981244576,275.1061942358303,275.357177734375,34569300
2022-04-12,12.880000114440918,13.199999809265137,12.425000190734863,12.460000038146973,26226500.0,98.77999877929688,99.58999633789062,94.5999984741211,95.0999984741211,89246400,218.32279924455113,220.09721050095476,211.27469173834876,212.27589416503906,20128800,130.44335052332457,130.44335052332457,125.67463064987732,126.59199523925781,32710000,332.5466613769531,340.39666748046875,325.5333251953125,328.98333740234375,65976000,164.3301984492452,166.13956254228628,162.9804991843543,163.9781036376953,79265200,22.46984915211368,22.657288711331173,21.21858749948453,21.439926147460938,662258000,279.1989878449197,280.6469151575573,270.75274518786716,272.26824951171875,30966700
2022-04-13,12.350000381469727,12.9399995803833,12.230999946594238,12.899999618530273,21152900.0,95.30000305175781,98.33000183105469,94.70999908447266,97.73999786376953,77728400,209.97608164874075,214.72437730811373,209.49034172860436,213.1184844970703,19231800,126.87498409735159,129.18846977250948,126.618257834774,128.75233459472656,27928000,327.02667236328125,342.0799865722656,324.3666687011719,340.7900085449219,55121100,163.71400490158922,167.28384253130827,163.10762528497952,166.65789794921875,70618900,21.663265165709976,22.432964462991524,21.39107781519928,22.13684844970703,516943000,272.91502579688114,278.5619192143064,271.53464592371415,277.63525390625,21907200
2022-04-14,12.920000076293945,12.920000076293945,12.40999984741211,12.420000076293945,23284100.0,98.37000274658203,98.38999938964844,92.91999816894531,93.05999755859375,73354400,213.01934713942245,213.11848267360907,208.1719159864897,208.350341796875,18379500,129.33268319605867,129.33268319605867,125.48826307957773,125.61613464355469,31598000,333.0966796875,337.57000732421875,327.39666748046875,328.3333435058594,58422300,166.87304601950618,167.50878046321276,161.4155854111937,161.66009521484375,75329400,22.437948470033938,22.70913934444599,21.09994772609378,21.194664001464844,569097000,278.088924351685,278.3012882088098,269.6233863517897,270.11566162109375,28221600
2022-04-18,12.350000381469727,12.414999961853027,11.880000114440918,12.149999618530273,25395600.0,92.02999877929688,95.16000366210938,91.63999938964844,93.88999938964844,80605800,208.1719251462913,211.52250668657197,206.48672687267987,208.9352264404297,16580800,125.88375359295895,127.08559046617161,125.07294248805825,126.55430603027344,20808000,329.6766662597656,338.3066711425781,324.4700012207031,334.7633361816406,51715200,160.3201618914843,162.94131434841603,159.97785717263437,161.44491577148438,69023900,21.13684199953331,22.02219506677443,21.016202192088386,21.71810531616211,525701000,269.2276132247998,272.65436281401867,268.67739376545774,270.7817077636719,20778000
2022-04-19,12.079999923706055,13.020000457763672,12.069999694824219,12.90999984741211,31753900.0,93.38999938964844,97.06999969482422,92.83999633789062,96.93000030517578,77069500,208.687388784282,216.5285192787811,207.18061642952617,215.41827392578125,20089900,126.56919704178952,129.1874752778057,125.88327780821626,128.8663330078125,26490000,335.0199890136719,344.9800109863281,331.77667236328125,342.7166748046875,49847700,161.39603175237912,164.1345444765827,160.31040765157212,163.7237548828125,67723800,21.655286167385736,22.3063404800413,21.25049567770769,22.13186264038086,512781000,269.68128222004106,276.23557450537356,268.74495475070785,275.395751953125,22297700
2022-04-20,13.079999923706055,13.170000076293945,12.739999771118164,12.789999961853027,31528600.0,97.83999633789062,97.91000366210938,93.19999694824219,94.0199966430664,62489000,211.75048946947976,212.2957046517589,197.18836598093702,198.67530822753906,43036500,129.74154190423886,130.24408945160312,126.37935709417536,126.91460418701172,31696000,343.3333435058594,344.6666564941406,325.0833435058594,325.73333740234375,70711200,165.05387853639598,165.17125338034182,162.45230578739907,163.55747985839844,67929800,22.44991555152109,22.602459598625735,21.136839837783892,21.417999267578125,468974000,279.35345023812204,279.6430533893089,275.4633531849248,276.4189758300781,22906700
2022-04-21,13.020000457763672,13.329999923706055,12.225000381469727,12.329999923706055,32009000.0,95.16000366210938,96.2300033569336,89.23999786376953,89.8499984741211,76680600,199.8450653573932,201.20313458082896,183.96451623076376,186.43284606933594,49954100,128.11397656104157,128.95501432098166,123.43198996855905,123.71746063232422,36446000,358.24334716796875,364.0733337402344,332.1400146484375,336.260009765625,105416400,165.200581424204,167.7630389892028,162.26646424033356,162.7652587890625,87227800,21.644320110833693,22.325285752038848,19.940412249254727,20.122867584228516,656209000,278.5618357161739,283.1179805141514,270.3376209737709,271.06158447265625,29454600
2022-04-22,12.329999923706055,12.729999542236328,11.859999656677246,11.960000038146973,30386100.0,90.02999877929688,91.45999908447266,87.94000244140625,88.13999938964844,75017700,188.71280973536275,191.04235885583572,181.67462485450002,182.50730895996094,36426800,123.90133604882998,124.2998031690539,117.8797341417918,118.583984375,56884000,338.3033447265625,344.95001220703125,331.3333435058594,335.01666259765625,69696600,162.8044255775631,164.18344962427105,157.95334416856102,158.23696899414062,84882400,20.242508087919838,20.424963414737594,19.44190107394043,19.45685577392578,624713000,271.901389909691,273.36864152138946,263.88953860387505,264.5169677734375,29405800
2022-04-25,11.829999923706055,12.15999984741211,11.680000305175781,12.109999656677246,31727600.0,89.86000061035156,91.37000274658203,88.61000061035156,90.69000244140625,93481000,181.13931758710004,185.55057698247137,180.0786398818122,185.36224365234375,29281100,118.05418408752932,122.19397402288331,117.46937340165847,121.99226379394531,46128000,326.3233337402344,336.2066650390625,325.1000061035156,332.67333984375,68341200,157.58165071304833,159.58663379803306,154.9800781201004,159.30300903320312,96046400,19.14478957941765,19.8855759292998,19.039106397949094,19.84270477294922,641566000,263.8027323682706,271.351238292918,261.3701954398088,270.97479248046875,35678900
2022-04-26,11.9399995803833,12.050000190734863,11.100000381469727,11.119999885559082,38666500.0,89.73999786376953,90.12000274658203,85.08000183105469,85.16000366210938,89127400,185.00536429800306,185.56048699865713,177.93742711598594,179.3748016357422,31747400,121.21962308439458,121.43322887611035,117.46937661496328,117.6071548461914,73054000,331.80999755859375,333.3333435058594,291.6666564941406,292.1400146484375,136133700,158.6868628689345,158.7748828167284,153.2783071958642,153.35655212402344,95623200,19.659252706344454,19.729043844449905,18.614374777282016,18.732023239135742,653143000,267.86659887115906,268.6967298664818,260.62696106383044,260.8393249511719,46518400
2022-04-27,11.010000228881836,11.194999694824219,10.529999732971191,10.5600004196167,54508500.0,84.25,87.9000015258789,84.0199966430664,84.91000366210938,83125100,172.91157012244597,179.6325637703488,167.5288458276173,173.4270477294922,71062900,113.46338958402451,116.2115203098223,111.74562732959535,113.28993225097656,91820000,299.52667236328125,306.0,292.4533386230469,293.836669921875,76956300,152.48608239761126,156.28086402556207,151.96772285920957,153.131591796875,88063200,18.542589470786602,19.10989445940128,18.235508451875706,18.360136032104492,499460000,272.30694686810284,280.8690214403735,269.46900616876684,273.3880615234375,63477700
2022-04-28,10.6899995803833,11.045000076293945,10.369999885559082,10.949999809265137,40074500.0,86.66999816894531,90.58000183105469,84.77999877929688,89.63999938964844,91495400,201.15356583343285,206.71473100829363,191.22078637719784,203.93910217285156,100890600,115.39178412047565,118.59785193596822,113.11199669155614,117.48075866699219,48884000,299.99334716796875,300.0,273.8999938964844,292.5033264160156,124948500,155.75271956865106,160.906989569117,155.43973990755873,160.0463104248047,130216800,18.910491964188285,19.977305783390694,18.434913772859694,19.723064422607422,570327000,275.2896928123423,280.8787024552728,271.68916835558514,279.5755615234375,33646600
2022-04-29,10.899999618530273,11.229999542236328,10.359999656677246,10.399999618530273,30937500.0,88.05000305175781,91.79000091552734,85.37999725341797,85.5199966430664,82647700,202.68015601451035,210.6303299905901,198.15983869617668,198.72488403320312,49193400,115.70848796251151,116.88356939125211,112.81415439821426,113.10655975341797,42676000,300.75,311.4666748046875,290.0,290.2533264160156,88133100,158.2858996350958,162.55015219710288,153.79670218017276,154.1879119873047,131747600,19.344197292068042,20.06803419949643,18.461833687592772,18.491744995117188,500435000,278.59087064005706,279.81680135936267,266.9012842301464,267.8858642578125,37073900
2022-05-02,10.380000114440918,10.755000114440918,10.180000305175781,10.739999771118164,41193800.0,85.66000366210938,90.37000274658203,85.31999969482422,89.83999633789062,98304100,199.41879504894462,210.03557018084996,199.240369225767,209.29209899902344,49915300,112.40824262327081,115.71938168066022,111.61031774703048,115.55831146240234,35534000,286.92333984375,302.1199951171875,282.6766662597656,300.9800109863281,75781500,153.268494371806,154.7551028690703,149.90403790928826,154.4910430908203,123055300,18.48575893149055,19.515680231778166,18.33620622488366,19.474803924560547,572049000,268.0692391635906,275.0482590184196,266.6309742081337,274.5945739746094,35151100
2022-05-03,10.6899995803833,10.979999542236328,10.4399995803833,10.550000190734863,31372700.0,89.8499984741211,92.20999908447266,89.01000213623047,91.12999725341797,126381800,208.61800216969073,213.02926131184137,206.27854567365722,210.1842498779297,41556300,115.4071644067974,117.4009899974836,115.01464880494734,116.30272674560547,24968000,301.05999755859375,308.02667236328125,296.1966552734375,303.0833435058594,63709500,154.67691281994897,157.18070602041826,152.88711399336617,155.9777069091797,88966500,19.34220411270771,19.765939115024143,19.075999347942556,19.543601989746094,475751000,274.1023614203299,274.26647285650915,270.42462737594974,271.998046875,25978600
2022-05-04,10.529999732971191,11.010000228881836,10.079999923706055,10.979999542236328,43239900.0,98.18000030517578,99.69000244140625,91.69999694824219,99.41999816894531,225394100,208.81626224243902,222.34744654800306,205.15839680914934,221.46519470214844,41375900,116.00287299219873,121.77469077330238,114.10420454212863,121.18640899658203,49916000,301.3133239746094,318.5,295.09332275390625,317.5400085449219,81643800,156.163485086847,162.82392827829534,155.7624855158091,162.37403869628906,108256500,19.863643621096067,20.339221777103816,18.695134485364377,20.273418426513672,648855000,272.77989016075946,280.78211122173315,267.1233340856761,279.9133605957031,33599300
2022-05-05,10.800000190734863,10.800000190734863,9.979999542236328,10.119999885559082,40523600.0,97.6500015258789,97.83999633789062,92.16999816894531,93.87000274658203,153129800,216.83583912776692,218.25338349099627,204.36534820355035,206.46688842773438,41129200,119.1474930563822,119.97515308141593,113.99468267182898,115.48149871826172,45840000,313.00665283203125,315.20001220703125,285.8999938964844,291.09332275390625,92519100,160.25172879543595,160.47667363266967,151.5471709663278,153.32720947265625,130525300,19.807807888219486,19.865633741473076,18.444880215286258,18.78785514831543,626331000,275.6274568786791,276.40933528615983,264.816254282709,267.7217712402344,43260400
2022-05-06,10.0,10.050000190734863,9.420000076293945,9.479999542236328,69691300.0,94.33999633789062,98.18000030517578,92.6500015258789,95.33999633789062,144286600,205.53506951603146,207.55731947021067,199.27009396161898,201.99615478515625,34747200,114.17209964267633,116.53812038689702,113.01337571511645,114.72915649414062,39710000,295.6666564941406,296.0,281.03668212890625,288.54998779296875,72903000,152.80803283291047,156.16764300878287,151.01559010660912,154.05197143554688,116124600,18.68017522440526,19.453862166104038,17.93639767916028,18.619356155395508,633297000,265.2699283325795,269.5557954403699,261.85281170163194,265.1927185058594,37780300
2022-05-09,7.78000020980835,7.849999904632568,7.320000171661377,7.460000038146973,170871700.0,92.87000274658203,93.73999786376953,85.37999725341797,86.36000061035156,144523700,198.10037393010384,200.80661996260716,193.87746300031426,194.50198364257812,36303200,112.25460544901141,114.06555074428341,111.01609125808115,111.52210235595703,40802000,278.8166809082031,281.8766784667969,260.3833312988281,262.3699951171875,90810300,151.75022430191655,152.63176175523802,148.38083908771665,148.9391326904297,131577900,17.98027188540069,18.20061223010109,16.776867157808468,16.89950180053711,644455000,260.6848215778592,262.9049649269727,254.17881118176808,255.39505004882812,47726000
2022-05-10,7.559999942779541,7.703000068664551,6.929999828338623,7.289999961853027,86932400.0,89.18000030517578,90.7699966430664,85.41000366210938,88.7300033569336,137235500,197.7732217905714,201.19320098052617,192.4995412750609,195.92941284179688,34452500,114.49228193195775,115.22825625829458,111.90819312090024,113.38955688476562,39900000,273.10333251953125,275.1199951171875,258.0833435058594,266.67999267578125,84401700,152.32811702969943,153.52307898712107,149.7912627423493,151.33883666992188,115366700,17.636295630660026,18.1437798648561,16.974274428777502,17.54257583618164,761474000,262.25826345033016,264.24674803781596,255.86808196451094,260.144287109375,39336400
2022-05-11,7.28000020980835,7.539999961853027,6.659999847412109,6.710000038146973,72894900.0,87.83999633789062,93.45999908447266,86.52999877929688,87.91999816894531,136137900,194.62092459185249,198.92314071841457,186.6310903208202,187.0970001220703,31153400,112.24123109079025,115.34173644656327,112.24123109079025,112.60401153564453,37534000,265.0,269.92333984375,242.39999389648438,244.6666717529297,97224600,150.34960463592216,152.2595803376125,142.81742986905113,143.49327087402344,142689800,17.29531869321598,17.70010924577166,16.518640215360524,16.580453872680664,670167000,256.4569218413572,261.93973378756925,250.2983985852397,251.5050048828125,48975900
2022-05-12,6.550000190734863,7.380000114440918,6.440000057220459,7.340000152587891,82147300.0,86.5999984741211,88.55000305175781,83.2699966430664,87.05999755859375,129214200,185.43163548920708,196.32597270309722,183.17148415767517,189.57525634765625,38262200,110.3985706744424,113.29042361789074,108.85921908657511,111.85218048095703,53836000,233.6666717529297,253.22000122070312,226.6666717529297,242.6666717529297,140313000,139.83979077150929,143.19938623116693,135.95126990961808,139.63409423828125,182602000,16.170675786077656,16.73798070919897,15.520618927510899,16.126806259155273,708728000,248.7442826712676,250.8582590815856,241.3405488261486,246.4855194091797,51033800
2022-05-13,7.519999980926514,8.350000381469727,7.519999980926514,8.34000015258789,69242700.0,88.30000305175781,96.56999969482422,88.22000122070312,95.12000274658203,138068100,190.90356178395524,198.14992463211743,189.61487546891254,196.89097595214844,24549800,113.52633818857002,116.83896736441086,112.60650078179894,115.03050231933594,35038000,257.82666015625,262.45001220703125,250.52333068847656,256.5299987792969,92150700,141.62245981596948,145.0604308345469,140.17283922837782,144.0907440185547,113990900,16.73797994693999,17.874582687114945,16.543561257348554,17.653244018554688,670437000,248.4161076104666,253.9085817712002,246.4855375563082,252.0552215576172,34925100
2022-05-16,8.170000076293945,8.430000305175781,8.010000228881836,8.039999961853027,46153200.0,93.86000061035156,98.16999816894531,93.08000183105469,94.23999786376953,131065700,195.33468265201552,203.58224918131478,194.22442196706197,198.29864501953125,27112600,113.94511327209501,115.1489390261491,112.8884884094621,113.43910217285156,25990000,255.72000122070312,256.586669921875,239.69667053222656,241.4566650390625,86098500,142.56281336380218,144.49238334295012,141.22092034118668,142.55300903320312,86643800,17.456833430342392,17.735001491928404,17.055034273977807,17.212562561035156,521446000,250.9354501012321,256.5920348375694,246.9005663575993,252.4219970703125,32550900
2022-05-17,8.100000381469727,8.460000038146973,8.010000228881836,8.359999656677246,38620800.0,97.87999725341797,103.19999694824219,97.54000091552734,102.47000122070312,164227200,200.36053841838304,203.67147517872874,196.63327470356344,200.85618591308594,24872700,115.81355766184248,115.87253633398905,113.86037975364924,115.44928741455078,23054000,249.1199951171875,254.82666015625,242.9499969482422,253.8699951171875,80236200,145.8047810748366,146.6961077185766,143.66951587036147,146.17698669433594,78336300,18.020149031920944,18.31626502100498,17.58146135414091,18.12284278869629,585830000,256.87196899135023,259.0149028011125,253.34868474571135,257.5573425292969,28828800
2022-05-18,8.210000038146973,8.430000305175781,7.920000076293945,8.010000228881836,29304600.0,100.0,104.22000122070312,95.70999908447266,96.27999877929688,142603200,198.25898682246762,199.25028175657994,189.96185306425463,190.56654357910156,23960000,113.98924386906536,114.38572970803413,110.57501446156296,110.9159927368164,35126000,248.17333984375,253.5,233.60333251953125,236.60333251953125,87811800,143.83609605190958,144.33562356857507,137.02872402723415,137.9298553466797,109742900,17.652248119677026,18.06401769834439,16.813754263169248,16.88753318786621,545161000,254.4612355715473,255.04176140596195,244.56337491481253,245.83084106445312,31356000
2022-05-19,7.96999979019165,8.581000328063965,7.945000171661377,8.3100004196167,35780900.0,96.69000244140625,100.69000244140625,95.08999633789062,96.66999816894531,141506200,189.53557347013006,193.58996580154144,187.9495107758702,189.62478637695312,24446900,110.4521046016662,112.01672963021842,109.03318313781098,109.41381072998047,34144000,235.6666717529297,244.6666717529297,231.3699951171875,236.47332763671875,90296700,137.00912503429328,138.7525913397019,133.7964445425997,134.5310516357422,136095600,16.886539645818328,17.634305160902688,16.68414342710916,17.072982788085938,621310000,245.65663021218998,249.30424862945785,243.70222412281217,244.9213104248047,32692300
2022-05-20,8.260000228881836,8.399999618530273,7.710000038146973,8.079999923706055,40879100.0,98.38999938964844,98.63999938964844,88.26000213623047,93.5,164126800,193.2727535593855,196.18716276985003,186.23455423988324,191.85519409179688,31465600,110.96703650906717,111.19749876704485,104.86663436993842,107.9507827758789,48962000,237.99667358398438,240.52667236328125,211.0,221.3000030517578,144973200,136.2353274341848,137.81228455615957,129.88832647827988,134.76611328125,137426100,17.280361950120188,17.358128675360334,15.708059831340721,16.644262313842773,739105000,248.8882164839808,250.1460272870901,238.43887034074822,244.36016845703125,39199300
2022-05-23,8.010000228881836,8.170000076293945,7.800000190734863,8.010000228881836,27755200.0,91.66000366210938,95.19000244140625,90.91999816894531,95.06999969482422,128773000,193.49084953374,195.27518333819546,189.57523779332573,194.52178955078125,25059200,108.62430893865206,111.16180602376643,107.7852448693059,110.50810241699219,37184000,218.33999633789062,226.65333557128906,212.68666076660156,224.96665954589844,88903500,134.9620011760451,140.31973647724712,134.82487512400195,140.17282104492188,117726300,16.225514794885957,16.86460579941811,16.13079851441161,16.84765625,639889000,247.1951001839205,253.00997028560778,245.20196908749986,252.18756103515625,33175400
2022-05-24,7.980000019073486,7.989999771118164,7.369999885559082,7.550000190734863,47218700.0,92.54000091552734,93.41999816894531,89.62000274658203,91.16000366210938,123341400,178.97827858926098,182.08102101762512,174.57692727127068,179.70191955566406,50406300,104.8423469431348,105.5228136697581,100.98901060230938,105.03860473632812,76780000,217.8433380126953,217.97332763671875,206.85667419433594,209.3866729736328,89092500,137.9199786297948,139.05617409220883,134.51140718816654,137.47921752929688,104132700,16.460807557170174,16.54754822824325,15.732982147525236,16.105867385864258,588550000,249.51716536945642,252.84545260288888,245.26968020605537,251.19097900390625,29043900
2022-05-25,7.519999980926514,8.017999649047852,7.510000228881836,7.960000038146973,35068900.0,90.43000030517578,93.88999938964844,89.5199966430664,92.6500015258789,111771100,178.8295721112959,183.8356137712795,177.75898706063882,182.22972106933594,28030200,104.0627448772428,105.56393689303482,102.94367020306227,104.87504577636719,40258000,207.9499969482422,223.10667419433594,207.6699981689453,219.60000610351562,92139300,135.58886991195646,138.87991021944293,135.50072064953915,137.635986328125,92482700,15.97227052482503,17.060019607721216,15.952329656354774,16.92442512512207,781132000,249.75898018466552,255.98986547497486,248.78176241630595,253.9967498779297,28547900
2022-05-26,7.840000152587891,8.399999618530273,7.769999980926514,8.359999656677246,39738900.0,91.33999633789062,100.33000183105469,90.73999786376953,98.75,128792700,181.28800779348728,191.15138856851496,180.67339469817318,189.9618377685547,23056500,104.7481849485602,107.69455509948278,104.30015422152373,106.8450927734375,37948000,220.47332763671875,239.55667114257812,217.8866729736328,235.91000366210938,106003200,134.5702485880299,141.37760590054086,134.32537951243148,140.8291015625,90601500,15.988220610755953,18.038094588752674,15.974262384109384,17.797813415527344,996575000,253.75499956144046,258.4378581424685,252.94227496738887,257.26715087890625,25002100
2022-05-27,8.5,8.850000381469727,8.434000015258789,8.850000381469727,37064000.0,100.13999938964844,102.4000015258789,99.37999725341797,102.26000213623047,104348400,189.69418020410123,193.62962190857738,188.14776268187097,193.43136596679688,22562700,108.52072351941294,111.33080496604357,108.17924616749293,111.32931518554688,37914000,241.0833282470703,253.26666259765625,240.17666625976562,253.2100067138672,89295000,142.40599883603798,146.607943821775,142.27866218793153,146.5687713623047,90978500,18.1318174179565,18.82474642934616,18.046073205336302,18.754955291748047,738379000,259.7632762741946,264.4654725864212,258.8731329025277,264.36871337890625,26910800
2022-05-31,8.970000267028809,9.100000381469727,8.5600004196167,8.680000305175781,41672300.0,102.43000030517578,104.55000305175781,100.04000091552734,101.86000061035156,125102900,193.19344898292155,195.87986462999697,190.3385150297135,191.95433044433594,26131100,111.75553808376368,114.71777381462744,111.0934100457265,112.76211547851562,50012000,257.9466552734375,259.6000061035156,244.7433319091797,252.75332641601562,101914500,146.01052282850958,147.56788638378129,143.82628016379354,145.7852325439453,103718400,18.9234560653081,19.142801878516646,18.295333740361873,18.616374969482422,664100000,263.6818188562503,265.8490837513658,260.1986934699792,263.0432434082031,37827700
2022-06-01,8.720000267028809,8.979000091552734,8.380000114440918,8.460000038146973,34438100.0,102.12999725341797,103.56999969482422,99.55000305175781,101.22000122070312,99351400,194.79934956020318,197.79306430443702,183.38955104588305,186.99786376953125,36623500,113.84550925646737,116.07226223773644,112.25461274183665,112.8909683227539,36606000,251.72000122070312,257.32666015625,243.63999938964844,246.7899932861328,77247900,146.8234927200187,148.625740486996,144.64905411869742,145.65792846679688,74286600,18.668212704516566,18.996231017813137,18.06800517898297,18.26541519165039,544514000,266.26511923779674,268.674267192914,261.27264493032675,263.57537841796875,25292200
2022-06-02,8.539999961853027,9.390000343322754,8.461000442504883,9.300000190734863,41347000.0,100.77999877929688,109.5,100.77999877929688,108.58999633789062,120953800,186.8094936948901,199.1907706394857,186.09576026067737,197.12887573242188,31951600,112.99801816382626,116.863242236052,111.95378036843927,116.58867645263672,37992000,244.1566619873047,264.2099914550781,242.06666564941406,258.3333435058594,93473100,144.79596367082308,148.16536407915592,143.8458705924634,148.10659790039062,72348100,18.237498762615502,19.560544628460704,18.14377897274522,19.53362464904785,648656000,255.86413679429918,265.7329565705162,253.10666158963318,265.66522216796875,44008200
2022-06-03,9.039999961853027,9.25,8.859999656677246,8.9399995803833,36632300.0,105.80000305175781,109.38999938964844,104.6500015258789,106.30000305175781,110844700,194.27399377384188,194.89851447671586,188.12796767536602,189.1192626953125,19465000,115.04239030742981,115.2991165371884,112.52075159132542,113.53426361083984,26136000,243.22666931152344,247.79666137695312,233.4166717529297,234.51666259765625,112393800,143.88506398253034,144.93311080828775,141.4951543400914,142.39627075195312,88570300,19.025147490431646,19.274402636121195,18.466814594887644,18.66422462463379,598779000,261.53385823484007,264.571926206195,259.6955513321792,261.2532653808594,28059000
2022-06-06,9.109999656677246,9.210000038146973,8.779999732971191,8.979999542236328,35101100.0,108.2699966430664,109.56999969482422,104.2300033569336,105.6500015258789,96726900,192.30132026201116,195.20580731781783,186.7599697806363,192.55905151367188,30574200,115.6787539707655,118.2980302082557,115.14300770312117,115.79373931884766,33542000,244.35333251953125,244.86666870117188,234.35000610351562,238.27999877929688,84204600,144.01237341190438,145.52077501341512,141.92608448379778,143.14064025878906,71598400,19.081979003796526,19.279389055591135,18.508691344014494,18.730030059814453,422406000,263.2270376292287,265.27820295854366,258.5441812387559,260.0245056152344,22400300
2022-06-07,8.890000343322754,9.140000343322754,8.729999542236328,9.130000114440918,28049400.0,104.23999786376953,106.23999786376953,102.61000061035156,105.27999877929688,79022900,190.2592351618906,194.81919804623945,189.82307808357928,193.9468536376953,18828700,114.46551304706918,116.65658702589174,114.0407818998257,116.11984252929688,31590000,234.0,239.99667358398438,230.0933380126953,238.8866729736328,72808500,141.3874111623379,145.94197002029273,141.14254208512267,145.65792846679688,67808200,18.416962071987143,18.943388753536723,18.133807865598357,18.869609832763672,388914000,257.9830411761452,264.26232157625736,257.3057561922374,263.65277099609375,22860700
2022-06-08,9.180000305175781,9.420000076293945,9.09000015258789,9.180000305175781,29056300.0,104.56999969482422,105.8499984741211,100.41000366210938,101.9000015258789,97641900,192.97538565794966,200.27131707822286,192.71765441688768,194.92823791503906,22267200,115.73525430628604,117.52836028330441,115.57517473426661,116.16395568847656,26108000,240.086669921875,249.9633331298828,239.17666625976562,241.86666870117188,76210500,145.53057980516448,146.7940975636926,144.43357121198528,144.92330932617188,53950200,18.74695554636219,19.12690128125382,18.483686480121612,18.59637451171875,363252000,262.88839638694134,264.1365222872214,260.85657107937885,261.630615234375,17372300
2022-06-09,9.130000114440918,9.15999984741211,8.670000076293945,8.680000305175781,30527400.0,101.56999969482422,103.94000244140625,98.73999786376953,98.80000305175781,95299000,192.5887643538881,197.713756969315,182.0810327786021,182.39825439453125,23501600,115.3050549411603,117.25923088930595,113.76719320854649,113.826171875,25798000,249.33999633789062,255.54666137695312,239.32666015625,239.7066650390625,96491400,144.06135517233236,144.91349464755012,139.60473566244548,139.7124786376953,69473000,18.42983530392258,18.880583584037574,17.991052933850728,17.99803352355957,395574000,259.086091675852,263.85602423310576,256.03836738291267,256.19317626953125,26439700
2022-06-10,8.479999542236328,8.579999923706055,8.140000343322754,8.260000228881836,30225800.0,98.81999969482422,99.93000030517578,94.25,94.81999969482422,102135400,181.44661563615782,181.50610603720847,173.4964412625436,174.04165649414062,27450800,111.45668305650874,112.28335238911357,109.39595372206405,110.18446350097656,41452000,235.1566619873047,239.5,227.913330078125,232.22999572753906,97536600,137.40087964136862,137.87102389401954,134.24696601133667,134.31553649902344,91437900,17.551274019304014,17.648005592341615,16.822296926639886,16.9270076751709,465248000,252.11977283149906,252.11977283149906,244.33114285896366,244.77621459960938,31422800
2022-06-13,7.989999771118164,8.0,7.5,7.639999866485596,40943000.0,91.26000213623047,92.02999877929688,86.63999938964844,86.98999786376953,98148800,169.10497601341515,171.07765810739633,162.60208455665708,162.830078125,31749300,105.8479317354448,107.83530667844167,105.18630275754612,105.4573974609375,47252000,223.1666717529297,226.63333129882812,214.68333435058594,215.73666381835938,102767400,130.1429810735186,132.4251621177248,128.74233746263164,129.17330932617188,122207100,15.955703971257755,16.266840472595092,15.562794707707624,15.603681564331055,604153000,237.1520524259518,240.9351106086177,233.68828195632932,234.3945770263672,46135800
2022-06-14,7.735000133514404,7.980000019073486,7.585000038146973,7.820000171661377,30564100.0,87.41000366210938,88.30000305175781,85.81999969482422,86.98999786376953,84066600,164.58468395588787,165.29841746325724,159.9553387871744,162.30470275878906,27244300,105.59863233927445,106.97591545107889,104.87009189196922,105.77754211425781,33706000,218.2866668701172,226.3300018310547,211.73666381835938,220.88999938964844,97988700,130.39764883857168,131.14204524198857,128.7815044194442,130.0352325439453,84784300,15.68744737975274,16.021519942748558,15.369330314017972,15.792157173156738,469680000,235.94261923059773,237.76158615878145,233.66891057036807,236.5521697998047,28651500
2022-06-15,7.920000076293945,8.300000190734863,7.815000057220459,8.119999885559082,38235300.0,87.9000015258789,90.86000061035156,86.19000244140625,89.30000305175781,95774800,165.74450039607447,170.661329641027,162.55252968231065,167.87579345703125,30008300,107.59096455911155,110.44416645951732,106.7231636370719,108.79975128173828,39698000,220.9166717529297,235.663330078125,218.14999389648438,233.0,119131800,131.53383428431485,134.5212392737676,129.44756042743367,132.6504364013672,91533000,16.050439932166825,16.821300578805904,15.881908139766276,16.481245040893555,563936000,240.24814951336052,247.01121141715927,238.41951248541616,243.5861358642578,33111700
2022-06-16,7.840000152587891,7.985000133514404,7.579999923706055,7.670000076293945,36793500.0,86.62999725341797,86.7300033569336,80.63999938964844,82.05000305175781,102433300,162.29480098577153,163.6429626444072,158.2205783731708,159.4696044921875,26944100,106.27858687929458,107.69353781973216,104.21389512540723,105.10152435302734,51684000,222.73666381835938,225.1666717529297,208.69332885742188,213.10000610351562,107390700,129.36921686332983,129.67285209068328,126.39160087860697,127.39067077636719,108123900,15.816088757865616,15.897862458387,15.35835993661818,15.557806015014648,545749000,237.99382006995404,239.38707028498348,235.12992997318065,237.01661682128906,33169200
2022-06-17,7.699999809265137,8.329999923706055,7.690000057220459,8.239999771118164,45518000.0,82.19000244140625,82.94000244140625,79.43000030517578,81.56999969482422,105212300,160.27254091529267,164.45580630957073,158.5080373272939,162.3146209716797,31374200,105.10153777233351,107.74410579485648,104.12271420584322,106.2017822265625,51376000,213.43333435058594,220.97000122070312,213.19667053222656,216.75999450683594,92641800,127.40046865716874,130.34868645706888,127.14579529566508,128.85987854003906,134520300,15.604677679322638,15.950717118320277,15.285563915858456,15.83603572845459,630334000,236.75536866492723,242.36706412018737,236.10712319916604,239.60958862304688,43084800
2022-06-21,8.59000015258789,9.050000190734863,8.5600004196167,8.710000038146973,48887600.0,84.16999816894531,85.80999755859375,82.5999984741211,83.79000091552734,87780600,164.48553330824373,166.29960454564957,154.6122459066395,155.68284606933594,50724900,107.97209137326078,111.50080688982577,107.64548911545747,110.56361389160156,47416000,224.60333251953125,243.57666015625,224.3333282470703,237.0366668701172,122793000,130.68175224970554,134.24704609587076,130.5838135675205,133.0814666748047,81000500,16.429388214877477,16.960911609240924,16.361575686273117,16.5201358795166,483089000,242.13483565226932,246.4790647181553,241.40918580520898,245.50186157226562,29928300
2022-06-22,8.520000457763672,9.28499984741211,8.449999809265137,9.010000228881836,43430600.0,84.4000015258789,86.37999725341797,83.30000305175781,83.75,86634700,157.00126053138882,159.3902692794772,154.08685167272213,154.4932861328125,47267800,109.58478958192295,112.35026079420923,109.41231534981758,110.50760650634766,30774000,234.50332641601562,246.8333282470703,233.82666015625,236.086669921875,101107500,132.02354820979977,134.93259278933536,131.16161959240785,132.5720672607422,73409200,16.181077014713374,16.61587073985761,16.135204840649315,16.314706802368164,437135000,243.71195083753238,248.82054000260254,242.24129615723362,244.9116973876953,25939900
2022-06-23,9.020000457763672,9.5,8.84000015258789,9.460000038146973,44618000.0,84.31999969482422,84.41000366210938,80.2300033569336,82.43000030517578,100614600,154.90966528157492,158.35936745470903,152.90724525752032,157.36807250976562,40499200,111.24506449929154,111.7515747494861,109.529283524712,111.2554702758789,28362000,237.9066619873047,239.31666564941406,228.6366729736328,235.07000732421875,104202600,134.0119221215175,135.74558399228505,132.84634321517927,135.43215942382812,72433800,16.473265177528255,16.539082437023865,15.809109627633456,16.18008041381836,463680000,247.2724645049341,250.94907881697276,245.3954477538114,250.45562744140625,25861400
2022-06-24,9.529999732971191,10.199999809265137,9.479999542236328,10.1899995803833,67826000.0,83.55999755859375,87.52999877929688,83.08000183105469,87.08000183105469,88553900,160.32211769945533,168.76795436460003,159.8958681588776,168.67874145507812,68736000,112.00185482451673,117.0411696178319,111.95972504269348,116.93807983398438,41164000,237.47000122070312,246.06666564941406,236.086669921875,245.7066650390625,95770800,137.02869134817942,138.99744774415504,136.901369626622,138.75257873535156,89116800,16.454318352824092,17.09254584996885,16.26484385133375,17.078584671020508,472153000,253.30985203926372,259.2795445759663,253.22277759883846,259.0086364746094,33923200
2022-06-27,10.149999618530273,10.15999984741211,9.510000228881836,9.619999885559082,44768000.0,87.36000061035156,88.22000122070312,85.25,86.16000366210938,74663500,169.8286435619368,170.25489309350084,166.54744485240766,168.0145721435547,29174600,117.23347197127057,117.53727377160598,114.16715569950595,114.81541442871094,36420000,249.36666870117188,252.07000732421875,242.56666564941406,244.9199981689453,89178300,139.77122723590202,140.5450216732672,138.07673787975503,138.75257873535156,70207900,17.264066533714598,17.282016345048675,16.579965119701967,16.82229232788086,427968000,259.5020124951496,259.58908692020407,254.7320819865546,256.2898254394531,24615100
2022-06-28,9.569999694824219,9.880000114440918,9.1899995803833,9.3100004196167,45589000.0,85.70999908447266,86.7300033569336,80.43000030517578,80.77999877929688,95618600,168.42098977082756,169.8088116430463,159.21186722566654,159.28125,27744500,114.78467596630205,116.27843425509606,110.86493491306922,111.02303314208984,35792000,244.48333740234375,249.97000122070312,232.3433380126953,232.663330078125,90391200,139.21294709984699,140.47646473111445,134.50166930718802,134.61920166015625,67083400,16.853210426478878,17.15437435755345,15.900854507260869,15.937752723693848,461149000,255.40940681520112,258.2442718055391,247.99809948086303,248.1529083251953,27295500
2022-06-29,9.350000381469727,9.420000076293945,9.069999694824219,9.229999542236328,40408700.0,79.55000305175781,79.75,76.51000213623047,77.98999786376953,104140900,162.1461193919892,164.8820879607232,158.92441086091708,162.5128936767578,28595200,110.57153493394433,112.16589494206592,109.8980029257133,110.71971893310547,24716000,230.5,231.17333984375,222.27333068847656,228.49000549316406,82897200,134.63880492913648,137.7829151592785,133.8650103621575,136.37246704101562,66242400,15.770219221628231,15.776202177014092,15.128002076209375,15.498971939086914,482352000,249.22686932972684,253.46466940003842,247.45628183135534,251.81019592285156,20069800
2022-06-30,9.020000457763672,9.1899995803833,8.720000267028809,9.069999694824219,33636400.0,77.7300033569336,78.91000366210938,75.4800033569336,76.47000122070312,105368600,160.73847289674504,163.7916632111336,157.11034481217,159.8463134765625,35250600,109.03318289219757,109.91337852535331,105.81174794310992,108.00529479980469,43170000,224.50999450683594,229.4566650390625,218.8633270263672,224.47332763671875,94600500,134.43309207438057,135.5301005021527,131.02451949836083,133.91397094726562,98964500,15.31847343700277,15.523903457243852,14.820855311845145,15.117033004760742,686070000,248.7043745789492,251.10386732586358,244.68911807030898,248.49151611328125,31730900
2022-07-01,9.109999656677246,9.430000305175781,9.031000137329102,9.270000457763672,33504400.0,75.19000244140625,75.44999694824219,72.69000244140625,73.66999816894531,87734200,158.9144784682679,159.2217774583534,153.6507051194892,158.6369171142578,31423900,106.9843506377648,108.28977655197615,105.7924202926031,107.78178405761719,35476000,227.0,230.22999572753906,222.1199951171875,227.26333618164062,74460300,133.24795771047167,136.1863867964731,132.87576685593524,136.07864379882812,71051600,14.857748388493345,15.021293870313341,14.352152181051169,14.482789039611816,577610000,248.06584848912598,251.33608586530872,246.3436258304713,251.15225219726562,22837700
2022-07-05,9.140000343322754,10.100000381469727,9.0,10.069999694824219,55854800.0,71.9800033569336,75.20999908447266,71.5999984741211,75.19999694824219,95589000,156.76336002821185,166.78535112270356,155.65311468571062,166.7258758544922,28618600,106.15916719622534,112.38049828174634,104.80219643466671,112.26750183105469,39342000,223.0,233.14666748046875,216.1666717529297,233.06666564941406,84581100,134.94243962271915,138.70362462604172,134.11966825992553,138.65464782714844,73353800,14.135756008662238,14.92955177197515,14.01608834866183,14.922571182250977,651397000,247.8433463795469,254.4419309103193,246.46945079470586,254.31614685058594,22941000
2022-07-06,10.010000228881836,10.3100004196167,9.739999771118164,9.800000190734863,54604300.0,75.16999816894531,76.27999877929688,73.55000305175781,75.3499984741211,85458900,166.7357893546175,170.09627826306044,164.01965116887757,168.29212951660156,23085900,112.30616050739741,114.57355354870796,110.49620571439615,113.56499481201172,37432000,230.77999877929688,234.56333923339844,227.18666076660156,231.73333740234375,71853600,138.44897021265854,141.16210859174285,138.1845074474581,139.9867401123047,74064300,14.968444218161782,15.27658874989287,14.748055399282007,15.088111877441406,529066000,255.18692332453952,259.28925531633575,253.88074738510633,257.5670471191406,23824400
2022-07-07,9.760000228881836,10.279999732971191,9.75,10.180000305175781,35672500.0,77.19000244140625,79.98999786376953,76.9000015258789,79.30000305175781,83640900,167.9749321123274,171.21647094718156,166.3194713031898,170.6910858154297,24083400,114.06852703009027,118.14190442135235,113.82419547258564,117.73897552490234,40936000,233.9199981689453,245.3633270263672,232.2100067138672,244.5433349609375,81930600,140.3491044689141,143.5422056804672,140.33931508968487,143.3463134765625,66253700,15.413208995404638,15.900854523259023,15.346394102933195,15.814095497131348,492903000,256.5123751272476,260.324457968474,256.4156159102422,259.6858825683594,20859900
2022-07-08,9.920000076293945,10.380000114440918,9.829999923706055,10.170000076293945,36737100.0,78.30999755859375,80.47000122070312,77.4000015258789,79.3499984741211,83405900,168.50029685970665,170.89922861706972,166.686225442263,169.39247131347656,19249200,116.21945418412874,118.63304981056329,115.87401417090683,118.3044662475586,38238000,242.3333282470703,254.97999572753906,241.16000366210938,250.76333618164062,101854200,142.2787196887486,144.52172874952925,142.0240612352335,144.02218627929688,64547800,15.387279970974781,15.992599747893234,15.346393120597432,15.794150352478027,467972000,256.19312462228805,259.3956571562315,254.74182482043682,258.9699401855469,19658800
2022-07-11,9.979999542236328,9.994000434875488,9.529999732971191,9.5600004196167,34015100.0,77.8499984741211,78.29000091552734,75.83999633789062,76.94999694824219,76150300,165.61562467931125,166.0319666680864,160.50054002986025,161.46209716796875,21885600,116.96088070050413,116.96088070050413,114.31682284364507,114.65978240966797,31196000,252.10333251953125,253.06333923339844,233.6266632080078,234.3433380126953,99241200,142.6802818681296,143.63037488194183,140.82907263468897,141.89669799804688,63141600,15.483016286395417,15.484013921133512,14.996367398257068,15.110052108764648,437321000,257.02513719013626,257.8765709598694,253.6677964775718,255.9221649169922,19455200
2022-07-12,9.65999984741211,9.960000038146973,9.270000457763672,9.489999771118164,42765800.0,76.9800033569336,77.44000244140625,74.43000030517578,76.36000061035156,77873200,163.3654043690906,164.46574232541377,160.68891113440077,161.84872436523438,16639700,115.19354915850505,115.94588075015933,112.69074816289236,113.01834106445312,29960000,236.84666442871094,239.77333068847656,228.3699951171875,233.07000732421875,87930900,142.76839470322665,145.40318713448818,142.07297521835724,142.86634826660156,77588800,15.22572805239749,15.388276870570849,14.83581079611465,15.040243148803711,458483000,257.2476978512468,257.3057474734128,243.8570289175313,245.43411254882812,35868500
2022-07-13,9.220000267028809,9.550000190734863,9.050000190734863,9.279999732971191,32461300.0,74.94000244140625,79.11000061035156,74.4800033569336,77.5199966430664,79355000,158.7657892618441,163.54382264724677,158.2205740607195,162.06680297851562,16555100,110.71921287301893,113.1922860695284,110.22410668182415,110.37477111816406,43722000,225.5,242.05999755859375,225.03334045410156,237.0399932861328,97954500,140.05530730128564,143.44428658574307,139.20315284375937,142.50399780273438,71185600,14.549603908776952,15.332430278129022,14.424950004076715,15.122014045715332,521918000,242.06712638955372,245.3180384343123,240.05465562247608,244.51498413085938,29497400
2022-07-14,9.229999542236328,9.279999732971191,8.850000381469727,8.899999618530273,26702100.0,78.2300033569336,79.25,76.0,78.5999984741211,83493600,159.8165513084792,161.1746203649273,155.91084731663682,156.6741485595703,23765200,109.24182028143328,110.116563348243,107.42046926064337,109.3974380493164,37004000,234.89666748046875,238.65333557128906,229.3333282470703,238.31333923339844,78557400,141.12290665908233,145.89295009063997,140.30993976956114,145.4228057861328,78140700,15.06617297485196,15.430162236147307,14.687224899011335,15.329442024230957,456235000,242.4348047942675,246.85642391031848,237.95512128406688,245.83084106445312,25102800
2022-07-15,9.010000228881836,9.119999885559082,8.649999618530273,9.039999961853027,34918100.0,79.36000061035156,81.19999694824219,77.9000015258789,81.11000061035156,76050600,159.1424903569766,163.54384251386296,158.42877188312036,163.2662811279297,23342800,111.01609870201857,112.14607830712104,109.92526931854086,110.79505157470703,46770000,240.0,243.6233367919922,236.88999938964844,240.06666564941406,69683100,146.7059412883577,147.76377735798872,145.1583671279135,147.0879364013672,76259900,15.615646381948205,15.738305033694623,15.402238169306203,15.718360900878906,385935000,247.41756820782146,251.91659126646923,246.4984147054872,248.38510131835938,29774100
2022-07-18,9.25,9.449999809265137,9.005000114440918,9.029999732971191,32428400.0,82.20999908447266,84.47000122070312,80.94000244140625,81.43000030517578,90464300,165.29841367168555,170.19541257482624,164.198075800227,165.77423095703125,23574300,111.64998015183659,112.68084025664578,107.41751350561796,108.07170867919922,43164600,244.93666076660156,250.51666259765625,239.60333251953125,240.54666137695312,82537500,147.64621935829007,148.4591862413332,143.6891279021673,144.05154418945312,81420900,16.25686691896844,16.850218938777058,15.957698248928537,16.05642318725586,670517000,251.31676372876913,252.37137143662238,245.0761771682584,245.99533081054688,20975000
2022-07-19,9.149999618530273,9.369999885559082,8.890000343322754,9.34000015258789,29033800.0,82.76000213623047,86.41000366210938,82.19000244140625,85.87999725341797,85047500,168.88689304820255,174.95362761088478,168.0343789009671,174.2498016357422,25933700,109.87570948732167,113.01784573162385,108.59704671976239,112.8096923828125,36530900,245.0,247.13999938964844,236.97666931152344,245.52999877929688,80890200,144.88412086859606,148.1261847699647,143.89485526545627,147.90090942382812,82982400,16.44035994202508,17.062632997757373,16.127230046583808,16.94495964050293,702366000,249.2172106364665,251.28774603986494,245.44383672914083,251.10391235351562,25012600
2022-07-20,9.4399995803833,10.199999809265137,9.4399995803833,10.109999656677246,40845200.0,85.38999938964844,89.91999816894531,85.08000183105469,89.43000030517578,88348600,175.9449279721321,182.00174009691054,175.16179657187416,181.4961700439453,24784300,112.17530815715327,114.38571124810389,111.4913779467038,112.89889526367188,35600400,246.78334045410156,250.663330078125,243.48333740234375,247.5,88864200,148.01844006316782,150.56508418725386,147.28383290571463,149.89903259277344,64823400,16.900084012250357,17.8833544065657,16.754488293525725,17.757701873779297,760538000,251.46190980901676,256.2705517022864,250.5040612485148,253.7549591064453,22788300
2022-07-21,10.369999885559082,10.760000228881836,10.220000267028809,10.489999771118164,51691200.0,89.5999984741211,91.58000183105469,88.22000122070312,91.08999633789062,90449300,179.05758778878263,182.24955831234044,177.31289922875095,181.57546997070312,27195800,113.27556700444859,113.54319815061008,110.13343063915318,113.33503723144531,32676200,255.10667419433594,273.26666259765625,254.86666870117188,271.7066650390625,142032300,151.3290755894941,152.37712231601844,148.82161886422966,152.16163635253906,65086600,17.835480724788574,18.093762486581372,17.496421955411886,18.000022888183594,557049000,251.35548474975212,256.2899104944366,248.6850833881356,256.24151611328125,22404700
2022-07-22,10.350000381469727,10.569999694824219,9.729999542236328,9.84000015258789,38915500.0,90.19999694824219,90.69000244140625,87.04000091552734,88.0999984741211,76989700,171.5634172107559,174.0713921211751,166.94397930324826,167.79649353027344,42583900,110.02438111222146,111.35259974077154,105.56393322929357,106.95162963867188,48901200,276.2200012207031,280.78668212890625,270.71331787109375,272.24334716796875,103472700,152.20079694797485,153.07253011561605,150.2614383736218,150.92747497558594,66675400,17.843463625700892,17.917258166341586,17.089556062811305,17.271053314208984,536671000,256.6285035144892,256.71557796165024,250.65884004276222,251.9069366455078,21881300
2022-07-25,9.829999923706055,9.850000381469727,9.520000457763672,9.680000305175781,21485000.0,86.56999969482422,87.5999984741211,85.12000274658203,87.54000091552734,70083000,167.52882872010937,169.08516888643103,163.37530090151066,165.19927978515625,26166300,107.45716230393901,108.90432910851514,105.36570699180157,106.56507110595703,34690900,272.2166748046875,274.14666748046875,267.3999938964844,268.4333190917969,64073400,150.84909422530328,151.85795331530994,149.15460492057616,149.81085205078125,53623900,16.971882360366042,17.0765931156567,16.602907762705456,16.976869583129883,480748000,252.52619603432996,253.00996269339953,248.47222906918483,250.4266357421875,21056000
2022-07-26,9.65999984741211,9.65999984741211,9.380000114440918,9.399999618530273,21997800.0,87.0,87.75,84.70999908447266,85.25,69180400,164.49547276575285,164.55494803766118,156.57502132751043,157.7645721435547,28468400,105.66306147231995,106.25778639316266,103.1552995551691,104.0969467163086,47991000,266.5133361816406,267.30999755859375,256.2633361816406,258.8599853515625,66820800,149.13504463438227,149.94801169458665,147.70501771546552,148.4886016845703,55138700,16.84224178303558,16.872159411075533,16.43238035984879,16.487228393554688,397865000,251.42314353761344,251.44251309723307,241.46724894665664,243.72158813476562,39348000
2022-07-27,9.670000076293945,10.029999732971191,9.5,10.020000457763672,29810900.0,86.94000244140625,90.62000274658203,86.29000091552734,89.81999969482422,78301600,161.17463351463593,169.38255404365438,160.60960328940018,168.10379028320312,43846600,108.29968789382276,112.9088193610781,107.06067446511638,112.0662841796875,59858500,263.80999755859375,275.9266662597656,261.7900085449219,274.82000732421875,88110000,149.44849566558014,154.1010080911438,149.03711741300498,153.57208251953125,78620700,16.984844729606653,17.886343144331377,16.866174710818715,17.740747451782227,569776000,252.68094375810006,261.2822975208546,250.44594469622396,260.01483154296875,45994000
2022-07-28,10.029999732971191,10.199999809265137,9.739999771118164,10.130000114440918,27172900.0,90.41999816894531,92.22000122070312,88.58999633789062,91.66999816894531,79009200,159.6579594985726,160.1040391932578,153.50202643480458,159.3209228515625,73214300,111.38236407078871,113.33504306020814,110.48035858247879,113.21610260009766,32816600,280.0666809082031,283.29998779296875,272.79998779296875,280.8999938964844,84723000,153.75814339733685,154.4046011657363,151.24089776552904,154.1205596923828,81378700,17.925232053707944,18.089774220465507,17.391713488476277,17.934206008911133,474646000,260.99207747518795,268.81941742326114,259.17311035737987,267.43585205078125,33459300
2022-07-29,10.010000228881836,10.350000381469727,9.920000076293945,10.350000381469727,31106600.0,90.69999694824219,94.80999755859375,90.55999755859375,94.47000122070312,76630700,156.3172973966075,158.74596691052585,153.81922997825376,157.71502685546875,42065400,112.08611712100763,115.68420953971332,112.06628867044458,115.29763793945312,37223400,280.70001220703125,298.32000732421875,279.1000061035156,297.1499938964844,95313000,157.93074338059327,160.27169083424704,156.22644946059978,159.17466735839844,101786900,17.763685253323978,18.193491806144685,17.643019947154993,18.112716674804688,435460000,268.6839948428737,272.8443759995339,267.64872718084746,271.6252746582031,32152800
2022-08-01,10.25,10.699999809265137,10.121999740600586,10.470000267028809,31694700.0,95.58999633789062,98.38999938964844,93.95999908447266,96.77999877929688,96477500,155.88111777957656,163.7520014408737,153.87869791368956,158.53778076171875,40596700,114.28659134517281,115.69410865783321,113.33502246319186,113.85045623779297,26034300,301.27667236328125,311.8766784667969,295.0,297.27667236328125,117042900,157.70546755749734,160.2325181068246,157.58793518866128,158.19520568847656,67829400,18.131662250640616,18.793825424102035,17.94019436661478,18.38994598388672,476469000,268.80005306751355,272.147709327751,266.8843268988861,268.98388671875,21539600
2022-08-02,10.319999694824219,11.229999542236328,10.260000228881836,10.920000076293945,40958800.0,95.70999908447266,100.91999816894531,95.36000061035156,99.29000091552734,116734100,156.9318778971807,160.8276743398196,156.63448643098596,158.79551696777344,27374500,112.99801481996504,115.32735834983899,112.72047704617064,114.11808013916016,20236000,294.0033264160156,307.8333435058594,292.6666564941406,300.586669921875,95577600,156.81414688340993,159.07673453265352,156.35379186998745,156.72598266601562,59907000,18.07182399714033,18.885564661360405,18.041906375651998,18.47470474243164,489527000,267.0391735890701,268.8678255810628,263.53670799309106,265.8974914550781,22754200
2022-08-03,11.079999923706055,11.34000015258789,11.039999961853027,11.199999809265137,35796500.0,94.83000183105469,98.7699966430664,93.62000274658203,98.08999633789062,131142000,161.27373982543764,168.06409955695793,160.16349458341602,167.33055114746094,31721900,114.69299545382555,117.57742237828928,114.46502121528304,117.04216766357422,28499000,305.0,309.54998779296875,301.1499938964844,307.39666748046875,80091000,157.53894532472003,163.17093336402678,157.45079605540153,162.7203826904297,82507500,18.133655821615758,18.915485636087563,18.08678506318179,18.8406925201416,418146000,267.7745264077172,274.295691421878,267.62937279083735,273.29913330078125,23518900
2022-08-04,11.1899995803833,11.40999984741211,11.029999732971191,11.319999694824219,32093400.0,97.5,104.58999633789062,97.26000213623047,103.91000366210938,125855800,166.83493095275554,170.65140715656858,165.34798863611059,169.08517456054688,23938200,116.44744062554241,117.73601004530308,115.86262235872188,117.15119934082031,21602900,311.0,313.6066589355469,305.0,308.6333312988281,72256200,162.60282888470158,163.75861850349844,161.05525478751719,162.4069366455078,55474100,18.796812618454407,19.22063513569803,18.708058337909296,19.16179847717285,409652000,272.65085351031576,274.58591997817257,271.07379914150016,274.4407958984375,18098700
2022-08-05,11.010000228881836,11.619999885559082,10.850000381469727,11.449999809265137,50264800.0,101.05000305175781,103.86000061035156,100.9800033569336,102.30999755859375,93859900,165.53633815049744,170.1161156749895,164.3566948181987,165.65528869628906,25832700,115.20843127858919,117.07190480623939,114.98044947375558,116.43753051757812,19159500,302.6700134277344,304.6066589355469,285.5433349609375,288.1700134277344,113172900,160.0823306929475,162.67173843719075,159.8763484441019,162.1813201904297,56697000,18.757920901412877,19.17576145516048,18.614320486775554,18.936426162719727,386068000,270.0869188049732,274.4408187197017,269.6321769661417,273.724853515625,16774600
2022-08-08,9.770000457763672,10.399999618530273,9.710000038146973,9.819999694824219,125272600.0,100.05999755859375,101.80000305175781,97.98999786376953,100.06999969482422,92606800,166.53754603180064,175.96475524575519,165.67512429444318,168.76795959472656,27299100,117.34943613172396,119.09396911037126,115.85270583222336,116.2690200805664,19138300,295.0,305.20001220703125,289.086669921875,290.42333984375,98994000,163.18179581085533,164.59420304327227,161.05338198319762,161.71054077148438,60276900,17.453543487866224,18.188502488777342,17.19426311465401,17.743736267089844,981859000,274.8277205314604,276.63703193658046,270.2513086101462,271.2188415527344,18739200
2022-08-09,9.539999961853027,9.569999694824219,9.010000228881836,9.25,58788900.0,97.94999694824219,98.05000305175781,93.66999816894531,95.54000091552734,89473700,167.4792845832006,168.05423748924738,165.14975044552054,167.0629425048828,18655100,116.11041609942981,116.28883432071103,114.69298455323379,115.60489654541016,19086500,290.2933349609375,292.39666748046875,279.35333251953125,283.3333435058594,86244600,160.8768658503071,162.6423751902944,160.12161727807143,161.75961303710938,63135500,17.204237068091455,17.398696888442636,16.67769900606931,17.0386962890625,668263000,270.5610611452777,273.8893489627097,268.59693994678247,273.1346740722656,23405200
2022-08-10,9.510000228881836,9.65999984741211,9.319999694824219,9.59000015258789,46054900.0,98.44999694824219,99.3499984741211,95.61000061035156,99.05000305175781,83416100,174.4579875213586,178.90889175358808,172.43573754030913,176.7875213623047,30262100,117.7360142356941,119.85720468184134,117.36927109011395,118.6479263305664,30930400,297.0666809082031,297.510009765625,283.3699951171875,294.3566589355469,94918800,164.46669306704544,166.09488560468589,163.70164162721542,165.99681091308594,70170500,17.64900236749365,18.067839657584745,17.269056663137828,18.046897888183594,597422000,278.8139719351001,280.40071055511305,277.6238958250195,279.7718200683594,24687800
2022-08-11,9.760000228881836,10.050000190734863,9.399999618530273,9.420000076293945,44790900.0,99.93000030517578,102.37000274658203,98.0,98.12000274658203,77516900,178.14560684060112,181.50609582783787,174.8346704958459,175.94493103027344,24079100,120.21402762148577,120.4221809525822,117.517933416611,117.79547119140625,24293700,296.5133361816406,298.2366638183594,285.8333435058594,286.6300048828125,70155000,166.80105976160058,167.713245527213,164.96690021924013,165.2611541748047,57149200,18.080800327074023,18.655205740612683,17.826505292941643,17.892322540283203,509327000,281.40702349193015,281.7553212542064,277.20793315057733,277.70135498046875,20065900
2022-08-12,9.550000190734863,9.970000267028809,9.420000076293945,9.90999984741211,30638200.0,99.19999694824219,101.4000015258789,98.4800033569336,100.83000183105469,72316300,179.2359946195573,179.88034525851737,177.3525407154273,178.92869567871094,21274000,119.2030095573056,120.61052703857422,118.41003791477617,120.61052703857422,19096300,289.4166564941406,300.1600036621094,285.0333251953125,300.0299987792969,79657200,166.56571053244468,168.87066800455992,166.15374591104305,168.80201721191406,68039400,18.109723796605994,18.66617953381499,17.903296146751718,18.657203674316406,478094000,279.11395527145453,282.4325866699219,277.62394605155976,282.4325866699219,22619700
2022-08-15,9.819999694824219,10.100000381469727,9.760000228881836,9.90999984741211,33263400.0,100.51000213623047,101.8499984741211,99.80000305175781,101.01000213623047,61327100,177.40216128856045,179.86056867315145,176.64876740185895,179.3153533935547,15878700,120.06534908400887,121.22507134763688,119.54992284865891,121.00700378417969,19494800,301.78668212890625,313.1333312988281,301.2300109863281,309.32000732421875,89359200,168.2331135298216,170.06727335382837,168.0663730882192,169.87110900878906,54091700,18.649229834982375,19.110947447873812,18.561474101575005,18.979312896728516,457666000,281.55214749764076,284.62889583747915,280.6910288186994,283.94195556640625,18085700
2022-08-16,9.850000381469727,9.880000114440918,9.359999656677246,9.739999771118164,40603900.0,100.83999633789062,101.44999694824219,98.31999969482422,100.19999694824219,60220700,177.87794669135258,179.41445670283701,175.49883002409837,177.90768432617188,21156700,120.45192234559127,121.35392772306473,119.57965964182924,120.63034057617188,19041200,311.6666564941406,314.6666564941406,302.8833312988281,306.5633239746094,88136400,169.46896318920653,170.38114909928223,168.3704308785935,169.71417236328125,56377100,18.867617579479603,19.08900306515244,18.449777011947884,18.826730728149414,451240000,282.51007032188716,284.4935315241321,280.9910653118464,283.2066955566406,18102900
2022-08-17,9.5600004196167,9.619000434875488,9.329999923706055,9.430000305175781,33933600.0,99.26000213623047,99.63999938964844,96.7300033569336,98.2699966430664,63735600,175.2212730535076,176.5892647931606,172.65382301032733,173.32791137695312,20118100,119.06423449827227,120.2239492265823,118.33073312003822,118.4992446899414,22847000,303.39666748046875,309.65667724609375,300.0333251953125,303.9966735839844,68766000,169.45918969908251,172.77440813234162,169.26302531896266,171.205078125,79542000,18.471721894186565,18.63626412135766,18.094768085558428,18.28424072265625,446799000,280.9281190261752,284.4283433719824,280.6663411966556,282.4600830078125,18253400
2022-08-18,9.420000076293945,9.470000267028809,9.119999885559082,9.149999618530273,26365600.0,97.73999786376953,101.06999969482422,96.7300033569336,100.44000244140625,76059500,172.82233528191773,174.22997211114853,170.36392836368074,173.13955688476562,18844500,118.38030617411171,119.75808858144609,117.67654741342811,119.11380004882812,17987700,306.0,306.5,301.85333251953125,302.8699951171875,47500500,170.4203849105247,171.54834118381174,169.8024529702403,170.81271362304688,62290100,18.250332132443727,18.812769810722802,18.13265879882492,18.721025466918945,415447000,281.36441282325103,283.0321034033775,280.2881560238518,281.34503173828125,17186200
2022-08-19,9.0,9.010000228881836,8.479999542236328,8.510000228881836,40560200.0,98.66999816894531,99.25,94.58999633789062,95.94999694824219,67221700,168.71836966989872,170.81992490333863,165.59579714220007,166.4978790283203,26240800,118.01353242157256,118.1027453085966,115.7337525634136,116.17979431152344,21809500,299.0,300.3599853515625,292.5,296.6666564941406,61395300,169.71416649279175,170.41056710828244,168.02712623620275,168.2331085205078,70346300,18.355038543269355,18.46872322543329,17.720799787166403,17.79958152770996,441588000,280.11359859796744,280.4529598691973,276.875182491092,277.4472351074219,20570000
2022-08-22,8.319999694824219,8.399999618530273,8.0600004196167,8.069999694824219,37824900.0,94.4000015258789,95.0199966430664,92.36000061035156,92.83999633789062,61837300,164.0493768927399,164.0493768927399,160.84748389572914,161.630615234375,19499700,114.18748526200035,114.61370622389826,112.84935214610553,113.23592376708984,21456600,291.913330078125,292.3999938964844,286.2966613769531,289.913330078125,55843200,166.43813305144465,166.6048734454239,163.93699720900392,164.3587646484375,69026800,17.441574209966397,17.509386725743322,16.919024871308032,16.98683738708496,409593000,273.5010322101689,273.8694799294029,268.7888545532896,269.302734375,25061100
2022-08-23,8.100000381469727,8.279999732971191,8.0,8.010000228881836,25658500.0,92.38999938964844,94.44000244140625,92.11000061035156,92.48999786376953,52927000,161.06555790634215,163.61319253450162,159.30105455824497,159.70748901367188,18111800,112.4825879754463,113.9991390611321,112.43302441797354,112.85924530029297,15870400,291.4533386230469,298.82666015625,287.92333984375,296.4533386230469,63984900,163.87819481513557,165.47696339789675,163.4564272588674,164.0253143310547,54147100,16.94196263706093,17.416644561805427,16.923014238335547,17.13343048095703,369986000,268.0326843261719,270.3790687484847,267.02430536670255,268.0326843261719,17527400
2022-08-24,8.039999961853027,8.359999656677246,7.980000019073486,8.100000381469727,26576400.0,92.20999908447266,93.37999725341797,90.9000015258789,92.7300033569336,56520400,159.20195810249263,164.0196516525699,158.37918156631125,161.8387908935547,20891500,112.50241004709838,113.77115848347056,111.87795005297879,112.69074249267578,17734600,297.5633239746094,303.64666748046875,296.5,297.0966796875,57259800,164.11361274111158,164.88846719098774,163.06411023124903,164.319580078125,53841500,16.96489685836931,17.357806968229475,16.848222128016733,17.17431640625,522661000,267.03395699391723,268.7986124206689,266.7430631426748,267.40240478515625,18137000
2022-08-25,8.220000267028809,8.430000305175781,8.050000190734863,8.420000076293945,25635600.0,93.13999938964844,97.56999969482422,93.13999938964844,97.18000030517578,61016200,163.74209262665752,167.409896043459,162.59220198006366,167.31076049804688,15550500,113.23591148601406,115.69411741968042,113.10705681377382,115.6247329711914,16956800,302.3599853515625,302.9599914550781,291.6000061035156,296.07000732421875,53230000,165.54559127859812,166.87952958176348,165.12383874706296,166.77163696289062,51218200,16.797366467637275,17.897313400062618,16.78639724119501,17.863407135009766,770691000,268.89553264663925,270.53413693993167,266.1709957164904,270.36932373046875,16583400
2022-08-26,8.420000076293945,8.430000305175781,7.929999828338623,7.940000057220459,34150400.0,96.29000091552734,97.5999984741211,91.12000274658203,91.18000030517578,65552500,167.01336169441478,169.43212368762408,160.26264579796614,160.37168884277344,24023600,113.71169359144874,114.10817938697578,109.2215102957735,109.37018585205078,37245700,297.42999267578125,302.0,287.4700012207031,288.0899963378906,57163900,167.3013400580589,167.77213753118554,160.42566451575846,160.48451232910156,78961000,17.807563767738106,17.874377717185446,16.192047853448514,16.214984893798828,769127000,270.59220943648245,271.8138979945895,259.82982208158666,259.93646240234375,27549300
2022-08-29,7.820000171661377,7.998000144958496,7.760000228881836,7.809999942779541,28566200.0,90.05000305175781,91.19000244140625,88.26000213623047,88.48999786376953,61142500,159.2614434264603,161.6306376497114,157.62579775394812,157.78440856933594,20052700,109.02325697837799,109.97481829229946,107.84372145048772,108.45826721191406,21191200,282.8299865722656,287.739990234375,280.70001220703125,284.82000732421875,41864700,158.06182659509352,159.7782908024648,156.7573269679059,158.2874298095703,73314000,15.97564717969457,16.29276564803654,15.723347381626995,15.75725269317627,496132000,257.76465225492166,259.2674999332414,255.82547868834627,257.16351318359375,20338500
2022-08-30,7.929999828338623,7.974999904632568,7.679999828338623,7.789999961853027,27189200.0,90.05999755859375,90.1500015258789,85.33999633789062,86.94000244140625,69087100,158.95414916201582,160.25274310903546,154.5527972225878,155.7919158935547,19567900,109.2016831186449,109.52878447093995,106.85251855405113,107.98249816894531,27513300,287.8699951171875,288.4800109863281,272.6499938964844,277.70001220703125,50541800,159.02305667853338,159.44480926961938,154.6975633016655,155.86476135253906,77906200,15.915812157547325,15.994592953755117,15.139966300020541,15.425174713134766,530181000,258.559742764077,258.92816091829354,252.73251622654692,254.97225952148438,22767100
2022-08-31,7.949999809265137,8.0,7.699999809265137,7.71999979019165,28691500.0,86.27999877929688,86.72000122070312,83.72000122070312,84.87000274658203,64991700,165.61564843587365,166.3789346284713,160.72855664749912,161.5116729736328,40953000,109.67747178800279,109.875710914492,107.17961644514644,107.26882934570312,28627000,280.6199951171875,281.25,271.80999755859375,275.6099853515625,52107300,157.23790413486398,157.5027341926007,154.12865408316875,154.20712280273438,87991100,15.341407879469896,15.496976116815032,14.91758433882462,15.052210807800293,573710000,257.3186923863377,258.9863535184162,253.38214218494335,253.5178985595703,24791800
2022-09-01,7.610000133514404,7.619999885559082,7.21999979019165,7.489999771118164,39079700.0,82.3499984741211,82.76000213623047,78.5199966430664,82.33000183105469,94854700,162.1560284397458,165.90312211071253,158.95415001211242,163.9205322265625,30145700,107.32830011371269,109.47922565257869,106.41638802751207,108.77546691894531,28360900,272.5799865722656,277.5799865722656,266.1499938964844,277.1600036621094,54287000,153.6382262791269,155.38411402360973,151.70597720803465,154.9329376220703,74229900,14.169659947404499,14.340186988303111,13.233260527452883,13.89841365814209,1178865000,250.9969713685728,252.95555596320528,247.64220877512267,252.48043823242188,23263400
2022-09-02,7.670000076293945,7.670000076293945,7.349999904632568,7.400000095367432,25965000.0,83.31999969482422,83.6500015258789,79.80999755859375,80.23999786376953,84924400,165.99233041397824,166.46814773768705,157.83397750261,158.92440795898438,22634200,109.61798420619859,109.76666731895013,106.31725842726799,106.90206909179688,24160700,281.07000732421875,282.3500061035156,269.0799865722656,270.2099914550781,50890100,156.6886878420521,157.28699892323417,152.00028886480865,152.82418823242188,76957800,14.060963550220945,14.131766129658757,13.55337197606146,13.609217643737793,743157000,253.74089939007345,256.68842221316766,246.7307755662362,248.2724151611328,22855400
2022-09-06,7.449999809265137,7.460000038146973,7.170000076293945,7.28000020980835,30429400.0,80.41000366210938,80.88999938964844,78.37000274658203,78.72000122070312,68727300,158.70631429044778,160.2824694990789,156.31729003024532,157.15988159179688,19339800,106.3569145236708,107.08049412281643,104.8502699767572,105.8712158203125,25068300,272.67999267578125,275.989990234375,265.739990234375,274.4200134277344,55860000,153.4715206737186,154.07963464254792,150.7447958267751,151.56869506835938,73714800,13.6929833994128,13.74085083822802,13.314035378216058,13.427720069885254,535751000,248.408159830305,249.98856152174304,244.27771043015858,245.54786682128906,21328200
2022-09-07,7.269999980926514,7.429999828338623,7.179999828338623,7.389999866485596,30330000.0,79.23999786376953,80.25,77.73999786376953,79.61000061035156,67891200,156.38667922477052,159.55883503081463,155.44495208745863,158.99378967285156,16831200,106.11902111929638,109.01336227424459,105.96043133074927,108.4880142211914,23167000,273.1000061035156,283.8399963378906,272.2699890136719,283.70001220703125,50028900,151.85314497915547,153.6676838931478,150.66632598771957,152.97129821777344,87449600,13.52947084190667,13.803791589417848,13.313007276665285,13.680097579956055,512657000,246.95379297306187,250.95817701237237,245.5188084309381,250.24069213867188,24126700
2022-09-08,7.329999923706055,7.53000020980835,7.269999980926514,7.53000020980835,26303600.0,80.02999877929688,83.44999694824219,79.23999786376953,82.77999877929688,89089300,157.32843237884535,160.8177798055024,156.3668750415445,160.64926147460938,22530800,107.09040592922442,108.63669221562516,106.21814322757177,107.42741394042969,24238300,281.29998779296875,289.5,279.760009765625,289.260009765625,53713100,151.6765739248584,153.36361410419434,149.75412756943635,151.50003051757812,84923800,13.425725497360691,13.973368965250524,13.335948799799713,13.955412864685059,624873000,249.67836053127874,252.50953803172123,247.04106788453547,250.65762329101562,20319900
2022-09-09,7.679999828338623,7.820000171661377,7.639999866485596,7.789999961853027,27822300.0,84.02999877929688,85.68000030517578,83.83999633789062,85.44999694824219,68907700,161.82890181187642,168.06414043912878,161.6009082069204,167.6775360107422,22086800,108.11135259840358,110.0144753600422,108.06178903761959,109.6774673461914,23197700,291.6700134277344,299.8500061035156,291.25,299.67999267578125,54338100,152.49069467763707,154.79566708651402,151.7844910019974,154.35427856445312,68028800,14.121999030627672,14.438215695022928,14.091076486708564,14.351430892944336,486612000,252.57731537389688,257.1634707543798,252.37371046804242,256.4168701171875,22084700
2022-09-12,7.860000133514404,8.029999732971191,7.820000171661377,8.010000228881836,30544800.0,84.88999938964844,85.3499984741211,83.45999908447266,84.63999938964844,71922500,165.93285648840623,169.89803617879264,165.8238134418822,167.48919677734375,23220400,110.01446714894143,110.63893469392616,108.96378628731095,109.88561248779297,22966800,300.7200012207031,305.489990234375,300.3999938964844,304.4200134277344,48674600,156.53173198406338,161.11223777090294,156.24729591423596,160.2981414794922,104956000,14.33347754387466,14.511036991860852,14.162899808803669,14.469141006469727,484159000,257.69683877692836,259.31606213090066,257.09569955467623,258.5403747558594,18747700
2022-09-13,7.630000114440918,7.659999847412109,7.449999809265137,7.480000019073486,29770700.0,80.95999908447266,81.47000122070312,76.80000305175781,77.02999877929688,80921200,160.13377591386535,160.22300395305948,151.3409947482943,151.7969970703125,44444100,106.85252347865307,107.34812886109147,103.17512488610275,103.40310668945312,38172900,292.8999938964844,297.3999938964844,290.3999938964844,292.1300048828125,68229600,156.83582202594144,157.46355707411533,150.43095795169748,150.89195251464844,122656600,13.767879095556324,13.887582320478687,13.06661696561573,13.09853744506836,714956000,250.96786362132625,252.48041678186516,243.9383587650543,244.32620239257812,33353300
2022-09-14,7.449999809265137,7.630000114440918,7.329999923706055,7.630000114440918,29422500.0,77.0999984741211,78.08000183105469,75.87000274658203,77.44999694824219,71483000,151.99522175443428,152.20338517581285,147.75248154834776,150.1514129638672,43064200,103.65090463743046,104.35466334080722,102.74890681508529,104.0771255493164,26395100,292.239990234375,306.0,291.6400146484375,302.6099853515625,72628700,151.82370097735972,154.08944624806267,150.66632089509483,152.333740234375,87965400,13.221231803218423,13.257143051448159,12.881075254382225,13.09554386138916,588507000,245.8193660691324,246.49807394155667,242.26098391432333,244.54920959472656,23913000
2022-09-15,7.46999979019165,8.100000381469727,7.449999809265137,8.010000228881836,51700600.0,76.63999938964844,77.97000122070312,74.91000366210938,76.66000366210938,81818000,148.49597740879247,152.85766887034347,147.4055469804249,148.24815368652344,34606300,103.11564426895569,104.3447433760891,101.45041004927867,102.0054931640625,34188300,301.8299865722656,309.1199951171875,300.7200012207031,303.75,64795500,151.68636408491093,152.26506901475514,148.47903939265456,149.45005798339844,90481100,12.982824382811994,13.200284898230091,12.758380252068209,12.8970365524292,523625000,242.1737066610615,243.75412313348235,236.5985823888046,237.91722106933594,31530900
2022-09-16,7.75,7.929999828338623,7.639999866485596,7.78000020980835,42155500.0,75.62000274658203,76.81999969482422,74.68000030517578,76.51000213623047,75300200,146.76124486996977,147.28663007108983,143.03396555520033,145.0165557861328,40122800,101.17288193424302,102.22356291951621,100.05281649828837,101.89646911621094,42797200,299.6099853515625,303.7099914550781,295.6000061035156,303.3500061035156,87087800,148.31232430924803,148.44964084888636,145.52673670084437,147.8120880126953,162278800,12.710498889536233,13.179337223190453,12.585807914194328,13.165371894836426,670751000,236.8312795525679,237.83965816543386,234.69819143342704,237.29669189453125,39791800
2022-09-19,7.639999866485596,7.860000133514404,7.579999923706055,7.860000133514404,29238800.0,75.38999938964844,77.33999633789062,75.3499984741211,76.7699966430664,64966900,143.9756772088242,147.28659855580412,143.83689652739272,146.73147583007812,22169500,100.85568758151153,102.42180228471612,100.65744846869414,102.1640853881836,23036800,300.0899963378906,309.8399963378906,297.79998779296875,309.07000732421875,60231200,146.44871449211215,151.59810678770754,146.2427471814607,151.51963806152344,81474200,12.979830907792524,13.429716127163072,12.97783599693244,13.348916053771973,569685000,235.09571807800603,237.68451311918642,233.5249921595804,237.0833740234375,26826900
2022-09-20,7.78000020980835,7.914999961853027,7.599999904632568,7.619999885559082,30349600.0,76.08000183105469,76.58000183105469,74.7300033569336,75.25,51129100,144.51096882445577,147.54432878807003,143.9558461024819,144.81826782226562,23217400,101.18277796411853,101.47022994020449,99.636484314748,100.25103759765625,26517100,306.9100036621094,313.3299865722656,305.5799865722656,308.7300109863281,61642800,150.4603364872082,155.05065980282333,150.14647654096675,153.8932647705078,107689800,13.182330035591837,13.449667136036723,13.024720650726076,13.143425941467285,524818000,234.7078762922614,236.10406881216943,232.3517727501466,235.07630920410156,26660300
2022-09-21,7.71999979019165,8.069999694824219,7.65500020980835,7.690000057220459,36814500.0,75.44000244140625,78.41000366210938,74.44999694824219,74.4800033569336,82069700,145.11566125945427,148.29772457574842,140.76387720990476,140.88282775878906,38338600,100.7763873127521,101.97575131964689,98.39748018499488,98.40739440917969,31487300,308.2900085449219,313.79998779296875,300.6300048828125,300.79998779296875,62555700,154.3248240736869,155.69800426701255,150.65650483896582,150.77420043945312,101696800,13.180335452104883,13.99631305335464,13.07758944681726,13.228216171264648,807679000,236.84097880590735,240.12787756364517,231.634287475008,231.68276977539062,28625600
2022-09-22,7.739999771118164,7.739999771118164,7.239999771118164,7.369999885559082,49138300.0,73.88999938964844,74.29000091552734,69.16999816894531,69.5,101436900,140.31778776687358,143.32140992498688,139.64369940950394,141.5767364501953,34418500,97.95143652872501,100.35016449651606,97.92170141907806,99.25983428955078,34298600,299.8599853515625,301.2900085449219,285.82000732421875,288.5899963378906,70545400,149.4599017279835,151.50984684718208,148.0180705759549,149.81300354003906,86652500,13.037686800354493,13.116491960905076,12.397274767166287,12.529945373535156,759162000,230.6356459674454,236.44347719720534,230.34478171455967,233.65106201171875,31061200
2022-09-23,7.199999809265137,7.420000076293945,7.130000114440918,7.400000095367432,34197300.0,68.0,69.08000183105469,66.81999969482422,67.95999908447266,87690000,140.18894671404857,141.37849777056306,137.68097140186006,139.187744140625,31710700,98.75431586420589,98.78405853652902,96.61330475951237,97.87213897705078,31625400,283.0899963378906,284.5,272.82000732421875,275.3299865722656,63748400,148.29270193451399,148.5673350111051,145.7130966439831,147.54725646972656,96029900,12.389293550179527,12.579821317047688,12.226696435880543,12.485055923461914,663309000,232.2548539489129,233.79650845970187,228.04685009215586,230.6841278076172,34176000
2022-09-26,7.349999904632568,7.829999923706055,7.349999904632568,7.53000020980835,45429800.0,67.87000274658203,68.73999786376953,66.25,66.30000305175781,82898700,138.9002166711742,141.00177184409586,135.0044355321183,135.182861328125,30497000,97.23777497245881,99.00212893213987,96.94041627902087,97.30715942382812,27072700,271.8299865722656,284.0899963378906,270.30999755859375,276.010009765625,58076900,146.79202323434507,150.82326264584486,146.77240230987616,147.88075256347656,93339400,12.460118479404896,12.627703351069655,12.18380288466906,12.197768211364746,547343000,229.84054950120728,234.1067254216907,229.69510260715796,230.22837829589844,27694200
2022-09-27,7.690000057220459,7.835000038146973,7.460000038146973,7.630000114440918,31794700.0,67.9000015258789,68.77999877929688,66.0,67.16999816894531,94871800,136.71940412750206,138.20634662252763,132.9524801149117,133.23004150390625,30826500,98.55608047686624,99.12107027493991,96.0185834977758,96.6430435180664,30072800,283.8399963378906,288.6700134277344,277.510009765625,282.94000244140625,61925200,149.81300689014782,151.75505941669135,147.07646404392761,148.85177612304688,84442700,12.47607929062904,12.70451323216134,12.227695289178223,12.382311820983887,553854000,232.68146460352042,234.44611989699393,227.3681324316485,229.2200469970703,27018700
2022-09-28,7.630000114440918,8.0,7.619999885559082,7.940000057220459,31955900.0,67.11000061035156,68.80000305175781,66.55999755859375,68.36000061035156,72389500,133.44813116193265,140.79363091292262,133.1011869794441,140.37728881835938,32658500,96.7917391605889,99.81492765776615,96.25648440436291,99.17064666748047,32466300,283.0799865722656,289.0,277.57000732421875,287.80999755859375,54664800,144.81072915722658,147.75323924438212,142.06438341593866,146.96856689453125,146691400,12.379318359284666,12.791297397761815,12.323457052729534,12.704512596130371,542414000,229.60784728045007,234.95997054824008,227.59110496512747,233.73829650878906,29029700
2022-09-29,8.050000190734863,8.329999923706055,7.78000020980835,8.079999923706055,57845800.0,67.1500015258789,67.19999694824219,62.83000183105469,64.13999938964844,102552400,138.14686655208894,138.6226838987271,134.02307587866284,135.22254943847656,38985400,97.77302184291314,97.77302184291314,95.11657689159186,96.5637435913086,31047200,282.760009765625,283.6499938964844,265.7799987792969,268.2099914550781,77620600,143.3002421615135,143.9083561021041,137.98409428837317,139.74960327148438,128138200,12.417225794477423,12.469097284845578,11.916466992118151,12.189789772033691,532763000,231.6245958212714,232.652355487679,227.28085099175377,230.27687072753906,27484200
2022-09-30,8.010000228881836,8.5,7.9710001945495605,8.130000114440918,47454800.0,63.619998931884766,65.91000366210938,63.34000015258789,63.36000061035156,81664100,134.86566021029577,139.76265892956278,134.32044504653885,134.49887084960938,33166400,96.19700749257774,98.03074589010642,94.72009801207578,94.80931091308594,32941500,266.1499938964844,275.57000732421875,262.4700012207031,265.25,67726600,138.5726147256006,140.35774479295515,135.35547138562947,135.5516357421875,124925300,12.057117275528151,12.601767882452046,12.045146859340639,12.108988761901855,565638000,231.0428606260345,233.22443119574095,225.65195971871543,225.81678771972656,35694800
2022-10-03,8.145000457763672,8.300000190734863,7.96999979019165,8.239999771118164,35524000.0,64.45999908447266,66.91000366210938,63.38999938964844,66.11000061035156,83841600,135.9461615943145,138.4045683423802,134.91522170833778,137.4033660888672,27723100,95.90955955223941,98.4173216774245,95.67166351429726,97.77303314208984,27982000,254.5,255.16000366210938,241.00999450683594,242.39999389648438,98363500,135.56144631438175,140.32831325471835,135.05140704196927,139.72018432617188,114311700,12.316477494145818,12.646659566782837,12.075075156280146,12.481069564819336,547478000,228.25045038719026,234.26188606885609,227.52326022905194,233.41835021972656,28880400
2022-10-04,8.479999542236328,8.609999656677246,8.34000015258789,8.460000038146973,36313300.0,68.2699966430664,69.18000030517578,67.33000183105469,67.9000015258789,77160500,139.26701646086826,141.15047059220228,138.12701832793766,139.058837890625,34670700,99.55720093087983,100.94488980250854,99.49772314899776,100.74665069580078,28850800,250.52000427246094,257.5,242.00999450683594,249.44000244140625,109578500,142.2507447443845,143.41794280659562,141.49549629829846,143.3002471923828,87830100,12.847159945252836,13.187317472632325,12.847159945252836,13.134448051452637,584182000,237.63598829506117,242.7457140787236,237.5293331718634,241.31072998046875,34888400
2022-10-05,8.260000228881836,8.484999656677246,8.074999809265137,8.420000076293945,37790200.0,66.58999633789062,68.69000244140625,64.5199966430664,67.94000244140625,87127400,137.03662351437458,138.98947583553354,133.60673622730505,137.77017211914062,27979300,98.95257739339199,101.03411859067795,97.93163146477268,100.53851318359375,22176900,245.00999450683594,246.6699981689453,233.27000427246094,240.80999755859375,86982700,141.30911612057122,144.55568241187106,140.26941690015158,143.59445190429688,79471000,12.879081259534201,13.288067492068219,12.589798244962582,13.17634391784668,507131000,238.50868236825332,242.95908260476142,236.67616375353109,241.6210479736328,20347100
2022-10-06,8.399999618530273,8.600000381469727,8.3149995803833,8.470000267028809,27653400.0,67.81999969482422,70.29000091552734,67.66000366210938,67.8499984741211,98325900,136.5211360812192,140.2186618566196,135.41089062341658,137.85939025878906,36231100,99.79509354103838,102.02531761520133,99.70588064565636,100.5285873413086,22324000,239.44000244140625,244.5800018310547,235.35000610351562,238.1300048828125,69298400,143.0158197187154,144.712663290669,142.43712956504083,142.64309692382812,68402200,13.187316594180706,13.62223854641482,13.070605273695971,13.097538948059082,644157000,240.38967602221575,242.72638403117548,238.59594911161383,239.2843475341797,20239900
2022-10-07,8.260000228881836,8.279999732971191,8.109999656677246,8.149999618530273,29550500.0,64.01000213623047,64.02999877929688,58.220001220703125,58.439998626708984,163786300,135.56949885152673,137.0861789925336,131.2871123139666,132.28831481933594,33214800,98.97239021921095,99.64641382042795,97.43601811981739,97.81267547607422,27502800,233.94000244140625,234.57000732421875,222.02000427246094,223.07000732421875,83916800,139.80845770678545,140.3577388347644,136.7776758724346,137.40541076660156,85925600,12.474083761565735,12.638675790831929,11.992278089651654,12.046144485473633,672478000,233.57344928121,233.98068874798435,226.07854761763357,227.1160125732422,37769600
2022-10-10,8.170000076293945,8.180000305175781,7.880000114440918,8.0600004196167,26923300.0,57.310001373291016,58.790000915527344,56.29999923706055,57.810001373291016,112241800,132.3874498335573,134.92516260493787,130.72206637361302,132.62535095214844,24024000,98.12985750199623,98.22897705771258,96.15735036259238,96.9998779296875,18225100,223.92999267578125,226.99000549316406,218.36000061035156,222.9600067138672,67925000,137.7290802001953,139.17091126885134,135.91454138275128,137.7290802001953,74899000,12.007239883816968,12.094024681790135,11.379795288609536,11.64114761352539,698699000,225.962219258619,227.4262900818972,219.83442324055144,222.2777862548828,29743600
2022-10-11,7.989999771118164,8.295000076293945,7.699999809265137,8.039999961853027,40775800.0,57.209999084472656,58.91999816894531,56.04999923706055,57.630001068115234,114054800,130.4742257772965,131.50518091127628,125.88453325791248,127.42103576660156,38481400,96.57366175239092,98.37766497898305,95.4635030120505,96.32585906982422,26507100,220.9499969482422,225.75,215.0,216.5,77013200,137.21903351996755,138.64125855443186,135.57123522583825,136.31666564941406,77033700,11.532417118510912,11.816712348676244,11.255104551505667,11.557355880737305,667482000,220.69739021047423,222.09359787031295,217.29414513566007,218.5546112060547,30474000
2022-10-12,8.0600004196167,8.100000381469727,7.820000171661377,8.069999694824219,30201600.0,57.45000076293945,58.31999969482422,56.31999969482422,57.849998474121094,89264200,127.20296764266038,128.5412066696093,125.15097995832855,126.39009857177734,34605200,96.44479769912304,97.88205009327943,95.88971460177453,96.70250701904297,21876400,215.3300018310547,219.3000030517578,211.50999450683594,217.24000549316406,66860700,136.46381898254117,137.67024396939837,135.51240615749046,135.68894958496094,70433700,11.550375185170276,11.705988711915621,11.316953468077253,11.471570014953613,492590000,218.54488548684702,220.93007581576018,217.1486927519345,218.88424682617188,21903900
2022-10-13,7.739999771118164,8.199999809265137,7.565000057220459,8.079999923706055,36040900.0,55.52000045776367,60.13999938964844,54.56999969482422,58.939998626708984,131159800,122.45465933191532,129.99841422113215,121.46336441940831,129.1558074951172,34325700,94.31370108960836,98.90300397980121,93.55046460378601,98.1893310546875,34574500,208.3000030517578,222.99000549316406,206.22000122070312,221.72000122070312,91483000,132.4032113042841,140.838401753157,131.79508209855982,140.24990844726562,113224000,10.943877022867374,12.048140628446744,10.786267640804748,11.930432319641113,850103000,213.16365940697776,228.91944457503647,212.4655557421077,227.1160125732422,42551800
2022-10-14,8.229999542236328,8.3100004196167,7.53000020980835,7.53000020980835,37430100.0,59.599998474121094,59.939998626708984,55.84000015258789,55.939998626708984,96959300,129.8596280507722,130.6427443431372,125.41862370269885,125.65653991699219,23559400,99.11115674778205,99.80500878199092,95.52297881847961,95.7113037109375,25410700,224.00999450683594,226.25999450683594,204.16000366210938,204.99000549316406,94124500,141.54453406151188,141.75051634248345,135.5418185741853,135.72817993164062,88598000,12.0271914472458,12.081057843251315,11.176300644723986,11.199243545532227,713432000,228.37649233923707,230.02480190806705,221.3954696052538,221.60877990722656,30198600
2022-10-17,7.710000038146973,8.0600004196167,7.690000057220459,7.940000057220459,31751700.0,57.349998474121094,58.5099983215332,57.099998474121094,57.959999084472656,76977600,129.16575033193752,133.61665550479273,129.04678463817254,132.87318420410156,29612200,97.99108703777611,100.04289281373572,97.96135192777248,99.0913314819336,28419200,210.0399932861328,221.86000061035156,209.4499969482422,219.35000610351562,79428800,138.36663643162046,140.16155437004147,137.5819641011487,139.6809539794922,85250900,11.489523129293081,11.918460323463654,11.488526149600807,11.85860824584961,580774000,228.64798396705297,231.6924861628052,227.98865719878884,230.30596923828125,28142300
2022-10-18,8.149999618530273,8.329999923706055,8.039999961853027,8.15999984741211,37120400.0,59.90999984741211,60.4900016784668,56.400001525878906,57.91999816894531,103064500,135.89659941870124,136.6400705127759,130.25612963150132,131.64395141601562,25445000,102.22356592791553,102.56058152852803,99.09134376768007,99.88430786132812,24060700,229.5,229.82000732421875,217.25,220.19000244140625,75891900,142.70191550699425,143.8887193551449,137.91542833833753,140.99525451660156,99136600,12.313482956867912,12.461116834509994,11.589277945577948,11.93741512298584,659362000,235.84233800532098,236.51134058165383,228.21167855259944,231.24649047851562,26329600
2022-10-19,8.0600004196167,8.125,7.84499979019165,7.909999847412109,26594000.0,57.33000183105469,59.040000915527344,56.56999969482422,57.22999954223633,75704800,131.73319951691272,135.80742280613526,131.06903364385218,132.0702362060547,30691000,99.13099079757089,100.13210822606936,98.05056713051532,98.75432586669922,23811100,219.8000030517578,222.92999267578125,217.77999877929688,222.0399932861328,66571500,138.97473585531196,142.17225768233465,138.78837451258266,141.1031494140625,61758300,11.849631206949502,12.3194674213086,11.804742384541735,12.02120590209961,523131000,229.83083853160068,232.32268360031256,227.16447494797129,229.28787231445312,19985700
2022-10-20,7.730000019073486,8.260000228881836,7.730000019073486,8.039999961853027,26689500.0,57.470001220703125,60.20000076293945,57.400001525878906,57.77000045776367,79552600,131.7728319195805,135.57941606596407,130.1669389228935,130.38502502441406,26356300,99.12106659193721,101.42067503437667,98.51642748073942,99.0913314819336,25323200,208.27999877929688,215.5500030517578,202.0,207.27999877929688,117798100,140.27927658716155,143.0942732786787,139.91635681145763,140.64218139648438,64522000,12.083051675521514,12.737429914885366,12.075071081844804,12.163851737976074,652398000,228.59947785288415,233.9709820712703,227.72684087943537,228.96791076660156,21811000
2022-10-21,7.929999828338623,8.319999694824219,7.809999942779541,8.289999961853027,30705700.0,57.220001220703125,58.90999984741211,55.709999084472656,58.81999969482422,95366400,125.21046185736593,128.98729317086242,124.348040097076,128.8782501220703,46348600,96.98997216298973,100.41956051373178,96.861117485556,100.24114227294922,32458700,206.4199981689453,214.66000366210938,203.8000030517578,214.44000244140625,75713800,140.13215438788754,145.01673262152644,139.91636908601356,144.44784545898438,86548600,12.068090417832614,12.467102092739703,11.85761257031653,12.4351806640625,609494000,227.60083683054654,235.60961938988035,227.3681306457899,234.75637817382812,26299700
2022-10-24,8.300000190734863,8.300000190734863,8.010000228881836,8.270000457763672,28062200.0,58.56999969482422,59.0,56.65999984741211,58.70000076293945,76305400,126.14228991228431,132.3180535839191,123.48561898528632,128.59078979492188,63563400,100.90526916035756,101.8469164579039,99.10126568714907,101.61893463134766,27176400,205.82000732421875,213.5,198.58999633789062,211.25,100446800,144.36937374781388,147.35111109163424,143.20217553886908,146.5860595703125,75981900,12.477075497760788,12.678575736547755,12.03417300322993,12.567850112915039,517457000,236.34648327507583,240.30239936572295,233.96130792884753,239.7303466796875,24911200
2022-10-25,8.359999656677246,8.65999984741211,8.359999656677246,8.65999984741211,31001500.0,58.77000045776367,61.97999954223633,58.689998626708984,61.470001220703125,85501900,129.74069731261227,137.1456723366265,129.45321328570938,136.31297302246094,38433200,101.99558416765885,103.89870692702209,101.81716593632244,103.56169891357422,40611400,210.10000610351562,224.35000610351562,210.0,222.4199981689453,96507900,147.2137417287175,149.56775822916157,146.49773529844836,149.42062377929688,74732300,12.662618457515958,13.267120266355917,12.632691937809854,13.228216171264648,505482000,239.74004733273168,243.40508456640856,238.3535451916917,243.03665161132812,34775500
2022-10-26,8.479999542236328,9.050000190734863,8.390000343322754,8.569999694824219,33530900.0,59.689998626708984,61.77000045776367,59.150001525878906,59.72999954223633,79761600,130.53370487759855,134.37002641761245,127.411132000014,128.68991088867188,82791500,95.58245829842929,97.44593189074804,93.85775361392479,94.09564208984375,88114100,219.39999389648438,230.60000610351562,218.1999969482422,224.63999938964844,85012500,148.06712385627637,149.07738452163943,145.20306734701933,146.48797607421875,88194300,12.837187753599938,13.354903866900106,12.676585500860284,12.864120483398438,532953000,224.13935841423532,231.05251640438252,223.0631165722391,224.28480529785156,82543200
2022-10-27,8.680000305175781,8.779999732971191,8.460000038146973,8.600000381469727,28940800.0,61.599998474121094,62.720001220703125,58.5099983215332,58.599998474121094,83871400,97.12707030310553,101.60771958540467,95.54099253236453,97.08741760253906,232316600,93.68923447770169,94.59123986812598,90.993147655817,91.40945434570312,60710900,229.77000427246094,233.80999755859375,222.85000610351562,225.08999633789062,61638800,145.23251764978033,146.19373355952823,141.36801811707775,142.02517700195312,109180200,13.596304034739564,13.803789999892798,13.08955953917814,13.143425941467285,583113000,224.01335747357737,226.58277171119522,218.9133355552526,219.8538360595703,40424600
2022-10-28,8.550000190734863,8.65999984741211,8.364999771118164,8.640000343322754,20697400.0,59.099998474121094,62.349998474121094,58.91999816894531,62.0099983215332,78198600,98.7131532212235,99.97209448364832,96.66117297131608,98.33645629882812,95928300,91.45902315740095,95.7014120106333,91.32025424133163,95.44369506835938,43697300,225.39999389648438,228.86000061035156,216.35000610351562,228.52000427246094,69152400,145.35999154749908,154.48177557471033,144.98728378991743,152.75550842285156,164762400,13.07160504486287,13.815761110569417,13.02871112658398,13.799799919128418,521040000,219.35930123392015,229.4042200789136,219.17507739300942,228.6964111328125,40647700
2022-10-31,8.59000015258789,8.829999923706055,8.430000305175781,8.789999961853027,31376100.0,60.75,61.86000061035156,59.529998779296875,60.060001373291016,73274100,97.36497893611102,98.45540173117791,91.79389929610683,92.34902954101562,121361400,94.58131905431053,95.18595815992897,93.1539808509468,93.6793212890625,31675000,226.19000244140625,229.85000610351562,221.94000244140625,227.5399932861328,61554300,150.22496108445085,151.2842665764986,149.0087181195706,150.40150451660156,97943200,13.743936087967768,13.803788166627177,13.264125332932366,13.463630676269531,486341000,226.65062223193135,227.77534655596756,224.11999990021067,225.07020568847656,28357300
2022-11-01,8.989999771118164,9.0600004196167,8.5600004196167,8.649999618530273,29800000.0,61.4900016784668,61.9900016784668,59.43000030517578,59.65999984741211,83806700,93.50883996407636,96.64132758810362,92.7356312329234,94.37126159667969,110189600,94.61106841375579,95.18597249623339,89.57572326633404,89.67484283447266,47161400,234.0500030517578,237.39999389648438,227.27999877929688,227.82000732421875,62688800,152.1081293130579,152.4710340362063,146.27215501250635,147.7630157470703,80379300,13.776855711937651,13.89057419579045,13.485577789770767,13.50951862335205,432817000,227.46510361607025,228.57043214353084,220.41620237096575,221.23065185546875,30592300
2022-11-02,8.699999809265137,8.760000228881836,8.199999809265137,8.220000267028809,36042600.0,63.0,63.93000030517578,58.56999969482422,58.630001068115234,142669400,93.38988905186778,94.37126885823125,89.69236341187202,89.75183868408203,71821100,90.14070466460588,90.37859311828306,86.11638402723818,86.20559692382812,57038300,226.0399932861328,227.8699951171875,214.82000732421875,214.97999572753906,63070300,146.0956414814595,149.2539372421044,142.22133903213634,142.25076293945312,93604600,13.815759886644688,14.174869538553562,13.17833970749939,13.186319351196289,672628000,222.48140020209192,224.2654364159978,213.34787925724922,213.40606689453125,38407000
2022-11-03,8.069999694824219,8.300000190734863,7.869999885559082,8.079999923706055,36419500.0,58.11000061035156,62.279998779296875,58.029998779296875,60.11000061035156,95279900,89.29583757831013,89.67252688039356,87.64037707410301,88.13602447509766,60664000,85.56131487965403,85.75955401223071,82.60750340529754,82.69671630859375,61288000,211.36000061035156,221.1999969482422,210.13999938964844,215.30999755859375,56538800,139.33763513663766,140.06345955714755,136.09106861510674,136.2185821533203,97918500,13.01075449802835,13.74692988442399,12.92396969143258,13.387819290161133,500065000,213.3963618064245,213.70663669340686,207.4721856849331,207.73397827148438,36633900
2022-11-04,8.1899995803833,8.199999809265137,7.650000095367432,7.929999828338623,64338900.0,62.5,63.0,60.529998779296875,62.189998626708984,84791300,89.56349213325879,90.59443973026505,87.32316355586093,89.99966430664062,55638100,84.64940174408115,85.87850098830332,82.97425311346052,85.81903076171875,51124900,222.60000610351562,223.8000030517578,203.0800018310547,207.47000122070312,98622200,139.5982394074154,140.16807005387253,132.02345398469166,135.95330810546875,140814800,13.95142241289194,14.193821673388257,13.663136398930058,14.121002197265625,612576000,210.93360492641042,214.85072897039285,206.93889737068497,214.6568145751953,36789100
2022-11-07,7.78000020980835,7.849999904632568,6.889999866485596,7.019999980926514,99332800.0,62.93000030517578,63.529998779296875,61.400001525878906,63.08000183105469,62722500,93.95492959844655,96.0366473799833,92.28955386062118,95.87804412841797,81987300,86.51287043332725,88.11863452220038,86.08664952122535,87.71223449707031,34078900,208.64999389648438,208.89999389648438,196.66000366210938,197.0800018310547,93916500,134.70559929239224,136.70981865595215,133.29084915754692,136.48385620117188,83374600,14.19282459299917,14.376369715229352,13.919502771881342,14.265644073486328,410061000,215.23858262395112,221.46332820770985,214.5501694748692,220.9397430419922,33498000
2022-11-08,7.079999923706055,7.420000076293945,6.909999847412109,7.210000038146973,56353900.0,64.08999633789062,64.95999908447266,62.369998931884766,63.849998474121094,75938000,95.08500329540075,96.94864251443767,93.96484280107093,95.63021850585938,52088300,88.1186294555664,89.5261467821038,86.82013834461175,88.1186294555664,30429000,194.02000427246094,195.1999969482422,186.75,191.3000030517578,128803400,137.9477566640864,138.94985902565782,135.07896394018204,137.0537109375,89908500,14.764408236163073,14.854185888099915,14.18085444989022,14.565900802612305,595292000,221.74450429023085,224.6047824698309,218.97148537429405,221.90933227539062,28192500
2022-11-09,7.119999885559082,7.184999942779541,6.949999809265137,6.980000019073486,42517300.0,62.279998779296875,63.04999923706055,59.79999923706055,59.91999816894531,62940300,100.83452417856167,103.98684244254157,99.86305179354484,100.58670043945312,107677300,87.67257842772042,88.65388241006076,86.51286378932228,86.5525131225586,31769100,190.77999877929688,195.88999938964844,177.1199951171875,177.58999633789062,127062700,136.07123106652006,136.12035725287217,132.2297941583769,132.5048828125,74917800,14.126988780724597,14.175868382440134,13.724985188452262,13.741943359375,454414000,220.45494942509427,221.6766382807976,217.5074120167321,217.6819305419922,27852900
2022-11-10,7.460000038146973,7.96999979019165,7.429999828338623,7.639999866485596,58579800.0,64.30000305175781,68.80000305175781,63.619998931884766,68.47000122070312,107996300,106.18750582793226,111.76849304628479,103.69935366554259,110.89615631103516,80671000,91.43919312210994,93.56038355540274,90.80481883714413,93.11434173583984,51620100,189.89999389648438,191.0,180.02999877929688,190.72000122070312,132703000,138.7631880310501,144.29444885253906,137.0536956773793,144.29444885253906,118854000,14.763411236851555,15.734005334197544,14.511036451418649,15.71106243133545,700819000,228.2698410290553,235.92958655895382,227.8529257557349,235.59022521972656,46268000
2022-11-11,7.480000019073486,8.420000076293945,7.375,8.40999984741211,55324100.0,69.58000183105469,73.31999969482422,68.29000091552734,72.37000274658203,111709500,108.27914699531694,113.89978735355452,107.86279738275933,112.03614807128906,59961700,93.85776102800381,96.07807129075849,93.09452441239699,95.5626449584961,33090500,186.0,196.52000427246094,182.58999633789062,195.97000122070312,114403600,143.26289458275522,147.37940577392345,141.83830991998155,147.07484436035156,93979700,15.767920535169456,16.348481436653724,15.443724222491777,16.28663444519043,655487000,235.59991144789905,240.44784564522814,234.5721369704996,239.5946044921875,34620200
2022-11-14,8.180000305175781,8.319999694824219,7.953000068664551,8.100000381469727,37402700.0,75.22000122070312,75.25,72.66999816894531,73.52999877929688,108892800,110.02381464557875,115.25785030828123,109.83547376457382,113.22570037841797,53395000,94.25422468031444,95.93928745861939,93.67932820432442,94.8588638305664,30179500,192.77000427246094,195.72999572753906,186.33999633789062,190.9499969482422,92226600,146.3576203774582,147.64464544159856,144.84461786588682,145.67971801757812,73374100,16.177903764636575,16.499108168761815,15.882635102124247,16.25471305847168,527852000,234.63032541196574,236.491930374749,231.9348751725974,234.20370483398438,31123300
2022-11-15,8.449999809265137,8.470000267028809,8.154999732971191,8.34000015258789,34454100.0,77.26000213623047,79.16000366210938,75.38999938964844,76.37000274658203,108946300,115.05960389234444,117.70635957873935,113.41405821741367,116.0608139038086,50670500,97.39636509743826,99.25983848330503,95.85998549384487,97.57478332519531,41640800,195.8800048828125,200.82000732421875,192.05999755859375,194.4199981689453,91293800,149.55060713210176,150.89657743758315,145.95478683657723,147.40882873535156,89868300,16.680659131421315,16.955975861509707,16.341499544736198,16.624797821044922,545876000,238.18872473342853,239.4879676468522,232.72994567583086,234.61094665527344,31390100
2022-11-16,8.180000305175781,8.239999771118164,8.0,8.0600004196167,28436000.0,73.66000366210938,74.83000183105469,71.93000030517578,72.69999694824219,79968000,113.50325719818159,115.06950483314925,111.67927835465922,112.24431610107422,33287800,97.03953112343324,98.76423566096419,96.78181421845211,97.9811782836914,29105200,191.50999450683594,192.57000732421875,185.66000366210938,186.9199981689453,66567600,146.51483522710427,147.2418488642614,144.70709039322372,146.1807861328125,64218300,16.122044306055884,16.321548716407033,15.833758273609781,15.87066650390625,649547000,236.06938283193108,237.05143476413045,233.76499097023776,235.03872680664062,24093300
2022-11-17,7.829999923706055,7.880000114440918,7.525000095367432,7.619999885559082,33746500.0,70.55999755859375,74.37999725341797,70.16000366210938,73.9000015258789,82320800,109.44886503222872,111.35214927717924,108.84417458519039,110.47980499267578,35093800,96.11770867544051,98.4074031127186,95.93929043602027,97.49549102783203,26052600,183.9600067138672,186.16000366210938,180.89999389648438,183.1699981689453,64336000,143.8621421866718,148.82358651784583,143.58705356948877,148.07691955566406,80389400,15.67614983892832,16.22578826120925,15.496594526959475,15.638243675231934,710894000,231.1981031395672,236.51669138454196,231.05226116577742,234.99014282226562,23123500
2022-11-18,7.760000228881836,7.789999961853027,7.309999942779541,7.389999866485596,27245200.0,75.06999969482422,75.3499984741211,72.18000030517578,73.56999969482422,73223200,112.80935860317447,113.32482860499377,109.65704063160446,111.07459259033203,33357700,97.90187281922236,98.0307350439421,95.52297330311087,96.57365417480469,28342300,185.0500030517578,185.19000244140625,176.5500030517578,180.19000244140625,76048900,149.6390649453273,150.0222252429551,147.3401031595605,148.63694763183594,74829600,15.926527067026893,15.962439267152297,15.082618903576678,15.370904922485352,492072000,236.76948200355858,236.99312613856966,232.41349542511938,234.54287719726562,27613500
2022-11-21,7.309999942779541,7.320000171661377,7.070000171661377,7.190000057220459,36605600.0,72.20999908447266,72.9800033569336,71.56999969482422,72.45999908447266,51536300,110.54919382748199,111.39180046593846,108.23948266921633,108.90364837646484,24351100,96.43489902752911,97.53514361353429,94.52186189317523,94.75975036621094,21647400,175.85000610351562,176.77000427246094,167.5399932861328,167.8699951171875,92882700,147.52676535819396,147.73307435769456,145.12955132737417,145.41445922851562,58724100,15.109553993521583,15.438738093483565,15.042719242364662,15.279133796691895,404739000,234.74705121223045,237.8973712159803,234.51370406585946,235.3498992919922,26394700
2022-11-22,7.179999828338623,7.25,6.980000019073486,7.21999979019165,27327800.0,72.72000122070312,75.33000183105469,72.11000061035156,75.25,55450200,108.90366185992863,110.64834305828951,107.37706675673539,110.46990966796875,29029000,95.10666835170002,96.36551023797273,93.22337397827062,96.19700622558594,23438500,168.6300048828125,170.9199981689453,166.19000244140625,169.91000366210938,78452300,145.53237828985053,147.78221396265934,144.35340964940343,147.54641723632812,51804100,15.29010540365976,16.018301155042618,15.084614360133106,15.998350143432617,472866000,236.84726378647278,238.5196542333606,234.04699418411522,238.24740600585938,19665700
2022-11-23,7.25,7.420000076293945,7.119999885559082,7.369999885559082,24182900.0,75.48999786376953,78.22000122070312,75.30000305175781,76.4000015258789,81623600,110.74746942359464,111.68919657028627,109.7660895726345,111.262939453125,21343100,96.23664311244816,97.89197072674976,96.23664311244816,97.5946044921875,18868100,173.57000732421875,183.6199951171875,172.5,183.1999969482422,109536700,146.82920540527334,149.16747394284351,146.72113379241404,148.42080688476562,58301400,16.05820026675545,16.486140496528126,16.008324643497133,16.478158950805664,427241000,238.32516175031657,241.40741186039304,237.50841717604806,240.72679138183594,19508500
2022-11-25,7.320000171661377,7.339000225067139,7.190000057220459,7.28000020980835,10824400.0,75.66999816894531,76.04000091552734,74.75,75.13999938964844,26018900,110.33111962036043,111.74867155568367,110.05355070998553,110.4401626586914,12007600,97.37655206874295,97.7730379223597,96.54393858225258,96.60340881347656,9701400,185.05999755859375,185.1999969482422,180.6300048828125,182.86000061035156,50672700,145.70918504900035,146.2691965387926,144.5400508786952,145.5126953125,35195900,16.277658047637875,16.44623895293213,16.13201909254946,16.22977638244629,167934000,240.46430280009824,241.81582614094168,239.90035578095558,240.6393280029297,9200800
2022-11-28,7.230000019073486,7.400000095367432,7.150000095367432,7.159999847412109,19438000.0,73.80999755859375,75.47000122070312,72.56999969482422,73.19000244140625,45383800,109.8156510772126,111.06468480598609,107.43654173387552,107.83306121826172,23309400,96.18709951833512,96.72235427216631,94.76966773383909,95.20580291748047,26237500,179.9600067138672,188.5,179.0,182.9199981689453,92905200,142.59478278627932,144.06847835661756,140.86565204725017,141.69091796875,69246000,15.986378789361892,16.316561753105944,15.686124245692138,15.787871360778809,303741000,239.26832798344634,239.82254225297007,234.1344834195783,235.06790161132812,24778200
2022-11-29,7.199999809265137,7.300000190734863,7.050000190734863,7.079999923706055,22150800.0,73.62000274658203,74.48999786376953,72.77999877929688,73.38999938964844,51846400,108.5864541570239,109.97426865619343,107.59515916661431,108.50714874267578,23899200,94.88861012981242,95.27518172427101,93.28284596351969,94.35335540771484,20061700,184.99000549316406,186.3800048828125,178.75,180.8300018310547,83357100,141.75966328460675,142.27054854346483,137.88876937413374,138.6943817138672,83763800,15.787870048545495,15.892610948250487,15.481629846314512,15.600335121154785,298384000,234.71786413074798,236.06938731272962,231.61617814466862,233.677490234375,17956300
2022-11-30,7.139999866485596,7.510000228881836,7.0329999923706055,7.5,32745700.0,73.37999725341797,77.69999694824219,72.80999755859375,77.62999725341797,88468400,108.55670302333583,117.1314051371035,108.42782985029449,117.0719223022461,43348600,93.98660988544916,100.15194241127442,93.59012404398783,100.10237884521484,43647500,182.42999267578125,194.75999450683594,180.6300048828125,194.6999969482422,109186400,138.92038744793726,146.1120302873751,138.08530213977906,145.4341278076172,111380900,15.662196453752513,16.892463422668655,15.562418742832724,16.885478973388672,565298000,233.9108463177998,248.26227293636023,233.22049313047097,248.07752990722656,47594200
2022-12-01,7.510000228881836,7.880000114440918,7.46999979019165,7.860000133514404,34424400.0,78.30999755859375,79.2300033569336,76.44000244140625,77.4800033569336,59833400,118.16235226083045,120.14494211462276,117.36932085710157,119.39156341552734,36551400,100.13211395991522,101.35130659899957,99.36888495403137,100.10237884521484,28687100,197.0800018310547,198.9199981689453,191.8000030517578,194.6999969482422,80046200,145.61097586517099,146.51484082101652,144.0390276864429,145.70921325683594,71250400,16.961311508590725,17.22672059418411,16.598118225185257,17.097009658813477,470977000,246.84269045988094,249.03040883628205,243.97435155588244,247.63999938964844,26041500
2022-12-02,7.614999771118164,7.760000228881836,7.5,7.659999847412109,18794000.0,75.05000305175781,76.27999877929688,73.6500015258789,74.9800033569336,64377200,116.80426862559247,122.96020845378193,116.58618255853281,122.41499328613281,39950500,98.17943045499304,99.88430663851699,98.03074732602357,99.55721282958984,21480700,191.77999877929688,196.25,191.11000061035156,194.86000061035156,73645900,143.40043783526434,145.40465760065473,143.09586143280922,145.21798706054688,65447400,16.62207258723406,16.895465382143666,16.40854625815907,16.838590621948242,371389000,242.90480403425175,248.9720667058495,242.778397783122,247.9608612060547,21528500
2022-12-05,7.619999885559082,7.695000171661377,7.105000019073486,7.190000057220459,32158200.0,74.54000091552734,75.16999816894531,72.81999969482422,73.62000274658203,47022200,120.69013891567629,123.58471784498659,120.29361949288526,121.36421966552734,35474900,98.52635317800012,100.4889462901507,98.12986735299515,98.60565185546875,24405100,189.44000244140625,191.27000427246094,180.5500030517578,182.4499969482422,93122700,145.17867816271277,148.27343309869434,143.21375058654476,144.0586700439453,68826400,16.64202078226574,16.957320143368804,16.43547900431618,16.57317352294922,352255000,245.03420296466012,246.7941135147601,241.19354435975268,243.27430725097656,23435300
2022-12-06,7.190000057220459,7.195000171661377,6.880000114440918,6.989999771118164,32868100.0,73.08000183105469,73.38999938964844,69.4000015258789,70.2699966430664,64965200,118.8661697773399,119.5005978799502,112.74987476980014,113.12657165527344,43689200,98.42721758878601,98.90299445146697,95.57252616335273,96.12760925292969,24910700,181.22000122070312,183.64999389648438,175.3300018310547,179.82000732421875,92150800,144.49098440956536,144.7169469269184,139.43128592921317,140.4039306640625,64727200,16.493353544908274,16.53625748277145,15.783929395985323,15.951557159423828,352694000,243.87713173110765,244.8883372658951,237.03199561292425,238.33489990234375,22463700
2022-12-07,7.079999923706055,7.349999904632568,7.019999980926514,7.070000171661377,28351600.0,69.52999877929688,71.37000274658203,69.27999877929688,70.13999938964844,59180100,112.7697064797689,114.87124676294755,111.89736215424148,112.93822479248047,29461100,95.56262596381266,96.02848863434032,93.88747748283083,94.10554504394531,31045400,175.02999877929688,179.3800048828125,172.22000122070312,174.0399932861328,84213300,139.69650913090823,140.85580904494128,137.54491133359693,138.4684295654297,69721100,15.737030105203344,16.150112680566554,15.632262419910722,16.084259033203125,372388000,238.0529711038157,239.3461577438851,235.50549890980594,237.60569763183594,20481500
2022-12-08,7.099999904632568,7.269999980926514,6.940000057220459,7.119999885559082,23107700.0,70.13999938964844,71.22000122070312,69.0,70.47000122070312,56734100,115.37679694590823,116.31852394626355,113.59246334599632,114.3260269165039,30619400,94.54168033617455,94.73992702719157,92.62864325130393,92.88636016845703,32213300,172.1999969482422,175.1999969482422,169.05999755859375,173.44000244140625,97624500,139.86352962985669,141.00319109284194,138.62563079391435,140.1484375,62128300,16.236920451403726,17.14091181811326,15.923615566766111,17.13093376159668,515456000,238.06265330165112,241.85470746474556,236.33192613856002,240.55178833007812,22611800
2022-12-09,7.059999942779541,7.190000057220459,7.03000020980835,7.110000133514404,23367300.0,69.48999786376953,70.66999816894531,68.5199966430664,68.58999633789062,59058300,114.29629973425023,116.5167980904086,112.8787477899795,114.89107513427734,26033400,92.94582441131696,93.43152310128887,91.93479282039716,92.01409149169922,28225400,173.83999633789062,182.5,173.36000061035156,179.0500030517578,104872300,139.84388950557997,143.01725827820258,138.42913927736055,139.66705322265625,76097000,17.121954302942694,17.54401680190964,16.937365000489294,16.963306427001953,465338000,237.92653108598594,241.43660437225947,237.40148518904434,238.62660217285156,20609700
2022-12-12,7.110000133514404,7.309999942779541,7.090000152587891,7.289999961853027,22672400.0,68.54000091552734,70.66999816894531,67.52999877929688,70.66999816894531,60968300,114.17733554806748,114.71263564847612,112.15509324529451,113.71142578125,24747100,91.89514325545609,92.73767083950996,90.80481299595476,92.4898681640625,29420000,176.10000610351562,177.3699951171875,167.52000427246094,167.82000732421875,109794500,140.19757351667832,141.96601125722427,138.58633357333804,141.95619201660156,70462700,16.999225447921326,17.49911405996947,16.75975781514761,17.49612045288086,457328000,240.60042165743343,245.54952361837397,240.3281734246865,245.52035522460938,30665100
2022-12-13,7.730000019073486,7.96999979019165,7.489999771118164,7.5,41033800.0,74.87000274658203,75.20999908447266,70.66000366210938,71.6500015258789,72458000,121.06683980846766,122.22666055478824,117.6072228281434,119.10408020019531,44701100,96.90076587228482,98.6552055874712,94.19475717404306,94.78948211669922,40593700,174.8699951171875,175.0500030517578,156.91000366210938,160.9499969482422,175862700,146.87833415604433,147.34009332894186,141.71058010364294,142.91900634765625,93886200,18.48991676619764,18.7483433376604,17.671735017061216,18.03193473815918,656589000,254.44625651294808,256.61453937496145,246.06486835036688,249.8083038330078,42196900
2022-12-14,7.5,7.599999904632568,7.264999866485596,7.349999904632568,22653800.0,70.93000030517578,72.0,68.31999969482422,68.93000030517578,67278000,118.35069422268502,123.05934486705796,118.35069422268502,120.53153991699219,36922000,94.36326019238705,96.01858788905928,92.77732450792483,94.23440551757812,28733600,159.25,161.6199951171875,155.30999755859375,156.8000030517578,140682300,142.80109523487565,144.0881201971517,138.6845702087708,140.69862365722656,82291200,17.947117115512146,18.21153082775306,17.38137488233043,17.634811401367188,496888000,250.01247040825905,255.32132556389985,247.27052281634482,250.0999755859375,35410900
2022-12-15,7.170000076293945,7.297999858856201,7.010000228881836,7.010000228881836,25417100.0,67.5999984741211,68.20999908447266,66.12000274658203,66.52999877929688,58557000,117.2999316503039,117.59731559346363,113.01753782717437,115.13890838623047,34531000,92.31144624282094,92.81696579796765,89.21887381683445,90.0614013671875,40107000,153.44000244140625,160.92999267578125,153.27999877929688,157.6699981689453,122334500,138.63548245096763,139.31338494507114,133.64456400681874,134.1063232421875,98931900,17.107985485394817,17.281599496574888,16.662975165285864,16.91441535949707,478542000,246.69684834391964,247.16355744305537,240.49344660406408,242.11721801757812,35560400
2022-12-16,7.019999980926514,7.079999923706055,6.760000228881836,6.900000095367432,32655600.0,66.25,67.19000244140625,64.80000305175781,65.41000366210938,62438600,119.1833816073748,122.23656395816606,117.78565225665622,118.39034271240234,67064000,89.96228779812273,90.52727761063562,88.73318105041864,89.46668243408203,58011800,159.63999938964844,160.99000549316406,150.0399932861328,150.22999572753906,139032200,134.29302472230208,135.23618189479,131.3849242928362,132.1512451171875,160156900,16.82661330300129,17.003220944622573,16.373619336340138,16.53426170349121,478232000,241.66994662968148,242.92423190340745,236.76944942143655,237.9167938232422,86102000
2022-12-19,6.800000190734863,6.829999923706055,6.320000171661377,6.349999904632568,41511600.0,65.12000274658203,65.58999633789062,63.709999084472656,64.58999633789062,46246900,115.81298573134167,116.77454300063903,113.33474846530926,113.48344421386719,29769900,89.46669263733712,89.76405135227128,87.43470738809681,87.66268920898438,29493000,154.0,155.25,145.82000732421875,149.8699951171875,139390600,132.74067737544078,132.82909551472687,129.01714637272462,130.04872131347656,79592600,16.53525994983705,16.57217667143344,16.109206574205285,16.21796417236328,354039000,238.08209035651285,238.42240802601717,232.1023329485857,233.79415893554688,29696400
2022-12-20,6.289999961853027,6.539999961853027,6.199999809265137,6.309999942779541,30215600.0,63.7599983215332,66.05999755859375,63.52000045776367,65.05000305175781,52431300,112.2740557377687,116.30862543554926,111.48101684028215,116.07070922851562,28742500,87.33558147815765,88.39617669869548,86.6714720777627,88.23757934570312,23453800,146.0500030517578,148.47000122070312,137.66000366210938,137.8000030517578,159563300,129.08588923628005,130.91327209557377,127.61219386559817,129.9799346923828,77432800,16.028385941930914,16.27384085919094,15.81685699546008,16.049339294433594,403260000,232.77322117622552,236.18607121939564,231.82035247090366,235.10679626464844,25150800
2022-12-21,6.239999771118164,6.519999980926514,6.039999961853027,6.5,34408600.0,65.43000030517578,67.8499984741211,65.20999908447266,67.68000030517578,44167600,115.68410844245172,119.29242116853779,114.61351572943319,118.71747589111328,20392800,88.29705059692365,89.42703018514993,87.54372835066033,88.79265594482422,24745600,139.33999633789062,141.25999450683594,135.88999938964844,137.57000732421875,145417400,130.64802045895354,134.41085828161889,130.42205800232537,133.07470703125,85928000,16.078277218761983,16.59014043707696,16.066302786245483,16.464418411254883,325025000,234.9998409670087,238.82104848275608,233.4635747777796,237.6639862060547,23690600
2022-12-22,6.369999885559082,6.380000114440918,6.179999828338623,6.320000171661377,28066000.0,66.08000183105469,66.30999755859375,62.2599983215332,63.86000061035156,73917700,116.17974644378964,117.5873907944349,113.38429543656028,116.10044860839844,23618100,87.38514089164586,87.76179824360828,85.56130923053732,86.98865509033203,27658300,136.0,136.6300048828125,122.26000213623047,125.3499984741211,210090300,131.99401195090732,132.20032094511618,128.0150307307424,129.9111785888672,77852100,16.0583199304805,16.10222300797655,14.849007005999164,15.304993629455566,565045000,234.5817687693653,235.2915726004728,227.39632912956154,231.5967559814453,28651700
2022-12-23,6.269999980926514,6.300000190734863,6.070000171661377,6.289999961853027,20419000.0,63.11000061035156,64.66000366210938,62.720001220703125,64.5199966430664,45923000,115.01993130171148,117.15121657626835,114.53419898057305,117.01243591308594,17796600,86.3443553089749,88.7629115743793,86.30470597779849,88.44572448730469,23003000,126.37000274658203,128.6199951171875,121.0199966430664,123.1500015258789,166989700,128.6241804492717,130.09787639620362,127.36662777385332,129.54769897460938,63814900,15.162310836101799,15.304993457460409,14.850005025607482,15.17228889465332,349326000,229.57432368977197,232.25791977065128,227.46439246807083,232.12179565429688,21207000
2022-12-27,6.150000095367432,6.21999979019165,5.920000076293945,6.0,34573300.0,63.869998931884766,64.27999877929688,62.970001220703125,63.27000045776367,36086000,116.9034038330725,117.56756957808179,115.03977220793341,115.86254119873047,21392300,88.01951318270693,88.15828207571641,86.24524512227134,86.62190246582031,20097300,117.5,119.66999816894531,108.76000213623047,109.0999984741211,208643400,129.07608787315525,129.10556058535423,126.46273078933113,127.749755859375,69007800,15.04058027199165,15.066522651056324,14.024836646016347,14.089693069458008,464902000,232.09262880735398,232.31625810648032,229.30207698528272,230.4008026123047,16688600
2022-12-28,5.980000019073486,6.170000076293945,5.949999809265137,6.070000171661377,30096800.0,62.540000915527344,63.540000915527344,61.959999084472656,62.56999969482422,39526500,115.23803081847723,117.12149261971926,114.50447471842836,114.61351776123047,19612500,86.21550780630535,87.26618870145985,85.18464779721495,85.2639389038086,19523200,110.3499984741211,116.2699966430664,108.23999786376953,112.70999908447266,221070500,127.39607559848972,128.73222692892008,123.66271775984323,123.8297348022461,85438400,13.896123310795858,14.230380640006066,13.853218422811985,14.004881858825684,351066000,230.33271426152407,233.08437961165026,227.6880046259404,228.0380401611328,17457100
2022-12-29,6.099999904632568,6.525000095367432,6.099999904632568,6.400000095367432,42694200.0,63.63999938964844,65.18000030517578,63.060001373291016,64.81999969482422,41428500,115.38672820613152,119.97642088372568,114.76220757701917,119.21312713623047,22366200,85.85868214795222,88.06907799522807,85.84876792250566,87.67259216308594,23333500,120.38999938964844,123.56999969482422,117.5,121.81999969482422,221923300,125.74553370652504,128.19186635387044,125.49009852746012,127.33712768554688,75703700,14.370070713593025,14.650446912717559,14.195458504097823,14.570624351501465,354923000,229.12703678909463,235.2234829457409,229.12703678909463,234.3386688232422,19770700
2022-12-30,6.190000057220459,6.420000076293945,6.190000057220459,6.420000076293945,27830900.0,63.77000045776367,64.81999969482422,63.13999938964844,64.7699966430664,37127000,117.13141139747924,119.37173247171707,116.71506178314314,119.29242706298828,19583800,86.21550783549851,87.52390562395297,85.80910782884277,87.45452117919922,23986300,119.94999694824219,124.4800033569336,119.75,123.18000030517578,157777300,126.15818552945343,127.67117324976594,125.19536766637758,127.65151977539062,77034200,14.302221216588292,14.59656727894766,14.201445300640174,14.5816011428833,310490000,231.6161906747891,233.3177494769252,230.1090927684712,233.18162536621094,21938500
2023-01-03,6.579999923706055,6.639999866485596,6.275000095367432,6.389999866485596,29969900.0,66.0,66.87999725341797,63.59000015258789,64.0199966430664,46851800,121.75084455355073,125.26994462514445,121.21554437696301,123.65412902832031,35528500,88.80255544716131,90.24972960120895,87.74196039065848,88.3366928100586,28131200,118.47000122070312,118.80000305175781,104.63999938964844,108.0999984741211,231402800,127.9953746812147,128.6044974020352,121.99252063798394,122.87673950195312,112117500,14.818075144951218,14.962754136499147,14.064748866809973,14.283263206481934,401277000,236.3513904454424,238.94748134129327,230.82860879757206,232.94827270507812,25740000
2023-01-04,6.480000019073486,6.675000190734863,6.369999885559082,6.579999923706055,31660500.0,65.0,65.79000091552734,63.310001373291016,64.66000366210938,47477100,126.27113034212354,127.92659842487713,124.75445049089438,126.26122283935547,32397100,89.55589230728985,89.85325856571626,86.50296129515269,87.30584716796875,34854800,109.11000061035156,114.58999633789062,107.5199966430664,113.63999938964844,180389000,124.66482384759799,126.40378887161263,122.88656686996354,124.14411926269531,89113600,14.534705251277302,14.820070487005857,14.209427782320121,14.716300964355469,431324000,225.8503455985308,226.42401047503648,219.7052947992431,222.7583770751953,50623400
2023-01-05,6.449999809265137,6.489999771118164,6.25,6.320000171661377,34186000.0,64.1500015258789,64.3499984741211,62.29999923706055,62.33000183105469,46159500,125.03202218975811,127.40122394307504,123.45586693938299,125.83497619628906,25447100,86.7011940154015,86.8003135647901,85.14499364675605,85.44235229492188,27194400,110.51000213623047,111.75,107.16000366210938,110.33999633789062,157986300,124.90061292758642,125.52938912334946,122.57217865426507,122.8276138305664,80962700,14.458873382334806,14.531711494421922,14.116633408077806,14.23337459564209,389168000,220.9109832236872,221.25130097677038,215.6215628706399,216.15634155273438,39585600
2023-01-06,6.400000095367432,6.449999809265137,6.090000152587891,6.400000095367432,30596400.0,63.150001525878906,64.30000305175781,60.04999923706055,63.959999084472656,70161300,127.84730565506447,129.1954673366725,124.94281126846515,128.88816833496094,27584500,86.02717297103696,86.9192640659125,84.11413611960162,86.57233428955078,41381500,103.0,114.38999938964844,101.80999755859375,113.05999755859375,220911100,123.80025205121024,128.0051879622661,122.69989001665523,127.34693908691406,87754700,14.44191076025438,14.976722686175162,14.00288666985135,14.826057434082031,405044000,216.82721193090404,219.51080795719037,213.2782522890228,218.7037811279297,43613600
2023-01-09,6.489999771118164,6.670000076293945,6.400000095367432,6.5,31028900.0,66.22000122070312,69.31999969482422,65.66999816894531,67.23999786376953,69741300,130.0182474045574,131.79265868414586,128.15460808502064,128.34295654296875,26649100,87.58338400149272,89.2585326181373,87.08777861785474,87.24636840820312,29003900,118.95999908447266,123.5199966430664,117.11000061035156,119.7699966430664,190284000,128.1820484933381,131.07049435820306,127.61221771125115,127.8676528930664,70790800,15.250114184790577,16.020401941381497,15.1074306292161,15.593351364135742,504231000,220.181677805299,224.8390950379593,220.1427915656861,220.8331298828125,27369800
2023-01-10,6.5,6.71999979019165,6.489999771118164,6.699999809265137,28236600.0,66.66999816894531,68.1500015258789,66.55999755859375,68.05000305175781,41149600,126.16209066362623,132.27838555996667,126.04314012341165,131.83230590820312,28684400,85.2242962744404,87.89064781997227,85.07561316227476,87.6428451538086,30467800,121.06999969482422,122.76000213623047,114.91999816894531,118.8499984741211,167642500,127.9757103650532,128.958174020526,125.87323874198964,128.43746948242188,63896200,15.472620524555069,15.926611700930899,15.437698272766157,15.873729705810547,384101000,221.45544993887123,224.90718660058684,221.03735973961676,222.51528930664062,27033900
2023-01-11,6.840000152587891,6.989999771118164,6.760000228881836,6.980000019073486,25936700.0,68.38999938964844,69.12999725341797,67.22000122070312,69.05999755859375,44470100,129.81999282847258,132.6848346183648,129.20537967608695,131.73318481445312,25423000,88.39616224006632,90.79489009418965,88.22765825182702,90.71559143066406,26862000,122.08999633789062,125.94999694824219,120.51000213623047,123.22000122070312,183810800,128.94839939893015,131.1687626317444,128.1722594386808,131.1491241455078,69458900,15.804883260537807,15.992466195096986,15.528496936448766,15.96552562713623,353285000,224.88769749444907,229.41870845172386,224.71268716284243,229.2436981201172,28669300
2023-01-12,7.010000228881836,7.050000190734863,6.78000020980835,7.010000228881836,30152500.0,70.06999969482422,71.6500015258789,67.18000030517578,70.80000305175781,70066200,132.27838952682893,136.48147008401705,130.6130062840878,135.51992797851562,30757700,90.6759627102154,91.06253429761234,88.96116478580137,90.32903289794922,30258100,122.55999755859375,124.12999725341797,117.0,123.55999755859375,169400900,131.53223946571177,131.90556546211644,129.1350257391296,131.0704803466797,71379600,16.064302035827335,16.60011010345823,15.457649393597999,16.474390029907227,551409000,228.74781470305837,233.25937529724501,227.09487499383394,231.90785217285156,27269500
2023-01-13,6.840000152587891,7.010000228881836,6.809999942779541,6.960000038146973,20981000.0,69.83999633789062,71.0999984741211,69.2300033569336,71.0,45757400,133.7950849290108,136.1940169703067,133.66621174104483,135.78758239746094,22423800,90.051483892175,91.3797100639102,89.3378110312232,91.3103256225586,26329200,116.55000305175781,122.62999725341797,115.5999984741211,122.4000015258789,180714100,129.71471296505177,132.55403315564018,129.35120610397337,132.39683532714844,57809700,16.241910621869895,16.884483841910928,16.129162184625386,16.861534118652344,447287000,230.4396879177981,232.74408004932297,228.41726187215806,232.6079559326172,21333300
2023-01-17,6.989999771118164,7.150000095367432,6.730000019073486,7.070000171661377,30910300.0,70.87000274658203,72.66000366210938,70.6500015258789,71.58999633789062,42621300,134.99452505190794,135.55957037535876,133.08133325697926,134.18167114257812,21147600,91.2508540286788,91.43918648040213,89.25852597951722,90.48762512207031,32602400,125.69999694824219,131.6999969482422,125.0199966430664,131.49000549316406,186477000,132.4656016206527,134.88245427698436,131.77787992946924,133.55613708496094,63646600,16.861534824609727,17.68869739083552,16.861534824609727,17.66275405883789,511102000,231.38285076871398,234.2414722028024,230.52720494179857,233.6969757080078,29831300
2023-01-18,7.15500020980835,7.300000190734863,6.880000114440918,6.900000095367432,32743400.0,71.87000274658203,72.77999877929688,70.5,70.52999877929688,39538700,134.6277512663834,136.05521827168238,131.6439592108342,131.86204528808594,20215500,91.33014619303279,91.98434883409725,89.84333025861744,90.3191146850586,29116700,136.55999755859375,136.67999267578125,127.01000213623047,128.77999877929688,195680300,134.42067999537736,136.17928328311848,132.66206171643108,132.8389129638672,69672800,17.627828386104188,17.833371016829354,17.243681783190326,17.338472366333008,439624000,234.883176604496,235.67075285086767,229.0006419678325,229.28260803222656,30028700
2023-01-19,6.800000190734863,6.894999980926514,6.670000076293945,6.730000019073486,24841700.0,68.97000122070312,69.25,67.2699966430664,67.70999908447266,47189900,131.3366848928604,136.25349980566895,130.98972557953786,134.96481323242188,28625200,89.92263963407981,92.78723807060146,89.83342673497357,92.23216247558594,37000400,127.26000213623047,129.99000549316406,124.30999755859375,127.16999816894531,170291900,131.72876893688178,133.86071392112063,131.42420750930626,132.8979034423828,58280400,16.998229980422312,17.158874241400532,16.693907773124163,16.72783088684082,452932000,227.30882179875937,229.00066284863416,224.2946258083473,225.51002502441406,28623000
2023-01-20,6.760000228881836,7.059999942779541,6.71999979019165,7.019999980926514,28751700.0,68.01000213623047,70.12999725341797,67.44999694824219,70.06999969482422,47757600,134.70705181876295,138.72179884510555,133.43819566551292,138.15675354003906,28688600,94.26412190066026,97.43600020170042,94.18482324160857,97.15845489501953,63191100,128.67999267578125,133.50999450683594,127.3499984741211,133.4199981689453,138858100,132.90772297331753,135.59967961374403,131.8663135769454,135.45230102539062,80223600,16.973282837444028,17.81641051877651,16.787696318202407,17.799448013305664,564967000,228.35890938614477,234.07615156759218,228.0185916995672,233.57054138183594,35389800
2023-01-23,7.03000020980835,7.409999847412109,6.991000175476074,7.380000114440918,31633300.0,72.22000122070312,76.58999633789062,71.54000091552734,76.52999877929688,84293200,138.07746248379212,142.50855197768175,137.45295697105522,142.0228271484375,27470100,97.08908644403112,99.1607207694037,96.64304464751609,98.91291809082031,40005100,135.8699951171875,145.3800048828125,134.27000427246094,143.75,203119200,135.6978953680963,140.80671912517695,135.4817521326256,138.63546752929688,81760300,18.023949346098004,19.202332601538465,17.77849636841415,19.150447845458984,655163000,234.4261906970003,238.38352255893335,233.0163158336519,235.86521911621094,31934000
2023-01-24,7.0,7.420000076293945,7.0,7.019999980926514,22649500.0,73.75,75.63999938964844,73.41999816894531,74.69999694824219,60822600,140.45657683585247,143.73776053550952,140.1294477036565,141.89395141601562,21970200,97.23777151171052,98.73450183779414,96.3456803384707,96.8412857055664,33078500,143.0,146.5,141.10000610351562,143.88999938964844,158699100,137.84946249034775,140.64948968940584,137.83964325138285,140.03053283691406,66435100,18.78526133289635,19.451781589199925,18.778276881927304,19.2222900390625,496204000,235.78742231675506,237.19728228703622,233.78444699997308,235.34014892578125,40234400
2023-01-25,6.920000076293945,7.269999980926514,6.690000057220459,7.21999979019165,37147900.0,72.9000015258789,75.12000274658203,72.08999633789062,74.91000366210938,49932600,139.9906728793258,141.92369499048152,139.088590852133,140.2682342529297,26622000,94.73000174467127,95.31481996198589,92.93591288382635,94.3830795288086,42330000,141.91000366210938,146.41000366210938,138.07000732421875,144.42999267578125,192734300,138.41933852785135,139.93232634052288,136.37581181311944,139.37232971191406,65799300,18.871071892196763,19.32705950006516,18.538809936927446,19.280162811279297,449537000,227.98941574229838,236.56527872989417,224.50851101400366,233.94973754882812,66526600
2023-01-26,7.369999885559082,7.449999809265137,7.039999961853027,7.239999771118164,28005600.0,76.5,77.08000183105469,74.27999877929688,75.16000366210938,49583900,143.1429666455006,146.2258941555542,142.05255141383566,146.01773071289062,25482100,95.65183309275027,96.71242824527482,94.54167438000948,96.6628646850586,30114000,159.97000122070312,161.4199981689453,154.75999450683594,160.27000427246094,234815100,140.6593159193217,141.72037843724186,139.4115829133593,141.4354705810547,54105100,19.657322688857523,20.121291926493868,19.235260153653364,19.758098602294922,489535000,236.90559786802248,241.43660948835614,235.30127691453504,241.13519287109375,33454500
2023-01-27,7.190000057220459,7.730000019073486,7.139999866485596,7.550000190734863,37555200.0,73.69999694824219,76.73999786376953,73.48999786376953,75.4000015258789,58118600,146.94958055737123,151.85648792616513,146.1069737322616,150.4191131591797,35771900,96.45470583998284,99.4382520111048,96.45470583998284,98.4966049194336,33879800,162.42999267578125,180.67999267578125,161.1699981689453,177.89999389648438,306590600,140.64952711543583,144.64814715401417,140.57092820918845,143.37094116210938,70555800,19.418852978689333,20.582268342414245,19.36198013839365,20.31985092163086,542142000,242.0977983186481,242.91454300523202,239.9975849790759,241.290771484375,26498900
2023-01-30,7.5,7.610000133514404,7.360000133514404,7.369999885559082,28567800.0,74.2300033569336,74.63999938964844,72.4000015258789,72.44999694824219,48105200,148.109395586257,149.8045016344574,145.67080313194597,145.77984619140625,28040100,96.6232062564102,97.426084369623,95.5526970639023,96.08795166015625,27226200,178.0500030517578,179.77000427246094,166.5,166.66000366210938,230878800,142.41794502488958,142.9975950119405,140.34494601130174,140.4923095703125,64015300,19.905769395745818,20.09534677439952,19.10754194271611,19.119516372680664,488611000,237.74180116090332,238.80164053803622,235.49574581512883,235.99163818359375,25867400
2023-01-31,7.409999847412109,7.820000171661377,7.380000114440918,7.78000020980835,40984000.0,72.26000213623047,75.19999694824219,72.02999877929688,75.1500015258789,71669100,146.66206232671513,148.57526915219435,146.23581282407054,147.67318725585938,29842100,96.01858138177985,98.0109094055175,95.96901782279963,97.97126007080078,29870700,164.57000732421875,174.3000030517578,162.77999877929688,173.22000122070312,196813500,140.19757555057984,141.80881551729502,139.78494257033407,141.7596893310547,65874500,19.127496001884925,19.64334989796367,18.907984475027433,19.493682861328125,498017000,236.7111267803919,241.08656355946167,236.22496713827303,240.950439453125,26541100
2023-02-01,7.730000019073486,8.220000267028809,7.679999828338623,8.199999809265137,50123700.0,78.47000122070312,85.4800033569336,77.87999725341797,84.63999938964844,152548200,146.7413764088904,152.24306588807985,145.77981918793483,151.7870635986328,55661000,97.8424184378622,100.30062458138316,96.7223529416814,99.54730224609375,35531100,173.88999938964844,183.80999755859375,169.92999267578125,181.41000366210938,213806300,141.44532609516176,144.03903014040526,138.84180280794712,142.8797149658203,77663600,19.647345080075983,21.145016818201913,19.567522516028927,20.896570205688477,660477000,241.1351911203326,248.11643670951443,238.67522443009082,245.7537078857422,31259900
2023-02-02,8.510000228881836,9.210000038146973,8.470000267028809,8.989999771118164,71889700.0,84.29000091552734,88.94000244140625,83.19999694824219,88.30999755859375,97762100,181.78366068183163,195.4437029742972,178.591689945036,187.12673950195312,150475700,104.87010131411388,106.9020788324088,104.68176884997912,106.79304504394531,69883800,187.3300018310547,196.75,182.61000061035156,188.27000427246094,217448300,146.28885767804982,148.52887400177488,145.57166328269082,148.17520141601562,118339000,20.953440010374486,21.90033534849852,20.654105914331332,21.66086769104004,564276000,251.6556913662783,257.3632009780913,250.12914292548695,257.27569580078125,39940400
2023-02-03,8.539999961853027,8.899999618530273,8.373000144958496,8.40999984741211,64785500.0,86.66000366210938,88.80000305175781,85.83000183105469,86.08999633789062,66557800,181.87287479600266,195.05709986672147,181.29792194431568,184.90623474121094,76809700,102.02530881240673,106.86241388680193,101.67838660993706,103.85904693603516,65309300,183.9499969482422,199.0,183.69000244140625,189.97999572753906,232662000,145.43409313083382,154.6201342687517,145.23760339877686,151.79063415527344,154357300,20.95344017438409,21.696789246514708,20.74290754825101,21.053218841552734,429366000,252.3557929633264,256.88680506414505,249.98333118224824,251.19873046875,29077300
2023-02-06,8.3100004196167,8.53499984741211,8.239999771118164,8.3100004196167,38845500.0,84.62999725341797,86.27999877929688,83.22000122070312,83.68000030517578,53008900,184.90623267945966,189.03993051222616,183.90503029642124,184.44032287597656,42483800,101.49997723038128,103.44274929562647,100.98454343127975,101.9955825805664,31999600,193.00999450683594,198.1699981689453,189.9199981689453,194.75999450683594,186188100,149.8945101165513,150.41521473457135,148.13589150827315,149.06922912597656,69858300,20.759870457178742,21.522176520252494,20.73991434273434,21.04224395751953,452197000,250.31388153410032,251.1500618843591,247.72750865015405,249.66241455078125,22518000
2023-02-07,8.329999923706055,8.40999984741211,8.0600004196167,8.329999923706055,42201800.0,84.31999969482422,86.25,82.5199966430664,85.91000366210938,65291900,183.96450515195008,192.09312012094964,182.79476933118949,189.95191955566406,47080700,102.31276695764967,107.229170992123,102.21364740273903,106.69391632080078,49010200,196.42999267578125,197.5,189.5500030517578,196.80999755859375,186010300,147.99834440627268,152.50784959474223,147.99834440627268,151.93801879882812,83322600,21.334593701458743,22.20965010200628,21.103107721044175,22.12384033203125,664150000,253.31834411841427,261.33024559426707,252.88078856760495,260.15374755859375,50841400
2023-02-08,8.25,8.569999694824219,8.170000076293945,8.220000267028809,35105500.0,85.87999725341797,88.0,84.54000091552734,84.69000244140625,54140400,188.34603637486495,189.16881298045985,181.3276664674653,181.83322143554688,36139100,101.15304976140519,102.23346573895768,97.17829294122423,98.4966049194336,94743500,196.10000610351562,203.0,194.30999755859375,201.2899932861328,180673600,151.18152542311802,151.8692470443083,148.51904208604415,149.25588989257812,64120100,22.33736696829217,22.827279543884256,21.959207503696422,22.155771255493164,559651000,265.63767911484825,269.09913389839613,258.8411461479816,259.3467712402344,54686000
2023-02-09,8.34000015258789,8.430000305175781,7.940000057220459,7.949999809265137,33366700.0,85.87999725341797,86.66999816894531,82.76000213623047,83.20999908447266,46525400,184.50973898129092,185.0252014788401,175.72686487660647,176.37120056152344,37118800,99.12107385512309,99.15080896730558,92.80705872811015,94.17493438720703,119455000,207.77999877929688,214.0,204.77000427246094,207.32000732421875,215431400,151.0832773681269,151.62363543992853,147.782198500911,148.22430419921875,56007100,22.555880179506847,22.968961841072108,22.07095764976335,22.2874755859375,523876000,266.2210185187912,266.3960585481187,255.525505975814,256.32281494140625,42375100
2023-02-10,7.789999961853027,7.860000133514404,7.460000038146973,7.510000228881836,43042400.0,82.29000091552734,82.70999908447266,80.47000122070312,81.4800033569336,49332600,174.81486359032888,177.33274600863183,171.84097885758246,172.63400268554688,33433600,94.61106278381658,95.89963977995525,93.42161291225615,93.73880004882812,54980700,202.22999572753906,206.1999969482422,192.88999938964844,196.88999938964844,204754100,147.0632318137508,148.9130734935689,146.8270751036462,148.58836364746094,57450700,21.641912436236254,22.02905079986804,20.76486152389426,21.217853546142578,550737000,254.29068170390744,256.7798168982394,253.4447686061317,255.81723022460938,25818500
2023-02-13,7.579999923706055,7.775000095367432,7.449999809265137,7.610000133514404,87397100.0,81.56999969482422,84.1500015258789,80.9000015258789,83.12999725341797,45400000,176.66856844178548,179.42436690011945,174.28946686476417,177.86802673339844,31463200,93.90730468774592,94.36326072696573,93.01521349695155,93.77845001220703,50076100,194.4199981689453,196.3000030517578,187.61000061035156,194.63999938964844,172475500,148.52932389765635,151.7862414824205,148.49980618651492,151.38282775878906,62199000,21.490250748186387,21.99912031573908,20.91552751667087,21.739696502685547,474919000,260.23156430688056,266.9988986544617,259.7551076492649,263.8096923828125,44630900
2023-02-14,8.59000015258789,9.295000076293945,8.229999542236328,9.220000267028809,216055200.0,82.69999694824219,86.19000244140625,81.7699966430664,85.94999694824219,55979700,175.61780626083268,179.92992995474845,174.34895001230046,177.9176025390625,24034600,93.60003665412482,94.01634337742144,91.44911102142065,93.84783935546875,54726100,191.94000244140625,209.82000732421875,189.44000244140625,209.25,216455700,149.68058802933567,151.3041375201495,148.44079888424892,150.74327087402344,61707600,21.530159368940577,22.99789874171555,21.318629492503824,22.920072555541992,675474000,265.12229853290944,267.35862090148964,261.82612208741193,264.6361389160156,37047900
2023-02-15,9.15999984741211,10.229999542236328,9.109999656677246,10.109999656677246,153210400.0,85.0999984741211,85.88999938964844,83.31999969482422,85.18000030517578,46430200,174.88424941813702,176.63884567632195,173.80374157662817,175.61781311035156,25308900,93.659481312578,96.26636985890757,93.32247336067897,96.08795166015625,50169000,211.75999450683594,214.66000366210938,206.11000061035156,214.24000549316406,181006400,150.6547103127393,153.0063833860837,150.42840282421838,152.839111328125,65573800,22.49900989243005,22.804331263638748,22.056993110518953,22.713533401489258,420575000,261.54621079213484,263.8953733913227,259.46022127566107,262.5209655761719,28922400
2023-02-16,9.649999618530273,10.3100004196167,9.600000381469727,9.710000038146973,88638800.0,82.9800033569336,83.3499984741211,80.05000305175781,80.08000183105469,57755200,171.24620282331836,174.31922322248573,170.29455301472416,170.93890380859375,25827500,94.53177095740106,96.8214653459122,93.90730335156145,94.67053985595703,42462600,210.77999877929688,217.64999389648438,201.83999633789062,202.0399932861328,229586500,151.04826665403036,153.82305157694913,150.8908438680814,151.2450714111328,68167900,22.08393046172455,22.500005788164945,21.878387788866807,21.953222274780273,412026000,257.354723160625,260.00605711365523,255.2882479724247,255.5319366455078,29603600
2023-02-17,9.569999694824219,9.710000038146973,9.085000038146973,9.199999809265137,62137800.0,79.5999984741211,79.6500015258789,77.37000274658203,78.5,47826600,168.73821306504692,171.67243739377372,168.22273550017792,171.37506103515625,24171300,94.01633442041258,94.72009311770113,92.39074945945416,93.5207290649414,34284100,199.99000549316406,208.44000244140625,197.5,208.30999755859375,213738500,149.90687847207133,150.5464488832577,148.4309328947845,150.10366821289062,59144100,21.583045106514625,21.691802710091036,20.928499305845392,21.34058380126953,465888000,252.84166762278508,253.52397815006816,249.53723449671304,251.54522705078125,30000100
2023-02-21,9.010000228881836,9.100000381469727,8.399999618530273,8.470000267028809,65226600.0,77.1500015258789,78.45999908447266,76.44999694824219,76.7699966430664,44045600,172.79259922463552,176.6189978696537,170.3837600506006,170.58201599121094,34592600,92.18259462414863,92.28171418116946,90.91384614467198,90.98323059082031,33629300,204.99000549316406,209.7100067138672,197.22000122070312,197.3699951171875,180018600,147.79137232815333,148.87373860585663,146.0300835825423,146.0989532470703,58867200,20.953441579866375,21.44634583081081,20.5722885301492,20.609207153320312,410015000,248.0555633319736,249.04007506409081,245.23852294112166,246.291259765625,28397400
2023-02-22,8.479999542236328,8.625,8.15999984741211,8.359999656677246,55346000.0,76.93000030517578,78.12999725341797,75.91999816894531,76.61000061035156,50286800,169.58083370599772,171.25610945926005,168.2128418399416,169.63038635253906,22433200,90.89401552985218,91.30041553499177,89.81359952809775,90.8444595336914,30884000,197.92999267578125,201.99000549316406,191.77999877929688,200.86000061035156,191828500,146.4826819914061,147.54536466728035,144.80011234851025,146.5220489501953,51011300,20.661088247534547,21.057207361992994,20.37572117670934,20.707983016967773,513184000,247.6754219276689,247.91911060638247,244.0200917469653,245.16055297851562,22491100
2023-02-23,8.420000076293945,8.479999542236328,7.909999847412109,8.170000076293945,60015500.0,80.62999725341797,81.79000091552734,77.97000122070312,79.75,76391300,170.50271326007802,172.17800396749618,167.9055256077023,170.5423583984375,20017800,91.11208656749149,91.13191501658295,88.97107536820448,90.09114074707031,41206400,203.91000366210938,205.13999938964844,196.3300018310547,202.07000732421875,146360000,147.68310298099968,147.92909389742377,144.87881554222116,147.00416564941406,48394200,23.388031723311734,23.83503841711281,22.97395090605858,23.611534118652344,1117995000,249.1083064975943,250.35599131241563,244.15655088158258,248.3382568359375,29219100
2023-02-24,7.940000057220459,8.199999809265137,7.869999885559082,8.09000015258789,41518600.0,77.75,78.80999755859375,76.94000244140625,78.08999633789062,46700000,167.17197219726032,169.2338674150604,166.20050742549483,168.90673828125,19791300,88.65388384050988,89.09992561252551,87.8014420680175,88.34660339355469,36585100,196.3300018310547,197.6699981689453,192.8000030517578,196.8800048828125,142228100,144.75090982195374,144.82962872471046,143.38320079150859,144.35733032226562,55469600,23.17350941362294,23.421957916477858,22.89612587509221,23.234373092651367,589716000,243.64965318726144,244.66339137207996,241.83660913434213,242.92832946777344,24990900
2023-02-27,8.119999885559082,8.229999542236328,7.960000038146973,8.029999732971191,35270000.0,79.63999938964844,80.12000274658203,78.52999877929688,78.7699966430664,45617300,170.3837742797613,171.61297028977367,167.58831536803652,168.0641326904297,19277000,89.08010864257812,89.36756065406263,88.55476061737971,89.08010864257812,27502300,202.02999877929688,209.4199981689453,201.25999450683594,207.6300048828125,161028300,145.34128862301924,146.77786725557394,145.0854484451516,145.54791259765625,44998500,23.61752427082776,23.8270577925176,23.40200353334105,23.448898315429688,452994000,246.08658915391715,246.43750145661366,243.09408495125825,243.8446502685547,21190000
2023-02-28,7.960000038146973,8.097000122070312,7.800000190734863,7.840000152587891,32937000.0,77.87000274658203,80.13999938964844,77.41999816894531,78.58000183105469,44220100,170.40355460988826,176.00437879733283,170.37381697866283,173.41709899902344,46051100,88.54486061355257,90.42816260421704,88.53494638831793,89.26844024658203,30142000,210.58999633789062,211.22999572753906,203.75,205.7100067138672,153144900,144.69188448050687,146.68932985809187,144.47541123636594,145.04611206054688,50547000,23.32018024556822,23.77217689153847,23.154547928957133,23.164525985717773,455963000,242.78218154124548,245.141086337107,242.45075361028725,243.1233367919922,22491000
2023-03-01,7.829999923706055,7.909999847412109,7.690000057220459,7.690000057220459,27939100.0,78.55000305175781,80.29000091552734,77.87999725341797,78.29000091552734,44266000,173.0701524358075,176.30178310717199,171.54356512627285,171.91033935546875,30998400,89.18914616715412,90.22991291205538,88.88186569379845,89.56580352783203,31111200,206.2100067138672,207.1999969482422,198.52000427246094,202.77000427246094,156852800,144.4754113339038,144.86899086128216,142.68458995191014,142.9797821044922,55479000,23.14058460599458,23.204443804026024,22.458100964699696,22.647680282592773,460026000,244.42949575369053,244.59520227636006,239.58496345634046,240.0528564453125,27565300
2023-03-02,7.590000152587891,8.029999732971191,7.559999942779541,7.96999979019165,36538700.0,77.56999969482422,80.91999816894531,76.6500015258789,80.44000244140625,60108600,170.87943351305253,173.48652902510946,169.9376911811716,173.01071166992188,17352000,88.87195398014434,91.46892114468274,88.80256197209034,91.1913833618164,32204400,186.74000549316406,193.75,186.00999450683594,190.89999389648438,181500700,142.0646965175798,144.3573339453376,141.59238308918532,143.57015991210938,52238100,22.438144871095187,23.328165597904217,22.382267363825353,23.262311935424805,389415000,240.3257512560428,245.05330217438188,239.40947954597493,244.7706298828125,24808200
2023-03-03,8.0,8.5,8.0,8.329999923706055,43229100.0,80.4000015258789,81.62999725341797,79.33999633789062,81.5199966430664,54536200,177.36247652852418,184.99544401107892,175.50875995980698,183.6373748779297,45877700,91.66715919754449,92.90617244189619,91.63741652731721,92.82687377929688,35160100,194.8000030517578,200.47999572753906,192.8800048828125,197.7899932861328,154193300,145.66599039801153,148.6867663889097,144.96738452683869,148.60804748535156,70732300,23.268298244670323,23.8470122834048,23.07871895003249,23.837034225463867,412393000,245.8233624681365,249.1667635730139,245.04355582130654,248.8450927734375,30760100
2023-03-06,8.34000015258789,8.449999809265137,8.199999809265137,8.279999732971191,28316200.0,82.02999877929688,83.30000305175781,81.04000091552734,81.16000366210938,54541300,186.36344076544492,188.00899392583824,183.03268930417306,183.29042053222656,33209400,93.19362456165446,95.1264899199855,93.1738036755349,94.29386901855469,32639300,198.5399932861328,198.60000610351562,192.3000030517578,193.80999755859375,128100100,151.32380747304748,153.7935665673354,150.9991125857975,151.36317443847656,87558000,23.8380361602402,24.194243164611763,23.43493056523591,23.50178337097168,437429000,249.956359426143,253.55320692008516,249.517722752789,250.38525390625,24109800
2023-03-07,8.274999618530273,8.425000190734863,8.1899995803833,8.279999732971191,26819600.0,81.06999969482422,84.8499984741211,80.66999816894531,82.11000061035156,70959000,187.35472794639318,188.7028895567601,182.4081611653204,182.90380859375,36701500,94.14520057401873,94.8291308506661,92.70794044588578,93.03504180908203,27835500,191.3800048828125,194.1999969482422,186.10000610351562,187.7100067138672,148125800,151.2352451910372,151.55995507278075,148.70646582947896,149.16893005371094,56182000,23.55167395870932,24.075598519904673,23.19340793639445,23.240312576293945,515154000,249.82960325303648,251.18452648625785,246.99307854410944,247.73388671875,21473200
2023-03-08,8.359999656677246,8.579999923706055,8.0600004196167,8.130000114440918,38723600.0,82.79000091552734,85.7699966430664,82.27999877929688,85.37000274658203,69529800,181.27807709436618,183.64727108561956,179.7613972448921,183.35980224609375,19432400,93.2927533033278,95.11657735157019,93.17380529752776,93.4216079711914,34103300,185.0399932861328,186.5,180.0,182.0,151897800,150.35949790258118,151.00891757952724,149.39521763366128,150.4185333251953,47204800,23.438909531706024,24.150450902284962,23.376038799236685,24.131488800048828,513573000,247.62667058752513,248.11404792403098,244.47821715829852,247.29525756835938,17340200
2023-03-09,8.069999694824219,8.260000228881836,7.679999828338623,7.690000057220459,29005900.0,85.29000091552734,87.80999755859375,83.58999633789062,84.02999877929688,79496700,184.7278056589579,187.28533312080012,178.7304686513036,180.10836791992188,26582800,93.22337335130082,94.69036101520102,91.09226874258992,91.50857543945312,28813500,180.25,185.17999267578125,172.50999450683594,172.9199981689453,170023800,151.09748364556307,152.06176399701366,147.82088228318355,148.17510986328125,53833600,24.12550106515551,24.403931047691355,23.3351228633312,23.388015747070312,501257000,249.36174508099094,253.00731800229747,245.22877995450497,245.95010375976562,26653400
2023-03-10,7.590000152587891,7.679999828338623,7.28000020980835,7.349999904632568,41953600.0,84.47000122070312,85.44999694824219,81.62999725341797,82.66999816894531,70273600,179.4342842678197,183.16156276961232,177.2435310110156,177.9473419189453,25665000,91.35988513059155,91.97443846501345,89.60544558188205,89.83341979980469,35941000,175.1300048828125,178.2899932861328,168.44000244140625,173.44000244140625,191488900,147.8011910673905,148.51948035027368,145.24287949222287,146.1186065673828,68572400,23.36106747628327,23.57862150456227,22.679465442665016,22.91797637939453,474866000,244.74139919259653,246.40822131411622,241.34925717678098,242.3142547607422,28333900
2023-03-13,7.289999961853027,8.149999618530273,7.190000057220459,7.869999885559082,63183500.0,81.38999938964844,83.83000183105469,78.5199966430664,82.01000213623047,65269100,176.41083178227044,182.1801597351484,173.29816667086516,179.32522583007812,24728000,89.29816499049838,91.75637076191212,88.6340556613181,90.3092041015625,37335600,167.4600067138672,177.35000610351562,163.91000366210938,174.47999572753906,167790300,145.43970497520198,150.68423448355665,145.33146834316847,148.0570526123047,84457100,22.70541520633813,23.250296778148737,22.251346912588748,22.918975830078125,421890000,241.15432969621693,251.39901208368084,239.52649097769853,247.50973510742188,33339700
2023-03-14,8.050000190734863,8.140000343322754,7.78000020980835,7.889999866485596,33460100.0,83.66999816894531,88.30000305175781,83.58999633789062,87.44999694824219,66616300,185.94709789585886,192.62843092188572,184.93597286944848,192.33103942871094,41642600,91.74646272743232,93.53064506595086,91.62752227975622,93.14407348632812,36050200,177.30999755859375,183.8000030517578,177.13999938964844,183.25999450683594,143717900,148.85401542944305,150.94001350209345,147.69294556307145,150.14300537109375,73695900,23.44789249237886,24.169411731602075,23.411964998999608,24.013731002807617,474910000,250.26826629818711,254.47921369225799,249.4007352202757,254.20628356933594,33620300
2023-03-15,7.809999942779541,7.989999771118164,7.699999809265137,7.900000095367432,28217400.0,86.7699966430664,90.41999816894531,86.22000122070312,89.68000030517578,86177400,191.27033106859906,196.05828682863768,189.17869840894608,196.02854919433594,42123600,92.40066793697098,96.07805893634688,91.82576388320213,95.26526641845703,50622100,180.8000030517578,182.33999633789062,176.02999877929688,180.4499969482422,145995600,148.7655134809102,150.79247683579462,147.51587504804607,150.53665161132812,77167900,23.712347660414334,24.23627231190452,23.312169659954225,24.17839241027832,524486000,253.41673923474747,259.7526448252449,252.66615907277222,258.7388916015625,46028000
2023-03-16,8.010000228881836,8.079999923706055,7.860000133514404,7.980000019073486,20255400.0,89.72000122070312,96.69000244140625,89.0199966430664,96.5999984741211,115839200,196.53412194369412,203.9688337131776,194.38301382017207,203.14605712890625,50447100,95.35446457801073,100.30061132579071,94.66062012558537,99.4382553100586,65492000,180.3699951171875,185.80999755859375,178.83999633789062,184.1300048828125,121136800,149.71992520737962,153.95097226183628,149.20825986230471,153.3507537841797,76161100,23.97780109757633,25.535603606038674,23.845072112678007,25.48870086669922,583253000,258.51463124296953,269.57810070864684,256.6333622072751,269.2272033691406,54768800
2023-03-17,7.929999828338623,8.029999732971191,7.840000152587891,7.880000114440918,20920800.0,96.66000366210938,98.75,95.94000244140625,97.83999633789062,94080800,198.81411842093698,200.1424500615832,193.7287703421233,193.90721130371094,50141100,99.37878995970463,101.93610789707766,99.22019261289883,100.72683715820312,61028500,184.52000427246094,186.22000122070312,177.3300018310547,180.1300048828125,133197100,153.5770563789343,154.22647602550626,151.80591871287191,152.51437377929688,98944600,25.9287988632653,26.3449448193976,25.61544073749828,25.672325134277344,848547000,271.2351947706092,276.1771774428226,269.34416867421294,272.3756408691406,69527400
2023-03-20,7.764999866485596,8.095000267028809,7.71999979019165,8.079999923706055,25497400.0,96.30000305175781,96.94000244140625,92.9000015258789,96.80999755859375,92008900,196.75220898573428,197.62455334455456,191.95434526414255,196.08804321289062,25186300,99.24002247655834,100.85569326789229,98.99221979039645,100.33035278320312,32960400,178.0800018310547,186.44000244140625,176.35000610351562,183.25,129684400,152.58327776546486,155.28917828804447,151.67801783277878,154.8759002685547,73641400,25.562549518958868,25.970712430849073,25.07854201438664,25.846965789794922,432747000,269.9875056388711,270.4748828771733,263.03750146113805,265.357421875,43466600
2023-03-21,8.199999809265137,8.510000228881836,8.170000076293945,8.449999809265137,27104500.0,97.0,99.45999908447266,93.63999938964844,95.93000030517578,85285300,201.43110168666132,201.77806091937316,196.226803951734,200.40016174316406,31827000,100.36007677823723,104.17623620992997,100.33034166916575,103.99781799316406,42110300,188.27999877929688,198.0,188.0399932861328,197.5800018310547,153391400,154.79722327478603,156.84385517693187,154.02971754385752,156.7257843017578,73938300,26.126395026788483,26.337960836204616,25.329031245204536,26.145355224609375,547408000,267.94058331388436,268.0575491212291,262.7158825243108,266.86834716796875,34558700
2023-03-22,8.4399995803833,8.619999885559082,8.199999809265137,8.210000038146973,34151000.0,95.6500015258789,101.69999694824219,95.63999938964844,97.58000183105469,110816300,200.7372186543796,205.56482001084692,197.93185225263778,198.0706329345703,28477800,103.35352451794222,105.65313277592884,102.42179170910212,102.46144104003906,43427400,199.3000030517578,200.66000366210938,190.9499969482422,191.14999389648438,150376400,156.74547004618515,159.53992423566484,155.27935826386764,155.29904174804688,75701800,26.370891881444173,27.53250995771594,26.183277100976117,26.41380500793457,797295000,266.4979179833595,273.9450578612845,265.3087161087697,265.41595458984375,34873300
2023-03-23,8.319999694824219,8.5600004196167,8.15999984741211,8.329999923706055,22662200.0,100.05000305175781,102.43000030517578,98.66999816894531,100.27999877929688,84088900,201.07425714388052,206.07039199137296,200.39026123164382,202.50172424316406,27389700,104.13658222663248,105.36568880383697,103.54185738475041,104.67183685302734,40797800,195.25999450683594,199.30999755859375,188.64999389648438,192.22000122070312,144193900,156.28297554136526,158.9593583364734,155.15140813839363,156.38136291503906,67622100,27.059479880369732,27.442694389660254,26.635350859477686,27.135324478149414,564889000,270.92332074814243,273.9645506194871,268.25250241830935,270.650390625,36610900
2023-03-24,8.289999961853027,8.350000381469727,8.0600004196167,8.199999809265137,17901200.0,99.18000030517578,99.5199966430664,96.73999786376953,97.94999694824219,64712400,203.3938677558255,205.77298444441905,201.7780674543026,204.21664428710938,27716400,104.06721812674961,104.56282351890222,102.92732421233099,104.51326751708984,30393300,191.64999389648438,192.36000061035156,187.14999389648438,190.41000366210938,116312400,156.31248202721346,157.76874417421377,155.3186840441415,157.68019104003906,59196500,26.975651684052345,27.111372891793874,26.301035262211116,26.724166870117188,454920000,270.24104891667986,273.5454824281014,268.3305375714722,273.48699951171875,28172000
2023-03-27,8.149999618530273,8.319999694824219,7.940000057220459,8.039999961853027,20666800.0,98.0199966430664,98.93000030517578,95.43000030517578,96.61000061035156,57461400,203.02710138580258,204.06796403208844,199.6071370845429,201.07424926757812,18527200,103.70048258202414,103.83925149701737,101.03412295673954,101.55946350097656,31120900,194.4199981689453,197.38999938964844,189.94000244140625,191.80999755859375,120851600,157.37517430078694,158.19186606543823,155.33836200567538,155.74179077148438,52390300,26.782048221700336,26.944714568093122,26.311014571134052,26.476675033569336,361026000,273.41866361100745,274.3544196920251,268.56437502402,269.4026794433594,26840200
2023-03-28,8.0600004196167,8.119999885559082,7.96999979019165,8.0,14860500.0,96.7699966430664,96.94000244140625,92.87000274658203,94.55999755859375,59150100,198.40767458850203,199.28001896896532,196.17726099151233,198.9330596923828,19127300,101.53963197104099,101.54953863368904,98.86335840017524,100.14202117919922,32057900,192.0,192.35000610351562,185.42999267578125,189.19000244140625,98654600,155.4367475403247,155.9484128704115,153.4786543640599,155.1218719482422,45992200,26.392847592513167,26.45871243560378,25.79706988863312,26.35592269897461,356104000,268.8276290958363,269.1687992182552,265.18202599070054,268.2817687988281,21878600
2023-03-29,8.09000015258789,8.25,8.050999641418457,8.220000267028809,15339700.0,96.06999969482422,96.91000366210938,94.87000274658203,96.08999633789062,55326000,201.78798215208548,203.9291827103764,200.7768571452326,203.56240844726562,18851100,101.38102484163565,101.58917817223534,99.76535419231203,100.49884796142578,28779600,193.1300048828125,195.2899932861328,189.44000244140625,193.8800048828125,123660000,156.81429056205513,158.46735739062942,156.79462209814082,158.1918487548828,51305700,26.77007235480998,27.022552652943062,26.542538581113224,26.92874526977539,393694000,271.9176094220145,274.0425976403278,271.38150614392333,273.4284973144531,25087000
2023-03-30,8.329999923706055,8.380000114440918,8.050000190734863,8.149999618530273,21001600.0,98.0,99.52999877929688,97.25,97.87999725341797,59678500,201.60956435729426,206.27855492955837,201.0544416258621,206.03073120117188,22608300,100.02308620252188,100.27088890436659,98.90301315028726,100.00325775146484,33086200,195.5800018310547,197.3300018310547,194.4199981689453,195.27999877929688,110252200,158.93965597985908,159.86458426430409,158.68383082177425,159.75634765625,49501700,27.17324699449219,27.44269460926943,27.04650622795167,27.32693099975586,364516000,277.0544762167483,277.2786507086976,274.3739014000633,276.8789978027344,25053400
2023-03-31,8.149999618530273,8.479999542236328,8.079999923706055,8.449999809265137,26174800.0,96.33999633789062,98.36000061035156,95.2699966430664,98.01000213623047,55861100,205.43596391529096,210.3230405925682,204.97005409451702,210.0950469970703,25440300,100.40964092180509,102.97687285114189,100.15192403778421,102.81828308105469,36863400,197.52999877929688,207.7899932861328,197.1999969482422,207.4600067138672,170222100,159.8350728342002,162.3540176143248,159.31357325147573,162.255615234375,68749800,27.08442846214019,27.777007695296096,27.049500279209546,27.720125198364258,433933000,276.5671227721079,281.9672416312898,275.85554123239365,281.021728515625,32766000
2023-04-03,8.369999885559082,8.529999732971191,8.210000038146973,8.380000114440918,22512000.0,96.69999694824219,96.79000091552734,94.80999755859375,96.55999755859375,50655300,207.02202167585494,211.63155200058463,206.387593549827,211.2152099609375,17924600,101.49007022424684,103.61126066891856,101.03411417712786,103.44275665283203,25035400,199.91000366210938,202.69000244140625,192.1999969482422,194.77000427246094,169545900,161.63573905142377,163.62333513475417,161.58653785817188,163.50526428222656,56976200,27.452673959085395,27.942667821784,27.280027855037655,27.907739639282227,398716000,279.286723502298,280.992544334595,276.78162637356223,279.97882080078125,24883300
2023-04-04,8.529999732971191,8.539999961853027,8.229999542236328,8.350000381469727,23961200.0,97.04000091552734,97.2699966430664,95.20999908447266,95.87000274658203,43195900,211.53240612071065,214.35760247602127,210.6897994530681,212.850830078125,21026400,103.41302707749486,104.65204060743034,103.12557503106923,103.79959869384766,24420100,197.32000732421875,198.74000549316406,190.32000732421875,192.5800018310547,126463800,163.92836877990578,164.16451047380076,162.46225736922722,162.9739227294922,46278300,27.908739678999307,27.942670460474673,27.251088574745484,27.39678955078125,368592000,279.9788092952923,283.1175206876223,278.4581943099055,279.9300537109375,25824300
2023-04-05,8.630000114440918,8.649999618530273,7.840000152587891,7.980000019073486,54946900.0,94.3499984741211,94.5,91.36000061035156,92.55999755859375,52979300,212.28580906573094,213.31676429191103,208.11246576583304,209.63905334472656,19396600,104.85026426841469,105.16745138275883,102.7489024717613,103.5517807006836,28290500,190.52000427246094,190.67999267578125,183.75999450683594,185.52000427246094,133882500,162.09819114468434,162.4032175003463,159.2053353608918,161.13389587402344,51511700,26.774064682882994,26.942717354778598,26.340953337844432,26.825958251953125,515015000,278.63357089609315,279.90073980685764,275.7775474414122,277.16168212890625,22064800
2023-04-06,7.880000114440918,8.140000343322754,7.789999961853027,8.09000015258789,23488600.0,91.47000122070312,92.91000366210938,90.62000274658203,92.47000122070312,47778400,207.42846519605177,215.0515256680938,206.83368218453202,214.21884155273438,26104400,104.33484197686876,108.21047194004801,103.41301570943838,107.4670639038086,48711500,183.0800018310547,186.38999938964844,179.74000549316406,185.05999755859375,123857900,159.8252203026454,162.31466233453045,159.40212310856722,162.01947021484375,45390100,26.52956827718351,27.024552994988376,26.372890149473246,26.98164176940918,397654000,276.0602584923825,284.7063275533511,274.91005513471964,284.23846435546875,29770300
2023-04-10,8.0,8.4399995803833,7.900000095367432,8.390000343322754,29184700.0,91.31999969482422,95.80000305175781,91.0199966430664,95.4800033569336,52536300,212.84092431935147,213.78265140351988,208.82617714372924,212.8805694580078,16106100,106.03971785017113,106.64434938467814,104.19606545034118,105.50446319580078,27067400,179.94000244140625,185.10000610351562,176.11000061035156,184.50999450683594,142154600,158.8314525568901,159.43167114257812,157.51294452082058,159.43167114257812,47716900,26.768078927982756,27.564445330206645,26.61439491835625,27.522531509399414,395279000,281.90881108908263,282.2889797177499,277.5224147425445,282.08428955078125,23103000
2023-04-11,8.350000381469727,8.789999961853027,8.34000015258789,8.609999656677246,35617900.0,96.05999755859375,96.06999969482422,92.69000244140625,94.02999877929688,51935800,213.6042343415459,214.13954209197752,211.55226163411987,211.98843383789062,16710100,105.61350679636178,105.79192503108294,103.75994000022175,104.4240493774414,26311800,186.69000244140625,189.19000244140625,185.64999389648438,186.7899932861328,115770900,159.7465367378167,159.75637097122245,157.93603184667685,158.2213897705078,47644200,27.66723481289394,27.7330996597478,27.070457767266205,27.113370895385742,314378000,278.53617740745267,278.76038171504166,274.52994955434735,275.68988037109375,27276600
2023-04-12,8.75,8.774999618530273,8.300000190734863,8.329999923706055,28771300.0,94.97000122070312,95.0,91.73999786376953,92.33000183105469,53383100,212.96981490996805,214.95240491685877,210.72949364752768,212.1371307373047,18972200,105.643234620716,105.8117386190125,103.42291728349981,103.72028350830078,24370300,190.74000549316406,191.5800018310547,180.30999755859375,180.5399932861328,150256300,158.6346580327857,159.46118408911326,157.2177476424543,157.53262329101562,50133100,27.313958486817846,27.4117573972983,26.393845475280525,26.440750122070312,446259000,277.60042049037634,279.7643772791171,274.84184782081707,276.3332214355469,27403400
2023-04-13,8.5,8.699999809265137,8.430000305175781,8.579999923706055,27983300.0,92.79000091552734,93.16000366210938,91.83000183105469,92.08999633789062,40572500,213.85203129059846,219.224847500562,213.81238615247736,218.43182373046875,23310400,104.90974215422128,106.54524140425345,104.90974215422128,106.48577117919922,24843600,182.9600067138672,186.5,180.94000244140625,185.89999389648438,112933000,159.03804422980758,163.14117071125375,158.83140526402408,162.90501403808594,68445600,26.67925848324337,26.83194507729408,26.275088982964736,26.4088134765625,353615000,276.4306715348985,282.58137108364906,276.02129123451107,282.52288818359375,24222700
2023-04-14,8.529999732971191,8.90999984741211,8.470000267028809,8.8100004196167,42364500.0,91.81999969482422,92.97000122070312,90.5,91.75,38734800,215.98332984258553,220.17650288269624,215.656200722299,219.56190490722656,21591200,105.95051585392284,107.98250090468606,105.90095229177238,107.91311645507812,26578000,183.9499969482422,186.27999877929688,182.00999450683594,185.0,96438700,161.95058596716467,163.6528540223282,161.19294470872245,162.56065368652344,49386500,26.44973120006375,26.827954885781043,26.166312310977247,26.703210830688477,395660000,279.7545343355265,281.1971816675533,276.5280994029268,278.916259765625,20987900
2023-04-17,8.8100004196167,9.039999961853027,8.779999732971191,8.800000190734863,26047500.0,90.2300033569336,90.69000244140625,88.30000305175781,89.87000274658203,47250800,217.87668514416077,219.056328418045,215.23985237860873,216.9547882080078,15481900,103.74012106946371,105.22693719940173,103.60134460665196,105.03860473632812,37571200,186.32000732421875,189.69000244140625,182.69000244140625,187.0399932861328,116662200,162.44259843625022,162.73779061232008,161.39959909302152,162.58035278320312,41516200,26.510605128627287,26.95070210668743,26.37887544680579,26.94671058654785,321471000,282.61057160840295,284.2384247499491,278.93575776704006,281.50909423828125,23836200
2023-04-18,8.930000305175781,9.020000457763672,8.720000267028809,8.729999542236328,21185300.0,91.61000061035156,92.16000366210938,89.33000183105469,89.77999877929688,46246300,217.99567564546845,218.52106075783294,214.32788736305116,215.99325561523438,12281000,105.55403506755718,105.6035986320666,103.15530676712977,103.58152770996094,26596400,187.14999389648438,187.69000244140625,183.5800018310547,184.30999755859375,92067000,163.4363837761115,164.72537387764507,162.99358808032773,163.80044555664062,49923000,27.476623258466837,28.052441434897503,27.30098304931903,27.610347747802734,604812000,284.2091922902282,284.39439803515654,279.7643139062447,281.0899658203125,20161800
2023-04-19,8.579999923706055,8.657999992370605,8.479999542236328,8.489999771118164,18193700.0,88.51000213623047,90.54000091552734,88.22000122070312,89.94000244140625,37344500,211.61174306418604,215.43814233675087,211.07643529819072,213.82232666015625,15898100,102.66961069827711,104.05730725261225,102.16409110128505,103.26433563232422,20905700,179.10000610351562,183.5,177.64999389648438,180.58999633789062,125732700,163.14117819260926,165.46333303592274,162.88533803142178,164.94183349609375,47720200,27.304975350464428,27.94266686552096,27.176239781728775,27.873807907104492,358660000,278.7700510801762,281.75279769664104,277.3566747962618,281.16796875,17150300
2023-04-20,8.289999961853027,8.5,8.130000114440918,8.149999618530273,23573000.0,88.83000183105469,91.58000183105469,88.7300033569336,90.11000061035156,47082700,211.62162937104753,214.8631679041083,210.91781846805821,211.2152099609375,16475400,102.99670263824548,105.31613193758433,102.95705330462381,104.36457061767578,27820800,166.1699981689453,169.6999969482422,160.55999755859375,162.99000549316406,210970800,163.42655222639002,165.17800667808302,162.90505258707114,163.97756958007812,52456400,27.61434236358742,27.972608458107462,26.9447167273433,27.048503875732422,427713000,278.0487492496202,281.7333204424285,277.88302787911294,278.88702392578125,23244400
2023-04-21,8.140000343322754,8.220000267028809,8.09000015258789,8.180000305175781,14896700.0,89.80000305175781,89.80000305175781,88.05999755859375,88.43000030517578,41118300,208.3800955053103,211.55223597623976,207.7555749142046,211.03675842285156,17717200,104.54299072815176,105.06833117404804,103.85905294490108,104.4835205078125,25800100,164.8000030517578,166.0,161.32000732421875,165.0800018310547,123539000,162.40320545287983,163.78074857435575,161.85218820428946,162.37368774414062,58337300,26.896812971013922,27.127340875735126,26.66728437395246,27.0634708404541,345103000,277.8148324496472,279.04300308117706,275.91404898236954,278.5458984375,21676400
2023-04-24,8.15999984741211,8.25,7.940000057220459,8.100000381469727,20439300.0,88.11000061035156,88.63999938964844,86.33999633789062,87.56999969482422,40423800,211.8198891943213,212.05780541816344,208.87575722630933,210.93763732910156,15750900,104.56282024731928,105.69279990108514,103.77976284473804,105.03860473632812,23542800,164.64999389648438,165.64999389648438,158.61000061035156,162.5500030517578,140006600,162.3540163618739,162.94440060882783,161.26181601487568,162.67872619628906,41949600,26.957691440868356,27.309967410410923,26.61639072563291,26.986631393432617,339282000,274.9685754009273,277.75638957147896,271.6836565150722,274.6566467285156,26611000
2023-04-25,8.0,8.020000457763672,7.730000019073486,7.739999771118164,21849100.0,86.9000015258789,87.05999755859375,83.76000213623047,83.80000305175781,52771500,208.98476311358897,209.4209200908101,205.32688312442886,205.74322509765625,19198200,104.89981799760842,105.7522597054686,102.92730348910072,102.93721771240234,46664100,159.82000732421875,163.47000122070312,158.75,160.6699981689453,121999300,162.54099521393778,163.6430299514636,161.10440134757968,161.14376831054688,48714100,27.02255529680181,27.191209883551597,26.17130312906319,26.18726921081543,378527000,272.453630628669,274.49086389532874,268.41813285609015,268.4668884277344,45772200
2023-04-26,7.869999885559082,7.909999847412109,7.650000095367432,7.739999771118164,21396700.0,86.51000213623047,87.3499984741211,85.31999969482422,85.94000244140625,47786600,210.65015322914314,212.24613852452936,207.0616707532641,207.57713317871094,41992700,103.99781824829445,105.41524976209612,101.72794498144636,102.79845428466797,53347600,160.2899932861328,160.6699981689453,153.13999938964844,153.75,153364100,160.44512426219072,162.62952495549953,160.18929909610858,161.13389587402344,45498800,26.946707940661295,27.27403540128356,26.650315233944067,26.900800704956055,406337000,289.2097093535968,292.00725036990406,285.33993229955405,287.91326904296875,64599200
2023-04-27,7.829999923706055,7.909999847412109,7.71999979019165,7.820000171661377,21385500.0,86.41000366210938,87.56999969482422,84.08999633789062,87.44000244140625,53087200,237.80174624937138,239.5860801943098,234.7089108287852,236.4833221435547,71196500,103.53194736861123,107.41749878896674,102.62994962694194,106.64434814453125,50089200,152.63999938964844,160.47999572753906,152.3699951171875,160.19000244140625,127015200,162.54100085037314,165.85695442572842,162.54100085037314,165.70936584472656,64902300,27.306972360442714,27.43870204664904,26.57048262204744,27.170251846313477,377161000,288.4981777647632,297.495175228431,287.79635312272336,297.1344909667969,46462600
2023-04-28,7.769999980926514,8.0,7.619999885559082,7.75,24924400.0,87.0199966430664,89.75,86.44000244140625,89.37000274658203,50686100,236.92935745451584,238.33699421233845,233.69774195072233,238.22796630859375,39554000,106.09920197465762,106.40647489412298,104.16633643126642,106.39656066894531,36139800,160.89999389648438,165.0,157.32000732421875,164.30999755859375,122515800,165.7880799666726,167.12627144742981,165.18786139778672,166.958984375,55275900,27.1692571711631,27.70116489389645,27.015571252856407,27.692184448242188,292216000,296.335220680939,301.1309977099639,295.65288041191343,299.503173828125,36469600
2023-05-01,7.75,7.820000171661377,7.659999847412109,7.78000020980835,19134200.0,91.02999877929688,91.04000091552734,88.61000061035156,89.69000244140625,59358700,236.54277763553986,241.87594888989452,234.4015922066699,241.06307983398438,29143900,105.9009607398077,107.04085469916035,105.88113985076905,106.25779724121094,26681700,163.1699981689453,163.27999877929688,158.8300018310547,161.8300018310547,109015000,166.56538074727197,167.71661652166532,165.93564455408003,166.8704071044922,52472900,27.782996461743867,28.99850296142685,27.723119847489293,28.850805282592773,570329000,299.2204464922504,300.80930138647517,297.44638582832135,297.8460388183594,21294100
2023-05-02,7.71999979019165,7.909999847412109,7.429999828338623,7.590000152587891,38008000.0,89.31999969482422,90.45999908447266,88.12000274658203,89.91000366210938,70483500,241.0630835614137,242.78794211157887,236.9095706872228,237.1573944091797,24350100,106.1983053970473,106.25777561439764,102.79845266234385,104.39430236816406,30997200,161.8800048828125,165.49000549316406,158.92999267578125,160.30999755859375,128259700,167.3623966257795,167.6182368189597,164.85328597063295,165.83724975585938,48425700,28.621275795478528,28.776956510510566,28.025498077141993,28.152236938476562,402730000,299.9905085390908,301.3746435203023,296.237697087883,297.6998291015625,26404400
2023-05-03,7.619999885559082,7.679999828338623,7.449999809265137,7.559999942779541,24322400.0,83.54000091552734,85.4800033569336,81.0199966430664,81.62000274658203,109482200,237.38539100541473,239.6455421682171,230.72388806474677,234.9666290283203,34463900,104.60246094849104,106.545232957059,104.03747116825616,104.4835205078125,21795400,160.00999450683594,165.0,159.91000366210938,160.61000061035156,119728000,166.78186884038578,168.17909567440717,164.47939708632646,164.76473999023438,65136000,27.782993707204334,28.30891502450401,27.415747210218576,27.745071411132812,383387000,298.87925796823623,300.8190101503688,296.41312996008793,296.7153015136719,22360800
2023-05-04,7.46999979019165,7.519999980926514,7.28000020980835,7.380000114440918,29989300.0,81.56999969482422,91.63999938964844,81.11000061035156,86.61000061035156,122840500,234.00506493525833,236.12643535513135,230.9023071473006,231.4871826171875,17889400,104.5628157154331,104.67184949855658,103.05617876315749,103.76985168457031,23419500,162.7100067138672,162.9499969482422,159.64999389648438,161.1999969482422,95108500,162.24580144031648,164.36131774887434,161.67510059572527,163.13136291503906,81235400,27.594384121705687,27.80195842799496,27.184226337640972,27.50556755065918,321850000,298.5088623937183,299.9905085390908,295.74056268414336,297.6998291015625,22519900
2023-05-05,7.440000057220459,7.550000190734863,7.320000171661377,7.409999847412109,45848800.0,84.98999786376953,90.43000030517578,84.72000122070312,89.83999633789062,78491100,230.2183085405626,232.6370551335535,227.84911458653457,230.75360107421875,27000500,103.89871986133068,104.949400930923,103.19496107298689,104.64212799072266,26639300,163.97000122070312,170.7899932861328,163.50999450683594,170.05999755859375,107607300,168.23812815446027,171.504895212846,168.02165491497223,170.78660583496094,113453200,27.769021662211923,28.696118323225086,27.674216876393494,28.621273040771484,361494000,298.00199235653776,304.0942089102195,296.58858621722317,302.8075256347656,28197100
2023-05-08,7.639999866485596,7.855000019073486,7.590000152587891,7.739999771118164,105304000.0,89.98999786376953,95.66000366210938,89.16999816894531,95.04000091552734,95503200,229.40547815382422,233.56891396654385,228.2654949985898,231.2393798828125,16400500,104.25554463966958,107.0111092526405,104.2357237525446,106.8227767944336,26511400,173.72000122070312,173.8000030517578,169.19000244140625,171.7899932861328,112249400,169.71404999386525,171.06209043449635,169.34998823962542,170.7176971435547,55962800,28.46359684267218,29.160167550884644,28.291950055367597,29.09130859375,344979000,302.30067989163814,302.36891985995953,298.3626625741606,300.8580322265625,21318600
2023-05-09,9.220000267028809,9.6899995803833,8.654999732971191,9.550000190734863,223573300.0,94.88999938964844,96.16000366210938,93.43000030517578,95.05999755859375,68674800,229.44513909049456,233.82666101755078,229.0684421637561,231.3385009765625,16865600,107.43732362452766,109.18185651644418,106.24787384869296,106.40646362304688,36360100,168.9499969482422,169.82000732421875,166.55999755859375,169.14999389648438,88965000,170.27492954930042,170.75706217667226,168.84818511789587,169.0154571533203,45326900,28.83982442392339,28.91367230214077,28.391744423620203,28.512495040893555,314869000,300.22444953048654,302.2129574604757,298.5771116971217,299.24969482421875,21340800
2023-05-10,9.729999542236328,10.300000190734863,9.460000038146973,9.9399995803833,149375000.0,96.41999816894531,99.94000244140625,96.12000274658203,97.0199966430664,95619500,234.1141231112111,234.68907598893915,228.71156873771375,231.051025390625,19119000,107.02101664654327,111.94733485864512,106.98136731248631,110.76779174804688,63153400,172.5500030517578,174.42999267578125,166.67999267578125,168.5399932861328,119840700,170.24543004162442,171.23922812803062,169.14338031673282,170.77676391601562,53724500,28.94560847700235,29.053389041510602,28.402723651406696,28.825855255126953,369350000,300.82881170640417,305.0982423493034,299.90281252520236,304.4256591796875,30078000
2023-05-11,10.140000343322754,10.159000396728516,9.710000038146973,9.880000114440918,73754100.0,98.16000366210938,99.19000244140625,96.13999938964844,97.0999984741211,57061000,231.0212883085138,236.13637381843506,230.27781710507037,233.7374267578125,20449000,114.38571831983981,116.88356600068316,113.40442182690181,115.5454330444336,78900000,168.6999969482422,173.57000732421875,166.7899932861328,172.0800018310547,103889900,171.0621017201797,171.7902252766967,169.4090348343318,170.9636993408203,49514700,28.83683515837139,28.89072544575844,28.18816641833993,28.519485473632812,322149000,302.27140061196803,303.26563957263573,298.52834660179957,302.2811279296875,31680200
2023-05-12,9.859999656677246,10.010000228881836,9.470000267028809,9.5,62123900.0,96.83000183105469,97.44999694824219,93.68000030517578,95.26000213623047,53829700,234.67914467629853,234.8972307500688,229.43518652876685,231.77464294433594,16161400,115.65446614587465,116.99259909422787,115.08947634268829,116.4771728515625,41102300,176.07000732421875,177.3800048828125,167.22999572753906,167.97999572753906,157849600,171.0720697527437,171.50561502670146,168.4905238476374,170.03749084472656,45533100,28.470585077894096,28.721072500751447,27.988574237391727,28.281972885131836,274222000,302.7099903393147,302.8074717362525,298.85972801100974,301.1698913574219,19774700
2023-05-15,9.210000038146973,9.600000381469727,9.020000457763672,9.520000457763672,53555500.0,95.19999694824219,97.43000030517578,93.44999694824219,97.4000015258789,51749200,234.85757102043314,238.16849214653735,233.28141585947415,236.7806854248047,20653200,115.08947611768251,117.43864822230549,114.9903565591719,115.4859619140625,36266800,167.66000366210938,169.75999450683594,164.5500030517578,166.35000610351562,105592500,170.61883064941935,170.66809989196608,168.95362948142878,169.54483032226562,37266700,28.449628270125718,28.90968479771039,28.09435819789657,28.89371681213379,293926000,301.2966551101867,302.07644689728147,299.82476613385916,301.6475524902344,16336500
2023-05-16,9.399999618530273,9.630000114440918,9.350000381469727,9.470000267028809,42311900.0,97.38999938964844,103.27999877929688,97.30999755859375,101.4800033569336,90622900,233.73740578256724,237.55389700147478,233.46976706403657,236.7410430908203,18163800,115.46613413085095,119.68869389632489,115.40666390786913,118.4595947265625,45035600,165.64999389648438,169.52000427246094,164.35000610351562,166.52000427246094,98288800,169.46600254116325,170.5991199454283,169.27878844040285,169.54483032226562,42110300,28.78194306415263,29.808837256233236,28.772962619924,29.153181076049805,449405000,302.0082405576207,305.790293615096,302.0082405576207,303.8700256347656,26730300
2023-05-17,9.539999961853027,10.28499984741211,9.460000038146973,10.25,63834500.0,101.79000091552734,104.13999938964844,100.05000305175781,103.75,75240900,236.37423475744197,241.71731295990375,236.06693579905627,240.3790740966797,21193100,118.55871573573606,120.60060741468727,117.8450428018749,119.77790069580078,33323600,168.41000366210938,174.5,167.19000244140625,173.86000061035156,125473600,169.19014751327734,170.3922300756776,167.91906995533154,170.15576171875,57951600,29.523423532319487,30.137164031905737,29.369739532230806,30.116207122802734,432535000,305.0715691203483,307.1620885056331,303.55737876771076,306.7420349121094,24315000
2023-05-18,10.460000038146973,11.8100004196167,10.390000343322754,11.739999771118164,171402300.0,103.9800033569336,108.0999984741211,103.93000030517578,107.93000030517578,74338700,239.1994518791044,244.9390424423486,239.09040883985995,244.70114135742188,22943300,119.88693103307176,122.22618888797108,119.7679905890739,121.75041198730469,35234200,174.22000122070312,177.05999755859375,172.4499969482422,176.88999938964844,109520300,170.46119076780954,172.6683237371227,170.04735615510018,172.48110961914062,65496700,30.347732971846412,31.76282877397273,30.257917101676483,31.613136291503906,748725000,307.2598287418547,311.665592368816,306.4685537852504,311.1575927734375,27276000
2023-05-19,11.970000267028809,12.40999984741211,11.520000457763672,11.710000038146973,150269300.0,106.36000061035156,107.29000091552734,104.62000274658203,105.81999969482422,67880200,245.31571920275695,246.5251000384491,241.2910648360258,243.50164794921875,21733600,122.46408765080419,124.8628157815704,121.07639112841179,121.6810302734375,41353400,177.1699981689453,181.9499969482422,176.30999755859375,180.13999938964844,136196700,173.80145343851697,173.80145343851697,172.37273538217633,172.58950805664062,55809500,31.471422160629178,31.515332684942223,30.85269281769496,31.199979782104492,473908000,309.4187276052405,311.38227715164794,309.05728471229986,310.98175048828125,27546700
2023-05-22,11.619999885559082,12.104999542236328,11.390000343322754,11.84000015258789,76377100.0,104.68000030517578,108.79000091552734,103.48999786376953,108.0,65424200,243.2736990167083,251.36266949569668,242.9862150086532,246.1583709716797,27738500,121.85944209965614,125.31876521794419,121.66119542840033,123.95089721679688,35253000,180.6999969482422,189.32000732421875,180.11000061035156,188.8699951171875,132001400,171.42679729660153,172.1460951955022,170.9045763773169,171.64356994628906,43570900,30.837727010931786,31.455460948812917,30.617180758045432,31.112165451049805,372000000,311.23578210832846,315.13354641281757,310.6594231373723,313.7561340332031,24115700
2023-05-23,11.949999809265137,13.420000076293945,11.869999885559082,12.640000343322754,148701800.0,107.25,110.98999786376953,107.19000244140625,108.12000274658203,73099100,244.66148482629066,249.41970323490676,244.50287401661294,244.59210205078125,17748100,123.06872361968306,123.53458629434267,121.13585822548262,121.48278045654297,34046300,186.1999969482422,192.9600067138672,185.25999450683594,185.77000427246094,156952100,170.58927970470205,170.83561089353927,168.76642289336164,169.0423126220703,50747300,30.936523538862662,31.22393392865523,30.568279631249496,30.62516212463379,356253000,312.63266399021563,315.26048835857114,307.9631525133489,307.9729309082031,30797200
2023-05-24,12.050000190734863,12.430000305175781,11.819999694824219,12.229999542236328,90496900.0,105.9800033569336,108.91000366210938,105.63999938964844,108.2699966430664,65910500,243.14480689478242,247.41728540634753,242.81767776935007,247.0406036376953,17724300,120.05543938411122,120.83849672292195,118.80651181921867,119.83737182617188,34182600,182.22999572753906,184.22000122070312,178.22000122070312,182.89999389648438,137605100,168.57921320123526,169.8896969643689,168.01758589409968,169.31820678710938,45143500,30.14814207840876,30.544330458079507,29.744969965607368,30.47547149658203,721419000,307.45515342600294,309.1842298558464,305.38413133071174,306.5954895019531,23384900
2023-05-25,13.180000305175781,13.220000267028809,12.34000015258789,12.84000015258789,106557800.0,117.30999755859375,120.69000244140625,115.80000305175781,120.3499984741211,108514700,251.19410627565514,253.3947820293933,247.00093333989307,250.49029541015625,22371400,123.4255515574692,124.21852313290142,120.88805461582595,122.39469909667969,42317000,186.5399932861328,186.77999877929688,180.5800018310547,184.47000122070312,96870700,169.87986475065702,171.34798918728478,169.17042964019168,170.45135498046875,56058300,38.44412443571779,39.399165745558044,36.55998955658973,37.90223693847656,1543911000,315.76855064415656,319.3439561838566,312.6034502502728,318.3866271972656,43301700
2023-05-26,12.84000015258789,14.194999694824219,12.819999694824219,13.649999618530273,127311200.0,122.45999908447266,127.43000030517578,120.88999938964844,127.02999877929688,92922800,250.72814039924128,260.02648875375246,250.5100694992221,259.75885009765625,25727200,122.08742462698592,124.15905899914881,121.37375168657263,123.5147705078125,35635900,184.6199951171875,198.60000610351562,184.52999877929688,193.1699981689453,162061500,170.77652387763237,173.19056694623742,170.5695990272421,172.8555450439453,54835000,37.81241541975771,39.08979325980009,37.47311145513567,38.86625289916992,714397000,316.53043497879963,325.69362591247574,316.3936865085404,325.1954345703125,36630600
2023-05-30,14.4399995803833,15.005000114440918,14.239999771118164,14.710000038146973,159089300.0,130.4199981689453,130.7899932861328,123.51000213623047,125.2699966430664,98902300,262.94098733413506,266.31138413742116,259.015467775104,260.2347412109375,23816500,124.53571707323403,124.5555455229917,120.92771057579567,122.5830307006836,35076700,200.10000610351562,204.47999572753906,197.52999877929688,201.16000366210938,128818700,174.36308277683443,176.36329091292328,173.978806707213,174.69808959960938,55964400,40.51187589734803,41.852124379037896,39.86719878603495,40.028865814208984,923401000,327.4813284245179,327.9795197443462,322.8801763737934,323.5542297363281,29503100
2023-05-31,14.1899995803833,14.789999961853027,13.819999694824219,14.710000038146973,130392200.0,122.41999816894531,123.95999908447266,117.86000061035156,118.20999908447266,87552200,257.7366752187053,262.6931497421419,256.2001802172078,262.41558837890625,25473700,121.6711063217918,122.96958984303781,121.42330366125861,121.79005432128906,37325800,199.77999877929688,203.9499969482422,195.1199951171875,203.92999267578125,150711700,174.72763149140792,176.7179916024166,174.16598919362923,174.6488037109375,99625300,39.40714336242504,40.21249015793831,37.74455429743757,37.75653076171875,1002580000,324.6093167826368,328.1749431768424,319.76394285514135,320.7994689941406,45950600
2023-06-01,14.460000038146973,15.220000267028809,14.199999809265137,14.539999961853027,126015100.0,117.29000091552734,121.27999877929688,116.5999984741211,119.47000122070312,66032900,263.5852973969688,271.6147918186333,263.5754050196668,270.23687744140625,25609500,121.74050008884288,123.32643572526102,121.54226097016722,122.6325912475586,30772700,202.58999633789062,209.8000030517578,199.3699951171875,207.52000427246094,148029900,175.0922328882,177.47671735788407,174.33352850038895,177.44715881347656,68901800,38.41019641111065,39.968001257141275,38.26150320820574,39.688575744628906,635873000,318.3963550941928,325.8206925176594,317.2143317221516,324.89263916015625,26773900
2023-06-02,14.649999618530273,15.029999732971191,14.15999984741211,14.520000457763672,79487600.0,120.75,121.66000366210938,117.68000030517578,117.86000061035156,52382400,270.2864603355899,272.9530459308971,268.7598577796487,270.23687744140625,19416900,122.90021044199662,125.04122914675051,122.67223621986325,123.57423400878906,26980100,210.14999389648438,217.25,209.75,213.97000122070312,164398400,178.37333767160567,179.11233123154489,176.62930866038764,178.2945098876953,61996900,40.014895164925456,40.4170698367897,38.97802122010776,39.2464714050293,482731000,326.52404833423975,329.6989268894717,324.86333070355175,327.6474609375,25873800
2023-06-05,14.364999771118164,15.699999809265137,14.364999771118164,15.239999771118164,109017800.0,116.58999633789062,119.31999969482422,116.41999816894531,117.93000030517578,52602900,267.9469888352594,273.1711321141078,267.2134403187121,269.02752685546875,20742900,122.92004436641427,126.30998323761919,122.75153279545627,124.9024658203125,32305500,217.8000030517578,221.2899932861328,214.52000427246094,217.61000061035156,151143100,179.949884959394,182.2358308287415,175.4272324012079,176.94464111328125,121946500,38.829332843104154,39.483987893521245,38.62774678025024,39.090797424316406,396094000,327.4715679849584,330.73436207197636,326.92451447409195,328.1749267578125,21307100
2023-06-06,15.300000190734863,15.579999923706055,14.920000076293945,15.460000038146973,74284300.0,117.91000366210938,124.41999816894531,117.73999786376953,124.2300033569336,75257500,267.7884075776989,274.1624262569552,267.3423127906372,268.7598571777344,19419000,124.9024554793261,127.16240697735131,124.25816704768387,126.19102478027344,26638300,216.13999938964844,221.91000366210938,212.52999877929688,221.30999755859375,146911600,177.328904296753,177.4766970018392,174.82617090162998,176.58006286621094,64848400,38.750494112150655,39.0798164296081,38.069887549884086,38.574851989746094,388729000,327.5790489490728,327.61813272213266,324.49211655757586,325.9671936035156,20396200
2023-06-07,16.010000228881836,17.15999984741211,14.520000457763672,14.6899995803833,227244100.0,124.02999877929688,125.33999633789062,117.06999969482422,117.83000183105469,81755200,269.30508506477685,271.8626124655505,260.5122743384185,261.3053283691406,26163600,125.85402231319067,127.90582057329998,121.04665198703012,121.42330932617188,52539000,228.0,230.8300018310547,223.1999969482422,224.57000732421875,185710800,175.8213457350109,178.55069942371495,174.71778685793004,175.21044921875,61944600,38.839340474852015,39.42220466810125,37.283369639735355,37.402137756347656,511998000,323.98416929856313,326.75852139045446,315.04567019952594,315.90533447265625,40717100
2023-06-08,14.4399995803833,15.59000015258789,14.390000343322754,15.1899995803833,115591600.0,118.30000305175781,122.20999908447266,117.05000305175781,121.05000305175781,65246900,258.35130511451564,265.3201079447365,256.6264614480304,262.2768249511719,20899400,121.15568781042428,122.14689851551302,120.17438376750341,121.06647491455078,29389200,224.22000122070312,235.22999572753906,223.00999450683594,234.86000061035156,164489700,175.2892595209165,178.1861165677113,174.85572927872582,177.9200897216797,50214900,37.650648624822814,38.788431404042456,37.43207648828261,38.43511962890625,417772000,316.4522947423508,319.08989754628954,315.8759358684607,317.7417907714844,23277700
2023-06-09,15.359999656677246,15.979999542236328,14.819999694824219,15.020000457763672,94126300.0,123.56999969482422,127.25,123.55000305175781,124.91999816894531,75105000,260.19511592437004,265.61750064760685,259.4219070539598,262.64361572265625,16949800,121.17550631108766,122.67223656375475,120.83849830791537,121.15568542480469,23778300,249.07000732421875,252.4199981689453,242.02000427246094,244.39999389648438,200242400,178.83648170922714,179.555764726174,177.97925379814166,178.30441284179688,48900000,38.961101220453585,39.633790585447805,38.49201760502022,38.69462203979492,427717000,317.47800789711727,322.3624353785323,316.9114274266321,319.2364196777344,22529000
2023-06-12,15.4399995803833,16.030000686645508,15.329999923706055,15.649999618530273,89900400.0,128.52000427246094,130.47999572753906,126.4000015258789,129.19000244140625,85394700,264.84423147196054,269.38434811275147,263.0202225116279,268.6904296875,15442500,121.7107637315462,122.95969134096524,120.59069835405128,122.55329132080078,28306400,247.94000244140625,250.97000122070312,244.58999633789062,249.8300018310547,150337900,178.60984190485868,181.19138823156914,178.31424143935143,181.0928497314453,54274900,39.12378588583667,39.453142301230535,38.542916712430916,39.405235290527344,388701000,320.98503906691633,324.42369526305714,317.64410719983425,324.1794738769531,24260300
2023-06-13,16.18000030517578,16.270000457763672,15.163000106811523,16.0,112765900.0,132.32000732421875,132.8300018310547,122.44999694824219,124.52999877929688,132461900,272.48716809809827,273.3198522484866,266.74756171115075,268.9581604003906,16164000,123.8815090432205,124.05992726081115,122.09732686731414,122.74161529541016,22278300,253.50999450683594,259.67999267578125,251.33999633789062,258.7099914550781,162384300,180.11740849837264,181.4475881941565,179.76269090585708,180.6199188232422,54929100,40.10786106340082,41.021082803319786,39.66272914194445,40.94223403930664,613208000,326.7389426125968,329.1909351194717,322.7532623015664,326.5631103515625,22951300
2023-06-14,15.930000305175781,16.190000534057617,15.4399995803833,15.90999984741211,70871900.0,126.52999877929688,127.7300033569336,123.80999755859375,127.33000183105469,95888100,269.5231769435399,272.59616684149415,265.9842469943128,270.970458984375,19175100,122.01804087999511,122.95969562270113,120.38254164252703,122.5830307006836,30592300,260.1700134277344,261.57000732421875,250.5,256.7900085449219,170575500,180.67901332162722,181.684048880549,179.34883379218707,181.25050354003906,57462900,40.744623565348384,42.91639126476324,40.47314927155152,42.91339874267578,740465000,326.61194558065387,331.2033200737011,325.1173117243528,329.5426025390625,26003800
2023-06-15,15.65999984741211,16.790000915527344,15.489999771118164,16.600000381469727,91200900.0,125.38999938964844,125.69999694824219,122.26000213623047,124.23999786376953,85587100,269.92954912849154,281.517787210672,269.05723515750105,279.3765869140625,25973500,122.05768927234496,124.35729787447553,121.32419544608322,123.99054718017578,35246300,248.39999389648438,258.95001220703125,247.2899932861328,255.89999389648438,160171200,181.26038457492544,183.7828140435399,181.08301826564116,183.28028869628906,65433200,42.51917264005908,43.20483722073351,42.06505544214176,42.570072174072266,568622000,329.679373413851,341.7536655006573,329.40584662971514,340.05389404296875,38899100
2023-06-16,16.8700008392334,16.90999984741211,16.010000228881836,16.299999237060547,90696200.0,125.81999969482422,125.8499984741211,119.9000015258789,120.08000183105469,82007100,282.2712193553558,285.3442395585109,277.6914418131458,278.5538635253906,43127700,124.82315911828891,125.001577340157,122.1964493483621,122.44425201416016,45535600,258.9200134277344,263.6000061035156,257.2099914550781,260.5400085449219,167915600,183.98968846409701,184.245882524342,181.56579797087073,182.2062530517578,101256200,43.3655191410193,43.63599213320871,42.5780517641451,42.60899353027344,655709000,343.1994581968657,343.3459850753044,334.04604484014123,334.417236328125,46552000
2023-06-20,15.989999771118164,16.889999389648438,15.579999923706055,15.789999961853027,81335000.0,119.08999633789062,121.75,117.69999694824219,118.93000030517578,58851800,276.30360138540755,282.32073763157575,273.8154418388248,281.8548278808594,20701600,121.84953188431368,123.47511683040602,121.06647452234982,122.01803588867188,26097500,261.5,274.75,261.1199951171875,274.45001220703125,165611200,181.70376647980103,183.3689679486228,181.70376647980103,182.29495239257812,49799100,42.914401391724816,43.90447325497645,42.591030025374586,43.72282409667969,451153000,331.4670303403785,334.17299255500126,328.09676330100183,330.23614501953125,26375400
2023-06-21,15.65999984741211,15.755000114440918,14.369999885559082,14.640000343322754,97885000.0,118.48999786376953,119.19000244140625,111.66999816894531,112.11000061035156,82835600,281.0618556973367,281.52776553347246,275.93684749984334,279.1883239746094,20556200,121.32420169815525,121.58191861992594,119.0444138658092,119.49046325683594,30306300,275.1300048828125,276.989990234375,257.7799987792969,259.4599914550781,211797100,182.18653808363035,182.68906332243637,179.91044034391143,181.26034545898438,49515700,43.416422222584046,43.53020280046162,41.998187390967416,42.961307525634766,551603000,328.59502188215436,329.92360187076076,324.39442550484875,325.8499755859375,25117800
2023-06-22,14.300000190734863,14.4399995803833,13.859999656677246,14.050000190734863,103461000.0,112.23999786376953,114.0,109.8499984741211,110.69999694824219,70754800,276.6505271956497,282.7767517792298,275.37177874177934,282.4000549316406,17563100,118.94528128923695,122.1568017665919,117.78556661162784,122.06759643554688,26952200,250.77000427246094,265.0,248.25,264.6099853515625,166875900,181.0435838743865,184.3050065515812,180.97460392176268,184.2557373046875,51245300,42.17085058953678,43.34157039232683,42.151890331263004,42.94135284423828,417737000,326.3969713207667,332.2582841920234,325.6350018399905,331.8577575683594,23556800
2023-06-23,13.640000343322754,14.140000343322754,13.5600004196167,14.029999732971191,74851000.0,109.30999755859375,111.0999984741211,107.45999908447266,110.01000213623047,73622000,279.05946272124834,287.1484334816398,276.52174996331246,286.21661376953125,51092000,120.31315570854476,121.71076646804086,119.99596857737609,121.26471710205078,34913600,259.2900085449219,262.45001220703125,252.8000030517578,256.6000061035156,177460800,182.8270532004463,184.8075509993679,182.29496929127177,183.94046020507812,53117000,42.38144316710673,42.72576983708017,41.93331479288893,42.12693786621094,358140000,326.6314665032556,330.14826075055646,325.7425268104143,327.2762145996094,23146900
2023-06-26,13.869999885559082,14.420000076293945,13.829999923706055,13.9399995803833,50679900.0,110.94999694824219,112.55000305175781,107.19999694824219,107.51000213623047,68557000,286.18682475251495,287.2673324689784,275.18344627250076,276.0458679199219,24232700,119.69861683495303,120.92771609419343,117.23049652880282,117.29988098144531,33969900,250.07000732421875,258.3699951171875,240.6999969482422,241.0500030517578,179990600,184.08822111663613,185.2903184900679,182.51169553463515,182.55111694335938,48088700,42.378435975213705,42.68084821314237,40.02202672023089,40.55299377441406,594322000,326.00622657027685,328.3409673865728,320.89710473059927,321.00457763671875,21520600
2023-06-27,14.220000267028809,14.760000228881836,13.960000038146973,14.609999656677246,55410500.0,108.56999969482422,110.97000122070312,107.08000183105469,110.38999938964844,59381600,279.55504367467665,286.83114354969996,278.20686707622247,284.5511474609375,26108300,116.0509569547925,118.03337846384325,115.07956708792895,117.28997039794922,39535900,243.24000549316406,250.38999938964844,240.85000610351562,250.2100067138672,164968200,183.1620330683905,185.6253451571229,182.94526040179295,185.30018615722656,50730800,40.71968036738126,41.85846093359961,40.369364835566834,41.794586181640625,462175000,324.1892275549751,328.3800749537934,321.6884029069419,326.83660888671875,24354100
2023-06-28,14.529999732971191,15.430000305175781,14.46500015258789,15.279999732971191,66001000.0,108.20999908447266,111.77999877929688,107.62999725341797,110.16999816894531,67534100,282.340639228578,287.02944505240964,281.5872453744649,282.8065490722656,16722100,116.0608579876023,119.33185634380241,115.82296953551025,119.12370300292969,27091400,249.6999969482422,259.8800048828125,248.88999938964844,256.239990234375,159770800,185.1721116449177,187.11320300977505,184.84696764032918,186.47274780273438,51216800,40.58094756482351,41.763645026068765,40.439225350764865,41.03705978393555,582639000,326.9244790599475,330.1677458174573,326.0941204884159,328.08697509765625,20259500
2023-06-29,15.399999618530273,15.569999694824219,15.0600004196167,15.199999809265137,46300900.0,112.06999969482422,112.76000213623047,109.83999633789062,111.23999786376953,58347200,282.0234012362909,284.0753889556589,278.2465700581659,279.0792541503906,15395700,118.19196103083988,119.00475349739705,117.26022812090297,118.05319213867188,24090900,258.0299987792969,260.739990234375,253.61000061035156,257.5,131283400,186.30524420235466,187.28072131986815,186.1672993101183,186.80775451660156,46347300,41.47719909021722,41.51911724853508,40.52106150883683,40.74263000488281,380514000,326.97334345829574,328.3409772213773,324.93165630266327,327.30548095703125,16997000
2023-06-30,15.479999542236328,15.800000190734863,15.229999542236328,15.329999923706055,42195300.0,113.02999877929688,114.69000244140625,112.41000366210938,113.91000366210938,53378800,282.2811357109331,286.53376890451335,281.9440990867374,284.4818115234375,19694900,119.11379660317279,120.0158020352129,118.63801966773421,118.6479263305664,29532200,260.6000061035156,264.45001220703125,259.8900146484375,261.7699890136719,112620800,188.8178174385461,191.6259844129726,188.4532369978983,191.12347412109375,85213200,41.5989647398468,42.467272192490576,41.420311904436474,42.21975326538086,501148000,329.94309061938924,334.80799133337183,329.40581549810116,332.6686096191406,26832800
2023-07-03,15.489999771118164,15.59000015258789,15.1899995803833,15.520000457763672,26037400.0,115.16000366210938,116.7300033569336,114.51000213623047,115.81999969482422,31860000,284.2042548786633,286.88073290993367,282.3703532958794,283.5301513671875,8629300,118.19196580370979,119.13362053840451,117.77565911039436,118.8461685180664,14467900,276.489990234375,284.25,275.1099853515625,279.82000732421875,119685900,190.93627177904648,191.03481029014517,188.94591112680644,189.63565063476562,31458200,42.434329951938,42.814589668673115,42.11994379587202,42.33053207397461,198209000,331.34979527734635,333.02026113567905,328.79036003615676,330.1775207519531,12508700
2023-07-05,15.425000190734863,15.770000457763672,15.229999542236328,15.699999809265137,39179900.0,116.0999984741211,117.66000366210938,113.86000061035156,113.94999694824219,49501600,285.14596189605084,295.52482034373986,283.8671830495328,291.8074645996094,33865500,118.1919601816183,121.53234291871821,118.18205351963279,120.67990112304688,27584800,278.82000732421875,283.8500061035156,277.6000061035156,282.4800109863281,131530900,188.75868490984942,190.1479814937267,187.82261429340878,188.52220153808594,46920300,42.053076792694064,43.09305068763653,42.00317476731274,42.23472595214844,323618000,327.3445644884712,333.752931098431,326.99290001201024,330.3338317871094,18172400
2023-07-06,15.319999694824219,15.383000373840332,14.619999885559082,15.130000114440918,56534000.0,112.06999969482422,113.79000091552734,110.30999755859375,113.4800033569336,42342000,293.31422444494905,295.52479242405417,288.7740774506401,289.4481506347656,47600500,118.74705599266238,119.24266138902185,117.35935937038825,119.05432891845703,24745200,278.0899963378906,279.9700012207031,272.8800048828125,276.5400085449219,120332100,187.0540415419299,189.20205725316632,186.42343432149448,188.99513244628906,45094300,41.76263816259273,42.096985857789875,41.26560540265061,42.02113342285156,303582000,329.5034771232006,335.0619581701481,327.7450950952517,333.3817138671875,28161200
2023-07-07,15.229999542236328,15.899999618530273,15.1899995803833,15.34000015258789,48273300.0,114.16000366210938,115.33000183105469,113.04000091552734,113.16999816894531,37211300,289.63651542467915,293.62153999226626,286.1471685227358,288.0008850097656,25586000,119.04441646621153,119.98607127072314,118.35057192590894,118.42987060546875,21709500,278.42999267578125,280.7799987792969,273.7699890136719,274.42999267578125,113879200,188.601042385603,189.84254634486774,187.4482140588147,187.88174438476562,46815000,42.23971652222752,43.129984404943556,42.097994303095824,42.42036437988281,355881000,331.4768196689225,333.8897282258727,329.2104379854344,329.42535400390625,21214800
2023-07-10,15.369999885559082,16.329999923706055,14.944999694824219,16.299999237060547,62823600.0,113.0,113.61000061035156,109.87999725341797,113.58000183105469,49330200,292.9771541725064,295.5347115939885,284.55114871379277,291.539794921875,37058300,117.2602367523764,117.27014341516231,115.11921786589225,115.4264907836914,35315200,276.4700012207031,277.5199890136719,265.1000061035156,269.6099853515625,119425400,186.48257243692333,187.20187038994513,184.29515010539157,185.8421173095703,59922200,42.574069582991044,42.72776951271603,41.568026064774784,42.09799575805664,353908000,326.8659348779879,327.48137758941004,320.0179571321777,324.1599426269531,32791400
2023-07-11,16.469999313354492,16.93000030517578,16.149999618530273,16.489999771118164,63236600.0,111.66000366210938,113.2699966430664,109.5,111.31999969482422,59899500,291.3415603139649,297.56689097448395,289.35897054625923,295.693359375,27585900,115.26789264862505,116.67541002080333,114.33615217521867,116.11042022705078,23078800,268.6499938964844,270.8999938964844,266.3699951171875,269.7900085449219,91972400,186.38402246734722,186.52196732292174,183.86159365977753,185.3198699951172,46638100,42.398400353937646,42.67486219078261,41.98520766702778,42.322547912597656,298244000,323.40768320181985,325.16606502447587,319.4415308007057,324.78509521484375,26698200
2023-07-12,16.780000686645508,16.940000534057617,16.40999984741211,16.59000015258789,50079400.0,112.88999938964844,115.4000015258789,112.30999755859375,114.58000183105469,57993100,299.12320145419704,306.7561834015163,297.48757110889034,306.6471252441406,36677100,117.75584228302935,119.27239354834892,117.36927068843174,117.88469696044922,30404400,276.3299865722656,276.5199890136719,271.4599914550781,271.989990234375,95672100,186.8964167558296,188.88677723101014,185.70418206587038,186.985107421875,60750200,42.949329116868,43.84957572671799,42.69382635632928,43.8166389465332,481277000,328.8196854554752,333.75294560855826,327.91118903960694,329.40582275390625,29995300
2023-07-13,16.700000762939453,17.260000228881836,16.631000518798828,16.739999771118164,58397800.0,115.76000213623047,116.16000366210938,113.58000183105469,115.91999816894531,49206700,310.8899261701611,313.48711417229805,307.58892720415946,310.6817626953125,30281000,119.86710994186647,123.73283317428397,119.3913254796749,123.44538116455078,44297900,274.5899963378906,279.45001220703125,270.6000061035156,277.8999938964844,112681500,187.7043680387378,188.38424453327508,186.99493300399138,187.7437744140625,41342300,44.43144469055369,46.06525908080091,44.405494267990946,45.88760757446289,478204000,331.711242452727,335.79461674267833,331.1837159282275,334.7395935058594,20567200
2023-07-14,16.760000228881836,17.0,16.270000457763672,16.399999618530273,45115000.0,116.16999816894531,122.12000274658203,115.25,115.94000244140625,91927200,309.07580744281717,312.1389046779914,304.68434858283683,306.18121337890625,23054100,123.70308883585449,125.66568163544599,122.40459777670013,124.31763458251953,33283100,277.010009765625,285.29998779296875,276.30999755859375,281.3800048828125,120062400,187.4383302857117,188.37438582770977,186.8471444335954,187.89158630371094,41616200,46.492428621249765,47.99450350820883,44.972390985691305,45.38059616088867,772075000,339.55563567406386,343.3068725083686,336.35145234816736,337.25994873046875,28352700
2023-07-17,16.420000076293945,17.59000015258789,16.31999969482422,17.399999618530273,63505000.0,115.94999694824219,118.83999633789062,112.7300033569336,118.31999969482422,68593300,304.86281044247795,308.9964928062854,302.05742922495097,307.9159851074219,25323100,124.83308323552517,125.98288376353565,123.10837110000271,123.5544204711914,25716200,286.6300048828125,292.2300109863281,283.57000732421875,290.3800048828125,131569600,189.08383285312058,191.46833222271863,188.99515722491665,191.14317321777344,50520200,46.19899623861634,46.40559066754623,45.17399273078662,46.37065887451172,510488000,337.689815809939,338.9695335941496,334.29027291358,337.7386779785156,20363900
2023-07-18,17.8799991607666,18.1299991607666,17.190000534057617,18.079999923706055,87117600.0,117.55000305175781,118.43000030517578,115.19000244140625,117.93000030517578,57980100,308.17378945631805,311.46489606355357,304.9421581279669,309.3335876464844,20731900,123.50484690725973,123.58414557513862,121.87926202742847,122.67223358154297,26193600,290.1499938964844,295.260009765625,286.010009765625,293.3399963378906,112120300,190.51254970289233,191.4781637647375,189.5961898515042,190.886962890625,48288200,46.61019966194242,47.8028759240553,45.645080740043866,47.40165710449219,569164000,337.8363418414127,358.30210756551196,334.2609666964125,351.18060302734375,64738600
2023-07-19,18.020000457763672,18.9950008392334,17.760000228881836,18.049999237060547,89044600.0,121.30000305175781,121.66999816894531,115.55000305175781,116.43000030517578,70363100,310.3050549337283,315.9058653137581,307.81689494508896,313.2591247558594,21763700,123.50483891108253,124.07974287247721,120.72945377604523,120.95742797851562,37224000,296.0400085449219,299.2900085449219,289.5199890136719,291.260009765625,142355400,190.26622781119138,195.32093388898534,189.82281961650222,192.23687744140625,80507300,47.37171457968649,47.725026374946644,46.65111827083296,46.98546600341797,427502000,353.388368189592,354.0819486228708,344.293565577068,346.8725280761719,39732900
2023-07-20,17.540000915527344,18.0,16.979999542236328,17.1299991607666,62711600.0,114.95999908447266,115.05000305175781,109.23999786376953,110.25,76340400,310.7709966483321,312.7932470109365,299.5891897493399,299.8865661621094,23836900,120.35280998310415,122.9993409263446,117.18093854128094,118.1523208618164,37906800,279.55999755859375,280.92999267578125,261.20001220703125,262.8999938964844,175158300,192.22700448393437,193.58675746858663,189.6750169550875,190.2957763671875,59581200,46.416580046967034,46.9954542258262,44.974389752029424,45.43149948120117,537865000,345.3974402048797,349.6957307761419,337.3869665581141,338.852294921875,33778400
2023-07-21,17.469999313354492,17.489999771118164,16.0,16.43000030517578,63375900.0,110.97000122070312,112.30000305175781,109.54000091552734,110.94999694824219,76815400,301.9187041196789,302.80094087646535,288.665095744608,291.6984558105469,42139300,119.55983561059963,119.92657872434836,117.68644801994229,118.96510314941406,72937900,268.0,268.0,255.8000030517578,260.0199890136719,161796100,191.25155042374644,192.10877819186132,188.4236580132484,189.1232452392578,71951700,45.698975360580505,45.77682663388391,44.014257511133955,44.22285079956055,963769000,341.07959326630163,342.20300571747845,331.97501253322577,335.8239440917969,69405400
2023-07-24,16.610000610351562,16.690000534057617,16.1200008392334,16.31999969482422,36133600.0,110.62000274658203,111.30999755859375,108.55000305175781,110.61000061035156,45583600,293.2052158926609,294.93005940617286,285.7903188571034,289.0715026855469,24915700,120.59069236468409,121.91891101739073,119.91666881428958,120.46183013916016,29686100,255.85000610351562,269.8500061035156,254.1199951171875,269.05999755859375,136508500,190.57168949200457,192.04967681854123,189.42870901778204,189.92137145996094,45377800,44.64402138745575,45.021288544388135,43.95436692767747,44.52525329589844,382516000,337.8558806826926,338.901155398555,334.397697414045,337.1329650878906,26678100
2023-07-25,16.350000381469727,16.860000610351562,16.350000381469727,16.549999237060547,36612900.0,111.13999938964844,114.05000305175781,111.0,113.0,44916300,292.6203803553864,295.70329335700313,289.3193509866379,291.9066467285156,19585600,120.29332906056865,122.067597090128,119.95631349602652,121.13585662841797,52509600,272.3800048828125,272.8999938964844,265.0,265.2799987792969,112757300,190.49284214012596,191.58655325087184,190.08885537064708,190.77857971191406,37283200,44.85361925028961,46.09320109466631,44.83565269586211,45.59018325805664,348081000,339.0867373558683,343.7562790203098,337.09391224924093,342.8673095703125,41637700
2023-07-26,16.399999618530273,16.690000534057617,16.1299991607666,16.43000030517578,35804800.0,111.91000366210938,112.36000061035156,109.30000305175781,110.08999633789062,51721700,298.56810446847095,299.1430421825214,289.358966650914,295.9709167480469,47256900,128.92677586226864,129.8287660545172,127.19215723342076,128.13380432128906,61682100,263.25,268.0400085449219,261.75,264.3500061035156,95856200,190.8278846495574,192.7689760383015,190.4830299318555,191.6457061767578,47471900,45.93152233751283,45.96346161310325,44.54322798421179,45.36362838745117,364237000,333.5477989926325,336.70314999869004,325.41032580255074,329.9626159667969,58383700
2023-07-27,16.799999237060547,17.190000534057617,16.0,16.149999618530273,50685200.0,111.79000091552734,115.08000183105469,110.51000213623047,111.0999984741211,70678000,322.28978907131307,322.51779778619095,307.14280439627186,308.99652099609375,64229200,130.51273295519817,132.0689412751873,127.65804082026027,128.26268005371094,44952100,268.30999755859375,269.1300048828125,255.3000030517578,255.7100067138672,103697300,193.14338839624878,194.30606454519102,189.72430983845956,190.3844757080078,47460200,46.42855262404122,47.30284884094631,45.66104681024001,45.81075668334961,455976000,332.6099731824386,333.44030197626535,321.44414968283064,323.0755615234375,39635300
2023-07-28,17.209999084472656,17.969999313354492,16.739999771118164,17.809999465942383,106125600.0,113.37999725341797,114.86000061035156,112.44000244140625,112.95999908447266,55526000,314.12152548725567,323.3604010020382,311.51441512024616,322.64666748046875,39220300,129.6305212614067,132.56451129686621,129.42237550489725,131.41470336914062,36591200,259.8599853515625,267.25,258.2300109863281,266.44000244140625,111446000,191.8131810983056,193.74442436278966,191.29096014596897,192.95616149902344,48291400,46.57726209617673,46.93556524542494,46.29082136263418,46.65910339355469,331194000,325.95745287046435,332.15090440744063,325.4690100380954,330.5487976074219,28484900
2023-07-31,18.81999969482422,19.9950008392334,18.3799991607666,19.84000015258789,142173800.0,114.16000366210938,114.68000030517578,112.3499984741211,114.4000015258789,54187300,320.8722871378495,322.82513953546345,314.82538147123347,315.82659912109375,25799600,131.56341923741195,132.35639098665902,130.62177190222775,131.5535125732422,28055500,267.4800109863281,269.0799865722656,263.7799987792969,267.42999267578125,84582200,193.1828015190956,193.60649905306556,192.39453857567588,193.56707763671875,38824100,46.66309836248381,47.038366761861774,46.41557944946755,46.638145446777344,251055000,329.13228102338303,329.89425053304086,325.6545411607463,328.1553955078125,25446000
2023-08-01,19.459999084472656,20.239999771118164,19.229999542236328,19.989999771118164,99336200.0,114.26000213623047,118.19000244140625,113.16000366210938,117.5999984741211,95279300,314.77580936288706,321.3183621345962,311.92087504418333,319.9007873535156,22817900,129.63053185009693,131.4642776626303,129.53140473197496,130.39376831054688,23166800,266.260009765625,266.4700012207031,260.25,261.07000732421875,83166000,193.3601546102926,193.842954166062,192.41423613585215,192.73939514160156,35175100,46.369666884333206,46.8088138287661,45.93751010661882,46.41657638549805,237858000,327.4422006105919,330.7147724731308,325.9866509889491,328.56561279296875,18311900
2023-08-02,19.260000228881836,19.6200008392334,18.149999618530273,18.969999313354492,98215800.0,119.48999786376953,119.5,107.37999725341797,109.3499984741211,173372000,315.2317326112138,315.61835208722226,307.9457100995338,311.5738525390625,20461100,128.3122279524498,128.9466022244464,126.43884024884467,127.25164031982422,26273300,255.57000732421875,259.5199890136719,250.49000549316406,254.11000061035156,101752900,192.17773571935334,192.3156805851802,189.03456234552243,189.75384521484375,50389300,45.74188936339505,45.750870737209425,43.302641133046315,44.182926177978516,530142000,325.9183364890345,325.9183364890345,318.8163593371292,319.9300231933594,27761300
2023-08-03,18.6299991607666,19.299999237060547,18.610000610351562,18.709999084472656,54345900.0,108.94999694824219,114.95999908447266,108.94999694824219,113.1500015258789,90605400,307.23205269504695,313.1996679680387,307.23205269504695,310.46368408203125,15180200,126.84522989105743,128.25274721907638,126.30006100088384,127.32100677490234,20089500,252.0399932861328,260.489990234375,252.0,259.32000732421875,97569100,188.75870197685728,189.54694988427917,187.89161123685508,188.36456298828125,61235200,43.714830257264936,45.03026820175156,43.714830257264936,44.42844009399414,324176000,318.46468799733185,322.25500868577666,318.415855644904,319.10943603515625,18253700
2023-08-04,18.874000549316406,19.079999923706055,18.079999923706055,18.200000762939453,72386000.0,114.4800033569336,118.8499984741211,113.95999908447266,115.81999969482422,83169700,312.2182436549531,315.63822327487594,307.49970034475876,308.02508544921875,17612800,128.14371584341106,130.35411143081842,126.78576204807231,126.98400115966797,26147200,260.9700012207031,264.7699890136719,253.11000061035156,253.86000061035156,99539900,182.79743931128007,184.63014382216585,179.25026444025556,179.31924438476562,115956800,44.897535492129286,45.55325576078865,44.30668747221976,44.5931282043457,362666000,324.2088199611453,327.3934767757319,319.6760561560359,320.2035827636719,23741500
2023-08-07,18.25,18.389999389648438,17.010000228881836,17.989999771118164,133808400.0,116.36000061035156,119.08000183105469,115.48999786376953,116.80999755859375,65854800,310.5032620828665,314.30983025156394,307.7573562937692,313.80426025390625,16236500,128.02478253467217,130.45324581754625,127.8860136363558,130.3739471435547,22746300,251.4499969482422,253.64999389648438,242.75999450683594,251.4499969482422,111097900,179.45723692919626,180.4425618735659,174.7473848978987,176.22537231445312,97576100,45.02329239286848,45.45145915668349,44.47635751419299,45.328697204589844,322154000,320.77990397221754,323.45656084506595,319.94954529049863,322.47967529296875,17741500
2023-08-08,17.489999771118164,17.489999771118164,16.100000381469727,17.040000915527344,143014200.0,114.94000244140625,115.45999908447266,111.41000366210938,113.2300033569336,54141800,311.66311551194724,315.1227553397813,307.4104518521526,309.91845703125,15183500,129.47192832567612,130.35410518598817,128.4014190247344,130.2450714111328,23535200,247.4499969482422,250.9199981689453,245.00999450683594,249.6999969482422,96642200,177.05302113799038,177.62451134366992,174.97398514494694,177.16140747070312,67823000,44.76578774990283,45.154031311172126,43.970336566145846,44.57715606689453,353843000,319.4025193112215,321.1511529476865,315.53406053871555,318.5135498046875,22327600
2023-08-09,16.760000228881836,16.920000076293945,15.100000381469727,15.25,126230400.0,112.88999938964844,113.1500015258789,108.77999877929688,110.47000122070312,56257100,310.1564081634955,310.89987947036195,300.2137197630778,302.55316162109375,19955800,130.50280718461022,130.87945697389134,127.86618303626592,128.5203857421875,24912900,250.8699951171875,251.10000610351562,241.89999389648438,242.19000244140625,101596300,178.2157216738325,178.27483876617566,174.41236670614128,175.57505798339844,60378500,44.18790919409857,44.22583731482129,42.05207094997095,42.471256256103516,586449000,318.9238148724649,319.5490060989431,313.62908227048086,314.7818298339844,22373300
2023-08-10,15.4399995803833,15.869999885559082,15.25,15.40999984741211,73129100.0,111.30000305175781,113.88999938964844,109.47000122070312,110.2300033569336,57297800,305.2593828156786,309.621074738082,301.22480493038836,303.0785217285156,14358900,130.16578804061726,130.88936757032903,128.31221386564667,128.55010986328125,20857800,245.39999389648438,251.8000030517578,243.0,245.33999633789062,109498600,176.84608080013524,178.0974474344709,174.99368050557445,175.35824584960938,54686900,42.07802282876671,43.48927487176825,41.753654005905524,42.305580139160156,492705000,318.48424072838094,320.6724848006537,313.75611788086866,315.4656677246094,20113700
2023-08-11,15.050000190734863,15.579999923706055,14.90999984741211,15.40999984741211,56616800.0,108.8499984741211,109.06999969482422,106.4800033569336,107.56999969482422,55667700,299.9360570047974,302.06733464728,297.7452738461012,299.01416015625,14046300,127.52918100734196,128.78800779260496,127.04348228626603,128.4212646484375,19591100,241.77000427246094,243.7899932861328,238.02000427246094,242.64999389648438,99038600,174.95373578240464,176.2363757071569,174.1940069392339,175.41744995117188,52036700,41.66981614067662,41.93629907044149,40.5599788718329,40.77555847167969,533085000,312.8573627235517,314.9576606059445,311.83161505156005,313.59002685546875,24355500
2023-08-14,15.199999809265137,15.739999771118164,14.949999809265137,15.720000267028809,47511400.0,106.75,111.98999786376953,105.41999816894531,111.9800033569336,57421800,298.35992905267074,303.5443816563155,295.65368327400716,303.5245666503906,15641900,128.25275374989084,130.21534672977936,127.82654040248093,130.1757049560547,24695600,235.6999969482422,240.66000366210938,233.75,239.75999450683594,98595300,175.59503330985302,177.29208151781367,174.943837241764,177.06515502929688,43675600,40.40728777661957,43.71484392430669,40.23262877049562,43.66793441772461,690286000,313.96121689583384,316.5694842512484,312.68146957881606,316.5499572753906,18836100
2023-08-15,15.609999656677246,15.869999885559082,15.289999961853027,15.369999885559082,44000400.0,111.98999786376953,113.18000030517578,110.16999816894531,111.3499984741211,53816600,303.4749997336149,304.5555074180836,297.4181728716015,299.32147216796875,11623600,129.9477334332242,130.26491300365356,128.14372263533488,128.6393280029297,19770700,238.72999572753906,240.5,232.61000061035156,232.9600067138672,88197600,176.4929258073929,177.08491002448199,174.68734458769583,175.08200073242188,43622600,44.47335805342104,45.17998158741425,43.62500852532823,43.85456085205078,676512000,315.53404351386234,317.5757308061961,313.482577825794,314.4203796386719,16966300
2023-08-16,15.210000038146973,15.725000381469727,15.119999885559082,15.449999809265137,40394600.0,110.08999633789062,110.44000244140625,106.9800033569336,107.19000244140625,54327300,297.5867363272898,298.4590504137435,291.7182573021849,291.7281799316406,18547700,127.5688247680664,129.13493962042415,126.7461255654186,127.5688247680664,25216100,228.02000427246094,233.97000122070312,225.3800048828125,225.60000610351562,112484500,174.76623909868917,176.15741147845668,174.14464150964267,174.21371459960938,46964900,44.43344112151487,44.58813853982079,43.32160482572684,43.401451110839844,527451000,314.0484054267254,317.5922437105838,313.0694515072215,313.6568298339844,20698900
2023-08-17,15.390000343322754,15.437000274658203,14.03499984741211,14.149999618530273,91086700.0,107.62000274658203,107.8499984741211,104.0999984741211,104.44000244140625,59064300,290.4989130347723,293.47279727093206,282.4694497986728,282.60821533203125,23950100,128.65918147678167,130.82993582900713,128.15365422371747,128.7781219482422,33446300,226.05999755859375,226.74000549316406,218.8300018310547,219.22000122070312,120718400,174.77612136953763,175.14117901733323,171.16495931429398,171.6780242919922,66062900,43.88450979004493,43.97632996907339,42.91739206244817,43.259727478027344,452395000,313.79385086017476,315.0958462335388,309.55496429159837,310.21087646484375,21257200
2023-08-18,13.880000114440918,14.600000381469727,13.680000305175781,14.399999618530273,70215200.0,102.4000015258789,106.06999969482422,101.68000030517578,105.44999694824219,59916700,276.60103575190874,283.20306391773346,271.991520167081,280.7843017578125,35347900,127.38049612525968,128.11399757171444,125.26921981615214,126.33972930908203,30504800,214.1199951171875,217.5800018310547,212.36000061035156,215.49000549316406,136276600,170.0007213782545,172.76335939467492,169.6652621694116,172.1614990234375,61172200,42.552106546557646,43.49327393992906,41.57900368302175,43.21481704711914,583768000,307.8711973932979,311.679342341884,304.99307058455463,309.8193359375,24755000
2023-08-21,14.420000076293945,14.779999732971191,14.34000015258789,14.5,43206200.0,106.19999694824219,108.54000091552734,105.66999816894531,108.22000122070312,49319200,280.9825992850922,287.9712174176949,279.3965211250056,287.3764343261719,20181500,126.06218642929755,127.59855859024782,125.44763302751461,127.2417221069336,25248700,221.5500030517578,232.1300048828125,220.5800018310547,231.27999877929688,135702700,172.73378585948967,173.77963828216437,171.42153223598535,173.49349975585938,46311900,44.40749503476182,46.97349568922654,44.13602449197177,46.87568664550781,692573000,311.23880256380994,315.9769357985516,310.3675491383052,315.1056823730469,24040000
2023-08-22,14.760000228881836,15.130000114440918,14.630000114440918,14.670000076293945,52001800.0,109.4000015258789,109.72000122070312,104.8499984741211,105.66000366210938,47295200,290.0032653448662,290.35022455575495,284.2537679286789,285.09637451171875,12980200,127.38050576887177,129.13495327549853,127.19218840488578,127.94550323486328,22054900,240.25,240.82000732421875,229.5500030517578,233.19000244140625,130442800,174.69718434668556,175.30890581271296,173.89799596554266,174.8649139404297,42038900,48.04141493797538,48.09331578963794,45.24486440473432,45.5792121887207,755293000,318.6494592891844,319.21723934340076,314.6944776045053,315.6734313964844,16084600
2023-08-23,14.5,15.470000267028809,14.420000076293945,15.300000190734863,53523300.0,105.6500015258789,110.08000183105469,105.0,109.43000030517578,54656300,285.98859599429807,294.81111508897186,285.1658344882448,291.6786193847656,18287000,129.03580432978123,132.23742584663677,128.72853142638633,131.20655822753906,27819700,229.33999633789062,238.97999572753906,229.2899932861328,236.86000061035156,101077600,176.13773826499084,179.1273031269572,175.95027131734813,178.70303344726562,52722800,45.77681789721082,47.10822366199411,45.12009638799368,47.02438735961914,779046000,317.00488396305076,322.27166113870885,316.652444996216,320.1179504394531,21166400
2023-08-24,15.699999809265137,15.710000038146973,13.875,14.140000343322754,93586200.0,111.05999755859375,111.63999938964844,100.87000274658203,101.80000305175781,109179100,295.90152985922856,296.8531644997961,284.144786778373,284.2538146972656,18360900,132.77267495370916,133.07004119920114,128.43118221835817,128.6393280029297,28500700,238.66000366210938,238.9199981689453,228.17999267578125,230.0399932861328,99777400,178.25898920663042,178.6832587618648,173.66117246380833,174.0262451171875,54945800,50.11836604551162,50.16826807045973,47.06731047667301,47.0713005065918,1156044000,325.84476921608996,325.97203798658785,313.2260407459276,313.23583984375,23281400
2023-08-25,14.140000343322754,14.649999618530273,14.010000228881836,14.529999732971191,55668900.0,101.16999816894531,104.12000274658203,99.58000183105469,102.25,74793100,283.6392607191372,285.8795972382046,273.6271745500085,283.0147399902344,23701400,128.40142596774677,129.61070421801392,126.13156014533209,128.7384490966797,26762900,231.30999755859375,239.0,230.35000610351562,238.58999633789062,106612200,175.01294998434398,176.7593193055493,173.47376987845638,176.22653198242188,51449600,46.92059076298821,47.71204812043245,44.9364534643998,45.928524017333984,925341000,314.70432613416926,318.5124414479657,312.0905059538923,316.18255615234375,21684100
2023-08-28,14.6899995803833,14.880000114440918,14.5,14.640000343322754,35964700.0,103.47000122070312,104.06999969482422,100.88999938964844,102.61000061035156,55386800,285.49294014239996,288.91291975529066,283.3120791933217,287.7332763671875,14239300,130.15587147682967,131.3750563736932,128.99615680059247,129.85850524902344,20543300,242.5800018310547,244.3800048828125,235.35000610351562,238.82000732421875,107673700,177.68677460091166,178.1801023209798,176.1673318473753,177.7854461669922,43820700,46.3916241394205,46.88865698143186,44.800725372190506,46.74393844604492,685192000,318.8060700154935,319.2857477751521,314.94898999316615,316.8873291015625,14808500
2023-08-29,14.600000381469727,15.630000114440918,14.5,15.399999618530273,47213200.0,102.11000061035156,106.56999969482422,101.79000091552734,105.91999816894531,50850300,286.0678766841328,296.54587132156684,285.67136476377044,295.3959655761719,20844500,131.07771469222826,135.36965904379704,131.07771469222826,133.38723754882812,43075600,238.5800018310547,257.4800109863281,237.77000427246094,257.17999267578125,134047600,177.30196426395187,182.4325690983829,177.1046362040057,181.66297912597656,53003900,46.57526966972096,48.9855752028849,46.30080281747559,48.689151763916016,701397000,315.1056925945481,322.056271402599,315.1056925945481,321.4982604980469,19284600
2023-08-30,15.460000038146973,16.350000381469727,15.329999923706055,16.329999923706055,65674100.0,105.4000015258789,107.66999816894531,104.5,106.58999633789062,54847300,294.5831156113279,295.69336104721475,290.87565215344677,292.5311279296875,17717000,133.59537690208668,135.08219295170898,132.89162577508347,134.6857147216797,28315800,254.1999969482422,260.510009765625,250.58999633789062,256.8999938964844,121988400,182.47203136515444,185.34320186637345,182.27470331859433,185.14585876464844,60813900,48.94863943193041,49.82992198159772,48.330843509784565,49.168212890625,735206000,321.7528000842896,322.86879202505213,319.57952117301215,321.8702697753906,15222100
2023-08-31,15.600000381469727,15.850000381469727,14.649999618530273,14.979999542236328,101517200.0,106.19000244140625,108.05999755859375,104.86000061035156,105.72000122070312,58919000,293.22499634625575,298.47887705578745,293.0862308021256,293.3142395019531,17229900,134.8145624474285,136.78707719387538,134.59649488250773,134.97315979003906,30053800,255.97999572753906,261.17999267578125,255.0500030517578,258.0799865722656,108861700,185.33334709899387,186.59626480914432,184.97815055206615,185.36294555664062,60794500,49.283989932424504,49.64728061160453,48.86280955740575,49.259037017822266,528570000,322.27157317335417,323.9455756518063,319.90249205082335,320.86187744140625,26411000
2023-09-01,15.15999984741211,15.364999771118164,14.829999923706055,15.180000305175781,45258900.0,107.0,110.05999755859375,106.61000061035156,109.44999694824219,54856100,296.76394986830445,299.1133139449209,291.90661090057637,293.79998779296875,12842300,136.2518027850217,136.2518027850217,133.66474275984183,134.46762084960938,21543700,257.260009765625,259.0799865722656,242.00999450683594,245.00999450683594,132541600,186.961330634287,187.38558521498553,185.76747101772168,186.93173217773438,45766500,49.6652424618298,49.7031667765697,48.04838969224288,48.414676666259766,463830000,324.33717196139406,325.00285335659055,319.9025125671937,321.7429504394531,14942000
2023-09-05,15.079999923706055,15.420000076293945,14.899999618530273,15.210000038146973,33818400.0,109.0,111.81999969482422,106.30000305175781,110.77999877929688,66042200,294.4344124053595,298.76639670796936,292.9375776161612,297.53717041015625,14956000,134.24957408258942,135.22095629355618,133.39713231081367,134.57667541503906,19403100,245.0,258.0,244.86000061035156,256.489990234375,129469600,185.7674844117445,187.44479564304942,185.1064270757959,187.1685333251953,45280000,48.129240595849275,48.75602175102256,47.76694740479326,48.453609466552734,382653000,322.0758315411327,327.80271780347465,321.7429908017799,326.5300598144531,18553900
2023-09-06,15.170000076293945,15.619999885559082,15.079999923706055,15.300000190734863,38738100.0,110.55999755859375,111.33000183105469,108.22000122070312,109.27999877929688,47736700,299.0835715746785,300.65972681313633,293.08624961534355,296.5657043457031,15418100,134.82446908845833,135.32998104598227,132.495118145148,133.27818298339844,18684500,255.13999938964844,255.38999938964844,245.05999755859375,251.9199981689453,116959800,185.88589107308178,186.32989809435446,179.04837565163587,180.4691619873047,81755800,48.350797071158595,48.45859385625443,46.49326248710991,46.973365783691406,468670000,326.3636529709045,327.4209100280818,323.23098856949474,325.8741760253906,17535800
2023-09-07,14.880000114440918,15.239999771118164,14.289999961853027,15.210000038146973,51798800.0,106.13999938964844,107.69000244140625,105.08999633789062,106.58999633789062,49080100,295.40588744923144,304.3770944136162,289.6762039967024,296.070068359375,33748700,132.4158467757284,134.38836170715467,131.78147247047056,134.0711669921875,18844300,245.07000732421875,252.80999755859375,243.27000427246094,251.49000549316406,115312900,172.8422616393004,175.83184093509863,171.22414761118458,175.1905059814453,112488800,45.440225686097044,46.25770080270002,45.067919183407476,46.15489196777344,433330000,324.3176359252016,326.0699418421109,322.1051906191248,322.9666748046875,18381000
2023-09-08,15.119999885559082,15.609999656677246,15.085000038146973,15.130000114440918,33862000.0,107.0199966430664,109.73999786376953,105.75,106.08999633789062,46232000,296.61525335375495,302.59276023279784,294.19649144148667,295.2968444824219,17548000,133.7242392505445,135.45885797662925,133.66476902845534,135.1813201904297,23558300,251.22000122070312,256.5199890136719,246.6699981689453,248.5,118367700,175.9699602080161,177.83473792603073,175.41742065198358,175.80221557617188,65551300,45.8564505879392,46.51921177692775,45.18669865684588,45.48713684082031,473069000,323.14287386196446,329.0851309217736,322.5261281543159,327.2348937988281,19530100
2023-09-11,15.40999984741211,16.100000381469727,15.359999656677246,15.789999961853027,55294700.0,107.31999969482422,107.51000213623047,103.0,105.31999969482422,50611300,298.78620226973936,306.34978726869906,298.65732909121135,304.8826599121094,19489300,135.33990308514734,136.27164356834132,134.59649505596173,135.71656799316406,20763400,264.2699890136719,274.8500061035156,260.6099853515625,273.5799865722656,174667900,177.6670082534011,177.89393473288615,174.9734287303741,176.9664764404297,58953100,46.06207096484273,46.0770424255395,44.22949106974816,45.09387969970703,473966000,330.1424484983252,331.2976369623912,328.3705440887834,330.8277282714844,16583300
2023-09-12,15.460000038146973,16.149999618530273,15.430000305175781,15.59000015258789,39497900.0,104.19999694824219,106.73999786376953,103.18000030517578,105.30999755859375,44413600,303.66332641243866,305.9730602651931,297.6164522615025,299.03399658203125,13480400,135.06236368343136,135.66700281159663,134.00177610596597,134.15045166015625,18405500,270.760009765625,278.3900146484375,266.6000061035156,267.4800109863281,135999900,177.09475937210624,177.72621814105926,172.48708107979573,173.94732666015625,90370200,44.654699054902544,45.587959502588625,44.448083747449665,44.78645324707031,349256000,328.7522562072044,329.70184254177326,324.5036005080368,324.7874755859375,17565500
2023-09-13,15.630000114440918,15.850000381469727,15.420000076293945,15.600000381469727,34354400.0,105.0999984741211,108.73999786376953,104.83000183105469,107.70999908447266,44702300,299.7279106218778,304.5059592872475,298.69698571008445,302.4044189453125,13210900,133.90263613822427,135.69672490178635,132.97089575556973,135.50840759277344,20749500,270.07000732421875,274.9800109863281,268.1000061035156,271.29998779296875,111673700,174.15451849429098,174.93398459835862,171.6582818339781,171.88522338867188,84267900,44.51694497475434,45.8444700948222,44.42012548496772,45.400299072265625,398355000,324.33721264984047,329.76062559468676,324.2001746396606,328.98724365234375,16544400
2023-09-14,15.6899995803833,16.040000915527344,15.470000267028809,15.829999923706055,38572500.0,108.43000030517578,109.1500015258789,106.22000122070312,106.62999725341797,45920600,304.06974981772856,310.14639163307857,302.3746442218173,309.00640869140625,19343100,136.3905946148167,137.48091727999335,135.04254749494362,136.88619995117188,24751000,271.32000732421875,276.7099914550781,270.4200134277344,276.0400085449219,107709800,171.67803539320033,173.75001770449512,171.26364194197464,173.3948211669922,60895800,45.864436629731664,45.90136648262812,45.04696145729557,45.496124267578125,370097000,332.01216654665086,333.68616913545833,329.4864789543326,331.5716552734375,20267000
2023-09-15,15.770000457763672,15.899999618530273,15.170000076293945,15.329999923706055,56271200.0,106.06999969482422,106.76000213623047,101.27999877929688,101.48999786376953,71103600,308.89739058049656,309.2840101140606,296.14935263325515,297.6957702636719,28131100,136.76725635034862,137.30251863025583,135.28044021121335,136.19235229492188,38919600,277.54998779296875,278.9800109863281,271.0,274.3900146484375,133692300,174.12494522635322,174.14468255030425,171.5004532372104,172.674560546875,109259500,45.256567267439614,45.514086250608685,43.7264210191702,43.81825256347656,506831000,329.82917548465673,330.29905425690873,322.7121612017879,323.2701721191406,37679800
2023-09-18,15.180000305175781,15.630000114440918,15.069999694824219,15.460000038146973,37404100.0,100.81999969482422,102.98999786376953,99.44999694824219,102.37000274658203,49061300,295.59422852439974,300.9571375613304,295.2076089926441,299.916259765625,14234200,135.40931114975817,137.9369017736187,135.40931114975817,136.99525451660156,21861300,271.1600036621094,271.44000244140625,263.760009765625,265.2799987792969,101543300,174.12492516303394,176.9862345995646,173.81906442528665,175.5950469970703,67257600,42.668401863830084,44.15961943213608,41.92179358623107,43.884132385253906,500271000,320.90106058890035,323.4463465779978,319.4913646526402,322.1345520019531,16834200
2023-09-19,15.34000015258789,15.519000053405762,14.949999809265137,15.149999618530273,37804800.0,101.75,102.86000061035156,100.69999694824219,101.61000061035156,41704100,299.8469173004536,303.50479820729083,297.2001463854222,302.41436767578125,15924400,136.21219057489975,137.1934947424291,135.4192188852002,136.8267364501953,20353700,264.3500061035156,267.8500061035156,261.20001220703125,266.5,103704000,175.1510856525732,177.23292932503867,174.76629061620125,176.68040466308594,51826900,43.75138559586022,43.88413737856735,42.921931591888146,43.438968658447266,373064000,319.3053983263758,322.45763099664185,317.6803313099975,321.7331848144531,16505900
2023-09-20,15.25,15.425000190734863,14.732999801635742,14.739999771118164,37640500.0,102.36000061035156,103.94000244140625,100.27999877929688,100.33999633789062,55180600,302.39448120124234,305.3782883735429,296.8234089972703,297.06134033203125,19379500,136.8663646339005,136.8663646339005,132.44555860062232,132.56451416015625,29927500,267.0400085449219,273.92999267578125,262.4599914550781,262.5899963378906,122514600,176.8678428874874,177.3019736755132,173.0593524132158,173.14816284179688,58436200,43.51880884841662,43.821246018935675,42.14437412203361,42.160343170166016,367108000,322.57512067569024,322.6534238453553,313.7645352608611,314.01904296875,21436500
2023-09-21,14.34000015258789,14.598999977111816,13.680000305175781,14.0,73071800.0,98.5999984741211,98.87000274658203,95.83999633789062,96.11000061035156,59704300,293.1259020127335,297.64620415124955,290.7170325130372,293.1556396484375,21319600,130.284744080372,131.06779392210422,128.9267901856762,129.2935333251953,31503900,257.8500061035156,260.8599853515625,254.2100067138672,255.6999969482422,119951500,172.22069958579337,173.94734650075085,171.53990496478352,171.6089630126953,63149100,41.50556449339025,42.02160003234205,40.90368675780257,40.940616607666016,450736000,312.54080796824985,318.50263318201627,308.37045511046944,312.80511474609375,35560400
2023-09-22,14.229999542236328,14.414999961853027,14.029999732971191,14.130000114440918,47714500.0,96.91999816894531,98.41999816894531,95.61000061035156,96.19999694824219,52169400,296.6945570394368,302.7216470856656,295.6735244833445,296.4764709472656,25369600,129.6107367426157,130.8695788681507,128.46094354987144,129.105224609375,26397300,257.3999938964844,257.7900085449219,244.47999572753906,244.8800048828125,127524100,172.33909518451154,174.7169382879251,171.7273736602944,172.45748901367188,56725400,41.49459666448502,42.03658874202382,41.15423196039798,41.532527923583984,479236000,314.5574539286877,314.68472270748657,309.49624944861836,310.3381652832031,21447900
2023-09-25,14.0,14.239999771118164,13.819999694824219,14.220000267028809,39693900.0,95.94999694824219,97.44999694824219,94.45999908447266,97.37999725341797,43223700,293.06644978298425,298.3302234798701,291.1433351844772,298.21124267578125,18987000,128.6888930557924,130.0171118264149,127.82654454608127,129.9576416015625,20094600,243.3800048828125,247.10000610351562,238.30999755859375,246.99000549316406,104636600,171.87533847239564,174.60837768157924,171.82600269974301,173.73025512695312,46172700,41.513557426280826,42.45679753767784,41.10032682953403,42.14338302612305,419091000,309.9270678577514,310.9843549917842,308.37053445932696,310.8570861816406,17836000
2023-09-26,13.949999809265137,14.170000076293945,13.880000114440918,13.960000038146973,37276200.0,96.5,97.83000183105469,95.2699966430664,95.95999908447266,42866500,295.0688421646148,297.6858449572033,293.4332116377571,296.3575134277344,19417200,128.6293986834249,129.21420928425493,126.10180872897105,127.43994903564453,25718700,242.97999572753906,249.5500030517578,241.66000366210938,244.1199951171875,101993600,172.48708745695123,172.86200623492672,169.36925308333926,169.66525268554688,64588900,41.92278696484624,42.74026210135053,41.577430601284675,41.83295440673828,402282000,308.4977720645104,309.23198754848005,303.4953016985724,305.5707092285156,26297600
2023-09-27,14.199999809265137,14.960000038146973,14.15999984741211,14.850000381469727,62780600.0,96.81999969482422,99.2300033569336,96.3499984741211,98.06999969482422,51261500,297.8345632707552,298.677139729877,284.2934713763144,295.14813232421875,36429800,127.43996798020761,129.7494756200031,127.43996798020761,129.39263916015625,22746500,244.25999450683594,245.3300018310547,234.5800018310547,240.5,136597200,170.31646332448594,170.7308568174817,166.79411110643792,168.1556854248047,66921800,42.25117631483952,42.79216683776979,41.55148148041127,42.388916015625,444935000,305.7272625333357,307.6851701509051,303.1722074325514,306.20697021484375,19410100
2023-09-28,15.140000343322754,15.960000038146973,14.824999809265137,15.770000457763672,66590800.0,97.94000244140625,104.19999694824219,97.76000213623047,102.76000213623047,72542100,296.3377057544672,303.6633594810206,294.1172148146599,301.3139953613281,22167100,128.69880291155567,132.12839883500152,128.64923934805705,131.1470947265625,22513100,240.02000427246094,247.5500030517578,238.64999389648438,246.3800048828125,117058900,167.0802102082604,169.73431545858824,165.38316183381656,168.41220092773438,56294400,42.380939557902295,43.3651037098535,42.03658452900842,43.00876998901367,424663000,304.4447809531469,308.8403030832105,302.9372138676147,307.0390319824219,19683600
2023-09-29,16.110000610351562,16.809999465942383,15.960000038146973,16.0,78055100.0,104.69000244140625,104.94000244140625,102.55999755859375,102.81999969482422,56078600,304.7042785354478,307.93591009206773,296.7540728412245,297.5966796875,25373700,132.10855151732764,132.87178793711044,129.21421829354512,129.70982360839844,30859800,250.0,254.77000427246094,246.35000610351562,250.22000122070312,128522700,169.72448150635748,170.76047278128746,168.0668924554359,168.92529296875,51861100,43.74538760189782,44.06179864340564,43.22635545841842,43.417999267578125,397830000,311.06258297495117,312.746384776468,308.35089159051364,309.10467529296875,24147300
2023-10-02,16.030000686645508,16.440000534057617,15.770000457763672,15.880000114440918,41043900.0,102.20999908447266,103.70999908447266,101.69999694824219,103.2699966430664,45118600,300.104578636452,304.5059299768926,299.00425592730016,304.1490783691406,16265600,130.05676271040824,133.2385405902459,130.01710581255713,132.99073791503906,22288000,244.80999755859375,254.27999877929688,242.6199951171875,251.60000610351562,123810400,168.93512915166482,171.9740294168616,168.6489906711008,171.43136596679688,52164500,43.94801731464996,45.090885843793345,43.77933326281637,44.6986198425293,433298000,309.6235591310726,315.11550641477425,308.5467037935523,315.0273742675781,20570000
2023-10-03,15.609999656677246,15.770000457763672,14.819999694824219,14.899999618530273,51578100.0,101.80000305175781,103.29000091552734,99.16999816894531,100.08000183105469,48117000,301.61141908080776,304.099548899281,297.03164113195834,298.3203125,17362300,132.76275951955418,133.0799390690274,130.68121106331455,131.26602172851562,22989400,248.61000061035156,250.02000427246094,244.4499969482422,246.52999877929688,101985300,169.96124934298015,171.31297744317223,168.54047825044546,170.09938049316406,49594600,44.72457077755565,45.04597365311147,43.16547878657146,43.43597412109375,470850000,314.0777307403494,314.6259723470464,304.66020007739525,306.7943420410156,21033500
2023-10-04,15.460000038146973,15.850000381469727,15.15999984741211,15.729999542236328,52786200.0,100.6500015258789,104.4000015258789,100.33999633789062,104.06999969482422,51023200,296.1295154558936,304.2283772759008,295.9015067543039,302.91986083984375,16880500,131.62288239657767,134.37846248014134,131.36517301991339,134.05136108398438,26752300,248.13999938964844,261.8599853515625,247.60000610351562,261.1600036621094,129721600,168.80687858022958,171.88525384459265,168.68848474300435,171.34259033203125,53020300,43.660548982906214,44.06080325905543,43.21138616245394,43.95899200439453,361821000,307.4208356407086,313.3043570607618,307.3914682241067,312.2470703125,20720100
2023-10-05,15.5600004196167,15.899999618530273,15.40999984741211,15.8100004196167,49648100.0,103.41000366210938,103.73999786376953,100.2699966430664,102.91000366210938,51789700,301.978199473143,303.54443225598413,296.8928513033326,302.1368103027344,19130000,133.88284301757812,134.29914971685594,132.2770713207343,133.88284301757812,19832600,260.0,263.6000061035156,256.25,260.04998779296875,119159200,171.47084810780015,173.10869980697885,170.3756599300563,172.57591247558594,48527900,43.96797721587723,44.81639678263096,43.80628011216114,44.60478973388672,393483000,312.3743955953389,313.2456789043345,308.2725763744339,312.6387023925781,16965600
2023-10-06,15.5600004196167,16.69499969482422,15.510000228881836,16.610000610351562,65946300.0,102.16000366210938,107.87000274658203,102.02999877929688,107.23999786376953,64864100,298.8159079310807,313.55645681605097,298.290522895401,312.6841125488281,21803900,132.83212890565903,136.94566202758472,132.83212890565903,136.37075805664062,27597600,253.97999572753906,261.6499938964844,250.64999389648438,260.5299987792969,118121800,171.48068444244805,175.6147723242181,170.86894795356997,175.12144470214844,57266700,44.11070601288464,45.70373466330227,43.944017177662325,45.67678451538086,434436000,309.8878491254301,322.26184092251725,309.6431106472469,320.3724670410156,25673600
2023-10-09,16.25,17.829999923706055,16.219999313354492,17.610000610351562,106161200.0,106.01000213623047,107.30999755859375,104.79000091552734,106.97000122070312,39593200,309.7796495788927,317.5414751678971,309.10557632186953,315.588623046875,22503700,135.73639678634393,137.718818202532,134.41808472961787,137.20338439941406,19278100,255.30999755859375,261.3599853515625,252.0500030517578,259.6700134277344,101377900,174.450569230968,176.66068313153215,173.45405252336897,176.6014862060547,42390800,44.75850060605626,45.520080342411596,44.28538419676615,45.188697814941406,409675000,317.9152372482106,323.34841872912307,316.37827265710837,322.8785400390625,19891200
2023-10-10,18.059999465942383,18.399999618530273,17.6200008392334,17.799999237060547,99971500.0,107.48999786376953,110.12000274658203,106.4000015258789,109.01000213623047,57105500,316.34203714260326,321.83381959341597,315.3904024685447,319.0383605957031,19038000,137.2826774721206,138.49195569665042,136.1229628059091,136.84654235839844,27786600,257.75,268.94000244140625,257.6499938964844,263.6199951171875,122656000,175.72333700059065,177.32171396949087,175.57532965392068,176.00946044921875,43698000,45.22563248789511,46.17286291728584,45.00404573819931,45.71272277832031,368582000,323.9945568948938,324.13162477364205,320.7738202479149,321.4786682128906,20557100
2023-10-11,17.8700008392334,18.440000534057617,17.729999542236328,17.920000076293945,55745600.0,109.13999938964844,110.0999984741211,106.93000030517578,108.30999755859375,51085600,320.19815236923245,325.97738791097737,320.13867709965075,324.9662780761719,22036300,137.36199550625815,139.86975763903897,137.36199550625815,139.31468200683594,25884300,266.20001220703125,268.6000061035156,260.8999938964844,262.989990234375,103706300,175.82199530812358,177.44998580714199,175.23001108089,177.40065002441406,47551100,46.109976834306515,46.77174426177856,45.96424879463127,46.718841552734375,378137000,324.2393029495446,325.8154342155564,322.21289114367397,325.4238586425781,20063200
2023-10-12,17.920000076293945,18.239999771118164,17.551000595092773,17.940000534057617,57940900.0,108.4000015258789,111.30999755859375,107.51000213623047,108.79000091552734,60959400,325.1447032712535,327.66260060248845,319.88093015978995,321.338134765625,20530500,139.8102704594491,139.9787744613181,137.04478417224522,137.74855041503906,24765500,262.9200134277344,265.4100036621094,256.6300048828125,258.8699951171875,111508100,177.6670336186698,179.906730392158,176.6507647716162,178.29849243164062,56743100,46.68989946190785,47.52035097000379,46.243733198035265,46.85758590698242,481325000,323.6128199146543,326.608416662478,321.8017491013521,324.1903991699219,19313100
2023-10-13,18.059999465942383,18.15999984741211,17.270000457763672,17.360000610351562,54541600.0,108.6500015258789,108.97000122070312,104.75,105.08999633789062,52881500,320.7136666325285,322.2204241253581,309.6508109232836,311.95062255859375,21341000,138.15494443848604,138.76949019803877,135.41919338050468,136.15269470214844,23420500,258.8999938964844,259.6000061035156,250.22000122070312,251.1199951171875,102073800,178.99902980590412,179.5022186651883,175.76280113660414,176.4633331298828,51427100,46.87255982126832,47.02827139098628,45.19568766753486,45.37635040283203,474115000,325.38471034218486,326.80417560812504,319.49138859402285,320.83258056640625,21072400
2023-10-16,17.209999084472656,17.459999084472656,16.670000076293945,17.360000610351562,44987300.0,105.41999816894531,107.4800033569336,105.02999877929688,106.45999908447266,42464500,315.8662100616769,319.0185204694929,312.7733446736432,318.3543395996094,16536100,136.95556193967968,138.40273601931523,136.77715129783755,137.8773956298828,28501900,250.0500030517578,255.39999389648438,248.47999572753906,253.9199981689453,88917200,174.3913552582801,176.6902643223361,174.15455252434904,176.33506774902344,52517000,44.9790832052808,46.13891807478204,44.82836342341364,46.00916290283203,375099000,324.0826582883067,329.06555964733286,323.6421469834392,325.63922119140625,22158000
2023-10-17,17.0,18.030000686645508,16.90999984741211,17.84000015258789,54401300.0,103.54000091552734,106.29000091552734,101.66000366210938,105.13999938964844,49642100,315.4102215309524,321.57607736131524,314.5378771302187,321.1795654296875,16387800,137.41155773728624,138.67038456071032,135.97428998075208,138.49197387695312,23515800,250.10000610351562,257.17999267578125,247.0800018310547,254.85000610351562,93562900,174.29266779074965,176.03905203817294,172.467364361049,174.78599548339844,57549400,43.91806310129906,44.67066061522734,42.40089319179751,43.856178283691406,812333000,322.6534242330698,326.4419711859503,320.51931182231954,325.0714416503906,18338500
2023-10-18,17.809999465942383,18.219999313354492,17.190000534057617,17.200000762939453,44208300.0,103.37999725341797,104.77999877929688,101.73999786376953,102.16999816894531,50450000,318.59232222826523,323.10270248590285,312.8130552982843,314.2107849121094,16851000,138.22433080496884,139.48317264449588,136.17253249534386,136.7474365234375,23375000,252.6999969482422,254.6300048828125,242.0800018310547,242.67999267578125,125147800,173.2369747453516,175.21028574818484,172.77324545527233,173.49349975585938,54764400,42.51168892025405,43.13852165493323,41.74711648202066,42.11742401123047,627294000,325.4923600401383,328.5271229876209,321.3905409680336,323.1624450683594,23153600
2023-10-19,17.440000534057617,17.579999923706055,16.969999313354492,17.059999465942383,46303200.0,103.80999755859375,105.5999984741211,101.83999633789062,102.4000015258789,52734200,317.09540654240755,319.08791890346794,309.0361744423842,310.0869445800781,18709200,137.28269950188223,138.43250769080962,136.17254821584305,136.53929138183594,26066000,225.9499969482422,230.61000061035156,216.77999877929688,220.11000061035156,170772700,173.69080766680926,175.46679037407037,172.85215962113486,173.11856079101562,59302900,42.731290656514126,43.21638582989178,41.80401951663401,42.022613525390625,501233000,325.1595033838665,329.78996567974724,323.9456102144574,324.34698486328125,25052100
2023-10-20,16.850000381469727,16.940000534057617,15.8100004196167,16.110000610351562,63875500.0,102.27999877929688,104.33999633789062,101.44000244140625,101.80999755859375,61317900,311.40536380308697,312.55523915239206,303.80211935646275,305.963134765625,22312300,136.12297828131832,136.6582254478533,133.8927540255162,134.40818786621094,26335700,217.00999450683594,218.86000061035156,210.4199981689453,211.99000549316406,138010100,172.97054807703984,173.07908076842247,170.33618008275127,170.57298278808594,64244000,41.81200213030283,42.39092402452541,41.0015137629479,41.309940338134766,477266000,324.73853474262626,324.9343374400908,318.6005055684448,319.7948303222656,25027700
2023-10-23,15.899999618530273,16.34000015258789,15.210000038146973,16.200000762939453,55967200.0,100.80999755859375,102.41999816894531,99.31999969482422,100.01000213623047,50817400,306.80577011666287,314.59733347334077,304.5852792316508,311.2765197753906,17796800,133.85307305839916,136.45005512078916,132.77265713198602,135.3002471923828,26317900,210.0,216.97999572753906,202.50999450683594,212.0800018310547,150683400,168.62928473640696,171.68790756499885,167.6623515662161,170.69139099121094,55980100,41.15222663549808,43.16746801501632,40.86875508234883,42.89497375488281,478530000,318.620060384211,325.7272737717355,317.5628035384839,322.3890380859375,24374700
2023-10-24,16.3799991607666,16.93000030517578,16.299999237060547,16.639999389648438,39833800.0,100.97000122070312,101.79000091552734,99.37999725341797,101.66999816894531,51982900,314.02244308057266,315.578783561365,307.9259846054587,309.8292541503906,19525500,136.6185834917505,138.13513477372655,136.21218344241674,137.5899658203125,44814300,216.5,222.0500030517578,214.11000061035156,216.52000427246094,118231100,170.74070856198063,171.35243005141567,169.1620540054936,171.12550354003906,43816600,42.996784415979555,43.615628825296106,42.611505424258,43.58169174194336,401463000,324.3273615041399,324.8560048878325,320.7052505981055,323.5735778808594,31153600
2023-10-25,16.56999969482422,16.6299991607666,15.579999923706055,15.59000015258789,46706500.0,100.41999816894531,101.02999877929688,95.2300033569336,96.05999755859375,53424500,307.3014678860385,308.1738123771197,296.2386114119102,296.922607421875,42192500,127.03357185296261,127.18224741384032,123.97072673913938,124.5059814453125,84366200,215.8800048828125,220.10000610351562,212.1999969482422,212.4199981689453,107065100,169.58634726553433,170.7505934954682,168.37275019582236,168.81675720214844,57157000,43.31718712471628,43.56872058494652,41.477620479123594,41.701202392578125,398379000,337.7586388732426,338.9138270951405,330.51438652342347,333.5002136230469,55053800
2023-10-26,15.600000381469727,15.90999984741211,15.050000190734863,15.289999961853027,49351800.0,95.98999786376953,97.5199966430664,93.12000274658203,93.66999816894531,49896400,292.43197892863674,292.43197892863674,276.9677733145693,285.8398742675781,66684100,122.18655016094156,123.23723873561569,120.20412859059402,121.20525360107422,57061100,211.32000732421875,214.8000030517578,204.8800048828125,205.75999450683594,115112600,168.0964590692853,169.09299056011605,163.45918215856796,164.66290283203125,70625300,41.775064849583806,42.17731428874224,39.80573926150373,40.25090789794922,541001000,333.3729254857893,334.4399815109655,320.05914822735156,320.9891662597656,37828500
2023-10-27,15.479999542236328,15.600000381469727,14.960000038146973,15.069999694824219,39913600.0,95.80000305175781,97.3499984741211,94.58999633789062,96.43000030517578,52458700,291.9165589334296,296.70450041423834,290.419693821055,294.14697265625,29596300,121.79996533864069,122.22618623249376,119.15343464446192,121.09620666503906,44566500,210.60000610351562,212.41000366210938,205.77000427246094,207.3000030517578,94881200,164.6826577744484,166.70530437202822,164.60372353518264,165.9751739501953,58499100,41.053411354619094,41.1292700454015,39.94048596248548,40.424583435058594,416784000,323.4757210351802,329.63334926048014,321.4884458683103,322.8687744140625,29856500
2023-10-30,15.270000457763672,15.289999961853027,14.5600004196167,14.6899995803833,46886400.0,96.13999938964844,97.04000091552734,94.69999694824219,96.18000030517578,43716600,296.48636924282346,306.70661659471585,296.44670897879655,300.0252990722656,28435100,122.12706787862865,124.29782170383251,121.67111186993667,123.36608123779297,28940100,209.27999877929688,210.8800048828125,194.6699981689453,197.36000061035156,136448200,166.76450604315932,168.88580920893756,166.61649869462795,168.01754760742188,51131000,41.010490884180456,41.688223517144955,40.40561655584123,41.0843505859375,388028000,326.39299310170355,332.3058824741977,324.84622935304117,330.2109069824219,22828100
2023-10-31,14.579999923706055,15.010000228881836,14.550000190734863,14.800000190734863,40195400.0,96.23999786376953,98.81999969482422,94.06999969482422,98.5,79547100,300.6696499436243,301.0364242117363,294.2757858177128,298.64739990234375,19434200,123.96081560140948,124.26809608033074,121.61165093298484,122.98943328857422,26292300,196.1199951171875,202.8000030517578,194.07000732421875,200.83999633789062,118068300,167.09007075196132,168.619374328328,165.65940861123508,168.49111938476562,44846000,40.37467987980174,40.802881903079644,39.1569503913023,40.704063415527344,517969000,331.7185563552872,331.86539347468425,327.6461042839537,330.9941101074219,20265300
2023-11-01,14.800000190734863,14.960000038146973,14.479999542236328,14.920000076293945,54419100.0,98.58000183105469,108.1500015258789,98.5,108.04000091552734,138641500,299.22230704539163,310.0174904458716,299.22230704539163,309.13525390625,20434600,122.9795062521491,125.37823423377263,122.63258403370556,125.33858489990234,30082400,204.0399932861328,205.99000549316406,197.85000610351562,205.66000366210938,121661700,168.71806981976965,171.90496247869652,167.849808268541,171.6484375,56934900,40.807863086135576,42.3020769589568,40.792891628938285,42.24618148803711,437593000,332.6387311841403,340.1081537078223,332.5016633074158,338.78656005859375,28158800
2023-11-02,17.479999542236328,18.299999237060547,17.209999084472656,17.969999313354492,170406800.0,107.95999908447266,109.41000366210938,105.91000366210938,107.83000183105469,71377000,314.537867992154,316.04465564125337,305.64595129379006,308.1638488769531,21631800,127.29126433840777,127.84633985839059,125.8143626514039,126.36943817138672,27124600,212.97000122070312,219.1999969482422,211.4499969482422,218.50999450683594,125987600,173.17776232760195,175.40759814141026,173.118565411641,175.20040893554688,77334800,43.24732164549146,43.802286120371775,42.81413164942189,43.424991607666016,409172000,339.9318490910942,341.4883817785373,337.5138324287733,340.9891357421875,24348100
2023-11-03,18.020000457763672,19.07900047302246,17.760000228881836,18.889999389648438,109302000.0,109.05000305175781,113.38999938964844,107.86000061035156,112.25,65632200,309.82918609596044,312.8030705771321,308.31250622063965,311.8613586425781,16764300,126.8947997576898,128.39152248996186,126.73620241363211,127.9653091430664,26393100,221.14999389648438,226.3699951171875,218.39999389648438,219.9600067138672,119534800,171.91483559510309,174.46040823420765,171.03671292563865,174.29266357421875,79829200,43.9380370334196,45.22463462313267,43.641589151801824,44.92120361328125,424610000,342.27161121053757,346.9314407134558,340.01999961550734,345.3748779296875,23637700
2023-11-06,18.989999771118164,19.079999923706055,17.93000030517578,18.540000915527344,79952600.0,112.5999984741211,113.08000183105469,110.22000122070312,111.75,49270400,313.22938992076604,315.5589088571514,311.7127098538126,313.0509338378906,12887700,127.91577450931072,129.19442996382713,127.53910951316357,129.105224609375,19052700,223.97999572753906,226.32000732421875,215.0,219.27000427246094,117335800,174.02626772873157,177.03555436857033,173.858538133294,176.83822631835938,63841300,45.200677734191665,45.849468936509936,44.815394894536624,45.665809631347656,400733000,346.0112331411466,350.01515060483416,345.9133317859224,349.0263977050781,23828300
2023-11-07,18.860000610351562,19.170000076293945,18.530000686645508,18.799999237060547,56289100.0,111.86000061035156,114.6500015258789,111.22000122070312,113.44999694824219,50550200,314.299958512523,318.20566283791453,312.3768439867447,316.0446472167969,14055600,129.56118404221164,130.75063410322832,128.73847717613327,129.8188934326172,29757300,219.97999572753906,223.1199951171875,215.72000122070312,222.17999267578125,116900100,176.78889227095914,180.00539823599848,176.58170308551922,179.3936767578125,70530000,45.63387372397261,46.13194133469671,45.07391747451028,45.86943435668945,343165000,351.83603801636735,354.83163466533523,350.10330030774577,352.9422607421875,25833900
2023-11-08,18.850000381469727,18.93000030517578,18.149999618530273,18.489999771118164,46063100.0,113.55000305175781,115.31999969482422,112.87999725341797,113.58999633789062,41880600,315.37059933746826,318.53280249069024,312.1389680232896,316.9963073730469,13609700,129.81886492088287,131.04797161797262,129.63053247035484,130.68121337890625,26425800,223.14999389648438,224.14999389648438,217.63999938964844,222.11000061035156,106584800,179.91658414704074,181.00189584845015,179.16671654971245,180.44937133789062,49340300,46.01415021384401,46.77972399420801,45.882396057118896,46.48727035522461,346719000,354.0680317747925,356.2119431597548,352.9618091115113,355.5560607910156,26767800
2023-11-09,18.65999984741211,18.8700008392334,18.15999984741211,18.270000457763672,48454200.0,114.0999984741211,115.80999755859375,113.05999755859375,113.48999786376953,61146900,316.63941423329265,321.35795714702647,316.0247860148068,317.7595520019531,16103100,130.80017480614322,131.38498550790692,128.92678712827234,129.0952911376953,23747800,219.75,220.8000030517578,206.67999267578125,209.97999572753906,142110500,180.51847829944086,181.6629871195562,179.3838155582821,179.97581481933594,53763500,47.37861498022088,48.14019475321026,46.662950986381574,46.862579345703125,540496000,354.67497835793193,357.1125938314782,352.77580544293505,353.098876953125,24847300
2023-11-10,18.155000686645508,19.719999313354492,18.059999465942383,19.670000076293945,92748000.0,114.3499984741211,119.69999694824219,114.02999877929688,118.58999633789062,75135900,317.1548991851157,326.2351642842686,316.67906673273416,325.90802001953125,19096200,128.95651664701234,131.63278248151076,128.27257885187583,131.42462158203125,26913300,210.02999877929688,215.3800048828125,205.69000244140625,214.64999389648438,130994000,181.75413731292954,184.3228271167955,181.31943456996746,184.1548614501953,66133400,47.411547124751294,48.38173722144184,47.194952159011976,48.244991302490234,421245000,353.8819973228906,362.3108050217642,353.47085345970584,361.8898620605469,28042100
2023-11-13,19.59000015258789,19.8799991607666,19.299999237060547,19.709999084472656,74877500.0,118.33999633789062,118.68000030517578,116.0,116.79000091552734,46741900,323.36037901996815,329.4369907917262,322.8647316151257,326.3243408203125,16908900,130.62174322003068,131.42462145714984,130.09640276550397,130.92901611328125,18324800,215.60000610351562,225.39999389648438,211.61000061035156,223.7100067138672,140447600,183.58187642607092,183.7893386144101,181.9912676571252,182.57415771484375,43627500,48.23002031531456,49.02453947075824,48.009431181663935,48.52946090698242,384136000,360.4703657564029,360.715104203908,358.19918579348337,358.9627685546875,19986500
2023-11-14,20.0,20.100000381469727,19.5,19.940000534057617,83230500.0,119.69999694824219,122.11000061035156,119.22000122070312,119.87999725341797,61017400,331.62780417236013,335.1568115946723,330.4283155624995,333.38238525390625,17179400,133.01056927107837,134.50729201715737,132.1482207824069,132.44557189941406,32395200,235.02999877929688,238.13999938964844,230.72000122070312,237.41000366210938,149771600,185.4391901985185,185.84425545326624,184.0560589323069,185.1823272705078,60108400,49.58749116388393,49.74120373030796,48.948683517262864,49.563533782958984,416954000,363.2016494775537,364.1218684157094,359.6186750774512,362.4772033691406,27683900
2023-11-15,19.899999618530273,20.3700008392334,19.611000061035156,19.950000762939453,75533500.0,120.54000091552734,120.58999633789062,116.87000274658203,118.0,59555600,334.9882813381861,335.4541911554932,327.1471349777592,329.813720703125,14531200,133.68460080506208,133.84319816897428,132.39603881613726,133.43679809570312,23861500,239.2899932861328,246.6999969482422,236.4499969482422,242.83999633789062,150354000,185.5873915048758,187.21751156501972,185.5182274044454,185.74545288085938,53790500,49.84201782618033,49.86696898933371,48.11024794590893,48.796966552734375,475497000,364.203659277244,366.0184055463694,360.11312341587404,362.6243591308594,26860100
2023-11-16,19.799999237060547,19.875,19.290000915527344,19.770000457763672,49942800.0,117.19999694824219,120.7300033569336,116.41000366210938,119.83000183105469,49661900,326.50277439703774,331.66741200788823,323.53881252614497,331.28082275390625,18932600,134.00177404646607,136.01393051384863,133.1394255960663,135.72647094726562,28013200,239.49000549316406,240.8800048828125,230.9600067138672,233.58999633789062,136816800,187.28668991537342,188.65994715340477,186.37775779056014,187.4250030517578,54412900,48.58835975878918,49.43278516309001,48.24001057724096,49.38786697387695,339756000,363.88979560921166,369.17708096054344,363.1246629725075,369.0005187988281,27182300
2023-11-17,19.68000030517578,20.579999923706055,19.659000396728516,20.489999771118164,69497400.0,119.63999938964844,121.48999786376953,118.81999969482422,120.62000274658203,38508900,327.3850853902392,332.57946133524786,326.48300334029153,332.12347412109375,14494400,134.8046807303289,134.86415096364382,132.47532909430868,134.12074279785156,37240600,232.0,237.38999938964844,226.5399932861328,234.3000030517578,142532800,187.9584954748911,188.08693448765234,186.29873780998344,187.40524291992188,50922700,49.43178055903223,49.62442196935827,48.915744960766254,49.20620346069336,325205000,366.4892814424939,367.23480603716206,360.0052770614011,362.80096435546875,40157000
2023-11-20,20.649999618530273,21.600000381469727,20.559999465942383,21.34000015258789,90270000.0,120.69999694824219,121.93000030517578,120.06999969482422,121.52999877929688,43138700,331.97473371871814,338.8939521370626,331.2808152503726,337.010498046875,16960500,132.5149627101394,135.45885973926121,132.44557070034907,135.05245971679688,27815500,234.0399932861328,237.10000610351562,231.02000427246094,235.60000610351562,116320100,187.60281994734135,189.598493753426,187.59294582194016,189.14402770996094,46505100,49.22017851068948,50.453877068941594,49.08942192234672,50.31513595581055,414120000,364.1448542442713,371.64904556813445,363.9290460653395,370.2463073730469,52465100
2023-11-21,21.110000610351562,21.850000381469727,19.719999313354492,19.799999237060547,106643300.0,120.54000091552734,120.6500015258789,117.94000244140625,119.16000366210938,41064800,335.38476311199616,336.94110323972745,332.97592396005564,334.0465393066406,12027900,135.09209741037324,135.97427431377318,134.76501119450535,135.76612854003906,22635300,235.0399932861328,243.6199951171875,233.33999633789062,241.1999969482422,122288000,189.10451024981845,189.21318592585277,187.45462685911554,188.34378051757812,38134500,50.03266588200401,50.4229366906256,49.13034978134325,49.85100555419922,565747000,368.51001608638865,369.0495215118682,364.04671781694736,365.9595642089844,28423100
2023-11-22,20.260000228881836,20.440000534057617,19.329999923706055,19.690000534057617,68326000.0,120.0,124.76000213623047,119.94999694824219,122.51000213623047,56862200,336.2571521863876,339.9348782395706,335.6326315263406,338.5173034667969,10702700,136.26172703194487,138.19458474282766,136.26172703194487,137.27276611328125,17813900,242.0399932861328,244.00999450683594,231.39999389648438,234.2100067138672,117950600,189.18356183514956,190.60620477415247,188.53150773289747,189.00572204589844,39617700,49.759168450104845,50.24126692176278,47.60119189596065,48.625282287597656,899420000,370.79563367244174,372.5515261398846,367.82338415552084,370.64849853515625,23345300
2023-11-24,19.3799991607666,19.600000381469727,18.93000030517578,19.200000762939453,39800400.0,122.02999877929688,123.25,121.54000091552734,122.30999755859375,19001000,337.1691599420157,338.8840808634013,333.83839314189083,335.28570556640625,5467500,136.81680506938213,136.9159321844401,134.7947419943983,135.48858642578125,12514300,233.75,238.75,232.3300018310547,235.4499969482422,65125200,188.5710385777235,188.6006760331266,186.9705556859451,187.681884765625,24048300,48.37974638442562,48.829906801279186,47.656094105123046,47.68703842163086,294645000,370.1384111547305,370.76622769070315,367.9901781565456,370.23651123046875,10176600
2023-11-27,19.1299991607666,19.5,18.6200008392334,19.079999923706055,58808200.0,122.06999969482422,123.88999938964844,121.7699966430664,122.6500015258789,32743000,333.25353518012435,336.94115367224947,331.290790504135,331.78643798828125,15684500,134.83439465228903,137.2033876965765,134.80465954030564,135.2110595703125,23436500,236.88999938964844,238.3300018310547,232.10000610351562,236.0800018310547,112031800,187.6324520630897,188.37341847212542,186.62473352580105,187.50401306152344,40552600,47.7109937696309,48.43963402417859,47.56327053938668,48.15217208862305,395662000,369.5988734413345,373.38532049617334,369.02994094912424,371.39398193359375,22179200
2023-11-28,19.110000610351562,19.799999237060547,19.030000686645508,19.709999084472656,54170700.0,121.9800033569336,122.54000091552734,120.79000091552734,122.01000213623047,32047100,330.4976973935413,336.42565149537353,330.4976973935413,336.0390319824219,12637200,134.88394378751974,136.0436584048626,134.22974114450358,135.9940948486328,18730000,236.67999267578125,247.0,234.00999450683594,246.72000122070312,148549900,187.49414676130317,188.77849160556613,187.11871894105684,188.10667419433594,38415400,48.146180818273855,48.233020614585215,47.38460109717888,47.73195266723633,401491000,371.1389381343408,375.70030662709087,370.9525569972749,375.4060363769531,20453100
2023-11-29,19.94499969482422,20.309999465942383,19.780000686645508,19.84000015258789,62782100.0,123.9800033569336,125.7300033569336,123.4800033569336,123.8499984741211,37876300,336.7329865734287,336.94115004399055,327.90054487082136,329.3081970214844,16024500,136.36086861217828,137.07452642949448,133.65485240517793,133.8035430908203,23967200,249.2100067138672,252.75,242.75999450683594,244.13999938964844,135401300,188.60062037243628,189.77628933979955,186.69387428755178,187.08905029296875,43014200,48.288911166313994,48.67119737228817,47.77087663297862,48.05035400390625,382005000,376.44584793002184,376.97553440384473,370.24629493974936,371.6294250488281,28963400
2023-11-30,19.940000534057617,20.229999542236328,19.68000030517578,20.049999237060547,55501000.0,123.61000061035156,124.05000305175781,119.6500015258789,121.16000366210938,44494200,329.00094439150047,330.59691497736344,319.5935333460226,324.30218505859375,23146400,133.8630133792204,134.35861874891418,130.1261446568203,131.3651580810547,38988300,245.13999938964844,245.22000122070312,236.91000366210938,240.0800018310547,132353200,187.55340318726755,188.02763251612237,185.92328320995222,187.66207885742188,48794400,47.934573676190574,48.02041588268528,46.335559349897565,46.68291091918945,526247000,371.27628513665223,372.8457964517108,368.3138546072338,371.68829345703125,30554400
2023-12-01,19.93000030517578,20.290000915527344,19.549999237060547,20.270000457763672,61493700.0,119.87999725341797,121.4000015258789,118.6500015258789,121.38999938964844,37048000,322.64665935567007,324.0146208399716,317.96774644363103,321.9924011230469,15276400,130.70103454589844,130.94883720390865,129.52149147382195,130.70103454589844,31442300,233.13999938964844,240.19000244140625,231.89999389648438,238.8300018310547,121331700,188.0375263099119,189.25270705783993,186.95076949469112,188.9365692138672,45704800,46.43837031596677,47.11211268040661,46.10099843511436,46.677921295166016,369317000,369.57924804408185,370.95255911244834,364.23310896058763,367.37213134765625,33040500
2023-12-04,19.75,19.899999618530273,18.270000457763672,18.399999618530273,104948500.0,119.75,119.9000015258789,116.37000274658203,118.56999969482422,39854400,314.52800636018907,318.0669066013097,310.9296005859111,317.2342224121094,19037100,128.73844341976016,128.88711896664887,126.7758430151211,128.13380432128906,36669900,235.75,239.3699951171875,233.2899932861328,235.5800018310547,104099800,187.69173962433385,187.76090372984268,185.1922139752508,187.1483612060547,43389500,45.99119649745045,45.99119649745045,44.92618209165027,45.42525100708008,437543000,362.065185145882,362.477163437969,355.9833413893801,362.10443115234375,32063300
2023-12-05,18.25,18.549999237060547,17.959999084472656,18.299999237060547,54460800.0,117.43000030517578,118.48999786376953,116.44999694824219,118.37999725341797,39191600,316.2032830645465,319.0780324511932,312.6445377227283,315.519287109375,16952100,127.8166359971415,130.97860102647664,127.12279142754068,129.83871459960938,27384800,233.8699951171875,246.66000366210938,233.6999969482422,238.72000122070312,137971100,187.91897362196437,192.05849343193452,187.8893210956394,191.09030151367188,66628400,45.385328820380614,46.51731562556562,45.19067511548695,46.48337936401367,371718000,359.46575623768496,365.9693683802573,358.65155863650625,365.4200439453125,23065000
2023-12-06,17.690000534057617,17.829999923706055,17.049999237060547,17.1299991607666,96111000.0,120.69000244140625,122.83000183105469,116.37999725341797,116.81999969482422,60599000,319.12756635327975,319.4447879881586,314.2801499252027,314.68658447265625,11294300,130.28472982782802,130.68120803665548,128.73844363885704,128.87721252441406,23576200,242.9199981689453,246.57000732421875,239.1699981689453,239.3699951171875,126436200,192.10788966712872,192.4141533735728,189.79607806848605,190.00355529785156,41089700,47.13122440124437,47.30292009715476,45.331422145943435,45.42226028442383,380590000,366.4206145498899,367.04840106048385,361.0156214613024,361.77093505859375,21182100
2023-12-07,17.219999313354492,17.479999542236328,17.079999923706055,17.219999313354492,56455000.0,120.79000091552734,128.67999267578125,119.55999755859375,128.3699951171875,118579100,315.0037806878623,325.38263987014375,315.0037806878623,323.74700927734375,15905100,133.85308336988615,137.34214919311776,133.51607536911783,135.72647094726562,56767100,241.5500030517578,244.0800018310547,236.97999572753906,242.63999938964844,107142300,191.29779342674496,192.65128739108172,191.25826677194576,191.93008422851562,47477700,45.618910872891085,46.54626331215597,45.52308054469381,46.51332092285156,350823000,361.211844686289,364.37047528705625,359.33824414976533,363.8800048828125,23118900
2023-12-08,17.18000030517578,17.920000076293945,17.09000015258789,17.770000457763672,57542100.0,129.5399932861328,131.0,126.88999938964844,128.9199981689453,89341000,320.27748073816616,330.26975074319756,320.18826782318274,329.8533935546875,14087400,133.0204781372603,135.20113873793494,132.85197412660608,133.8035430908203,32260100,240.27000427246094,245.27000427246094,239.27000427246094,243.83999633789062,103126800,191.86091528323507,193.629363703371,191.33730018286,193.3527374267578,53406400,46.51232804934258,47.65629461849747,46.467405912391875,47.42171096801758,359224000,362.1633422956095,367.3230703614092,361.2118285564288,367.09747314453125,20154400
2023-12-11,17.969999313354492,18.280000686645508,17.700000762939453,17.770000457763672,50929600.0,130.55999755859375,135.0399932861328,128.25,134.41000366210938,98668300,326.5325248079935,327.0182798666103,317.2143590609615,322.4483947753906,25802500,131.21646382988015,132.16801753433697,130.20542478480553,132.1184539794922,31138000,242.74000549316406,243.44000244140625,237.4499969482422,239.74000549316406,97913900,190.7840156527889,191.1594434259829,189.11436907200368,190.85316467285156,60943700,47.40673880790064,47.446664942684954,45.74868658721169,46.54426956176758,509728000,361.4570668899954,364.51759731266617,359.12242306000167,364.2232971191406,27708800
2023-12-12,17.690000534057617,17.8799991607666,17.229999542236328,17.5,46231900.0,132.25,139.88999938964844,131.89999389648438,137.61000061035156,111677800,321.77432544730783,331.55840111361704,321.73466518140424,331.3105773925781,18485500,130.6514736502255,131.8310167463247,130.10630476656524,131.35523986816406,29032800,238.5500030517578,238.99000549316406,233.8699951171875,237.00999450683594,95328300,190.75440470261375,192.3746507369947,189.4107849369075,192.36477661132812,52696900,45.96430689603469,47.581431635575925,45.96430689603469,47.57244873046875,372387000,363.78190900979564,367.28387492110465,363.3993277208236,367.24462890625,24838300
2023-12-13,17.649999618530273,17.899999618530273,17.219999313354492,17.8700008392334,52682600.0,137.97000122070312,139.24000549316406,136.02999877929688,138.19000244140625,70651600,331.02304245710206,335.4243934854844,329.7442940347382,331.82598876953125,16353300,132.20767860500078,132.3266190406473,130.4135897855211,131.40480041503906,30104800,234.19000244140625,240.3000030517578,228.1999969482422,239.2899932861328,146286300,192.74019585543422,195.6151493963814,192.50309623143957,195.5756378173828,70404200,47.54449269431196,48.50778063121328,47.52353004634861,48.00267791748047,447792000,368.8533179256787,370.44246703468053,363.7033791572921,367.2347717285156,30955500
2023-12-14,18.170000076293945,18.579999923706055,17.719999313354492,18.209999084472656,67462800.0,138.88999938964844,141.82000732421875,135.72999572753906,138.0,76115200,330.9437875845794,331.7863942469266,325.77914995119795,330.26971435546875,19607300,132.20768021650815,132.5446882047304,128.55011052905618,130.78033447265625,38722400,241.22000122070312,253.8800048828125,240.7899932861328,251.0500030517578,160829200,195.63490356313392,197.21562292408947,193.79730618821,195.72381591796875,66831600,48.30413968812158,48.58364165791398,47.337858729747325,48.26420974731445,391232000,366.19497468337374,366.63640997800485,357.1899461347514,358.95562744140625,43277500
2023-12-15,18.670000076293945,19.149999618530273,18.040000915527344,18.200000762939453,93307100.0,139.52000427246094,140.88999938964844,137.25,139.14999389648438,70211800,329.0999691679317,335.7119191603619,328.33668302041815,332.0044860839844,31776900,130.4631576026789,132.33654536584615,130.0270224409382,131.43455505371094,50847100,251.2100067138672,254.1300048828125,248.3000030517578,253.5,135932800,195.1507962246044,196.01031245444227,194.62718115642724,195.19032287597656,128538400,48.10848894942567,49.31634111544804,48.034618938742405,48.803253173828125,479948000,359.858129570657,365.30233890168853,359.29898614385536,363.6641845703125,78502300
2023-12-18,18.209999084472656,18.575000762939453,17.770000457763672,17.84000015258789,60188100.0,139.14999389648438,139.7899932861328,137.64999389648438,138.89999389648438,45199500,334.54222603722934,344.53446568560287,334.08620858508846,341.62005615234375,18993900,131.46427872099582,135.94454015229283,131.26602448315583,134.60641479492188,32258000,253.77999877929688,258.739990234375,251.36000061035156,252.0800018310547,116416500,193.72813612536964,194.26164038796966,192.0486152607036,193.53054809570312,55751900,49.3123545622575,50.343518919127504,49.062798119752,49.98815155029297,412587000,362.408614614865,365.89094271187565,361.6532709896756,365.547607421875,21802900
2023-12-19,17.979999542236328,18.190000534057617,17.84000015258789,17.950000762939453,43530300.0,138.57000732421875,143.47000122070312,138.55999755859375,140.14999389648438,63739800,342.57170039286814,350.52190536641285,342.11571317990683,347.3100891113281,17729400,135.63727655584978,136.26174417356714,134.883961824314,135.44894409179688,25476800,253.47999572753906,258.3399963378906,253.00999450683594,257.2200012207031,106737400,193.79731295132126,194.5777909959987,193.53056080250687,194.5679168701172,40714100,49.33630646675969,49.61181773302037,48.80824574504592,49.515987396240234,464444000,364.4096508615579,366.14593505859375,362.7911046946417,366.14593505859375,20603700
2023-12-20,17.8700008392334,17.920000076293945,17.190000534057617,17.25,58666900.0,139.0,139.5800018310547,135.3699951171875,135.47000122070312,54671700,345.6149203637917,351.8699880301821,344.7624213705391,346.23944091796875,16369900,137.74853672465744,140.45453739695972,136.85645324467703,137.1240692138672,49107200,256.4100036621094,259.8399963378906,247.0,247.13999938964844,125097000,194.52836624027822,195.29897006409448,192.48330688476562,192.48330688476562,52242800,49.5668939044448,49.91028529819524,48.012657344636494,48.025634765625,397894000,367.8527690284867,368.8631367699809,363.46796282422974,363.5562438964844,26316700
2023-12-21,17.530000686645508,17.739999771118164,17.420000076293945,17.59000015258789,30493600.0,138.13999938964844,139.97999572753906,137.3800048828125,139.91000366210938,47179400,349.9073065078524,353.30744096637494,346.17010514062605,351.00762939453125,15289600,138.2639724149609,139.45342211326152,137.9566844233994,139.185791015625,27488300,251.89999389648438,254.8000030517578,248.5500030517578,254.5,109594200,193.73802319308166,194.70621508029078,191.16933361068988,192.33511352539062,46482500,48.72438912714479,49.00788558509217,48.33308260166921,48.903072357177734,300425000,365.45932148482285,367.27406804850153,362.9873613143247,366.420654296875,17708000
2023-12-22,17.700000762939453,17.700000762939453,17.325000762939453,17.40999984741211,33693800.0,140.47999572753906,140.6999969482422,138.30999755859375,139.60000610351562,35396600,352.48459800477934,354.09052102123616,348.1625671200634,350.3136901855469,11772800,139.53272605486842,140.74200424587772,139.4732558364047,140.24639892578125,26532200,256.760009765625,258.2200012207031,251.3699951171875,252.5399932861328,93370100,192.8290525814476,193.0562930888835,190.64568044041212,191.26809692382812,37149600,49.10770114270076,49.295367254790726,48.38099236893777,48.743350982666016,252507000,366.557985599773,368.0293969388241,365.60647173641576,367.4408264160156,17107500
2023-12-26,17.440000534057617,17.7450008392334,17.329999923706055,17.68000030517578,31750700.0,140.07000732421875,143.85000610351562,139.9199981689453,143.41000366210938,47157400,351.89973018245973,353.872427399098,350.3731579769973,351.7411193847656,9898600,140.3455151877592,141.42593118854055,139.94903696948103,140.27613830566406,16780300,254.49000549316406,257.9700012207031,252.91000366210938,256.6099853515625,86892400,191.2780297879531,191.55465607108982,190.50742584564344,190.7247772216797,28919300,48.881117433977685,49.51199608268566,48.87313220671744,49.191566467285156,244200000,367.8527423015936,369.7557695499751,366.3813313323872,367.51922607421875,12673100
2023-12-27,17.780000686645508,17.90999984741211,17.450000762939453,17.469999313354492,32918400.0,144.72000122070312,146.25,143.17999267578125,146.07000732421875,49033400,352.9703988386223,355.8748857712245,352.2170049987148,354.7150573730469,13207900,140.34552403156647,140.83122273553664,138.6604688106895,139.13624572753906,19628600,258.3500061035156,263.3399963378906,257.5199890136719,261.44000244140625,106494400,190.17150836602553,191.16933772508392,188.78836199381533,190.82354736328125,48087700,49.42315780443188,49.591856680513665,48.997911127361846,49.329322814941406,233648000,366.56778944423564,367.91167362196546,365.7045567045712,366.9405517578125,14905400
2023-12-28,17.459999084472656,17.84000015258789,17.420000076293945,17.559999465942383,38990000.0,146.8000030517578,150.41000366210938,145.9499969482422,148.75999450683594,63800700,356.5687975042497,358.7496281934857,354.69523557044886,355.2008056640625,11798800,139.54263593061398,139.8994723742898,138.5216901576727,138.99746704101562,16045700,263.6600036621094,265.1300048828125,252.7100067138672,253.17999267578125,113619900,191.80165040931152,192.3153914106068,190.8433325169925,191.24839782714844,34049900,49.55491912329638,49.79548883206165,49.324326187941345,49.43413162231445,246587000,368.2157530058411,369.2849749136942,367.02882298863733,368.1274719238281,14327000
2023-12-29,17.520000457763672,17.639999389648438,17.100000381469727,17.170000076293945,38943500.0,149.5,151.0500030517578,147.1999969482422,147.41000366210938,62079200,355.8649351224526,356.8661526201397,348.7573678571759,350.87872314453125,14987100,138.40274901874815,139.12632856419143,137.56021390956434,138.46221923828125,18733000,255.10000610351562,255.19000244140625,247.42999267578125,248.47999572753906,100891600,191.56452296375952,192.0585006042798,189.4206618129017,190.21102905273438,42672100,49.72461566156116,49.90829110638661,48.664499712290464,49.43413162231445,389293000,368.83370931155366,369.9716041347207,366.3617494835299,368.8729553222656,18730800
2024-01-02,16.950000762939453,16.950000762939453,16.5,16.579999923706055,41626700.0,144.27999877929688,144.39999389648438,137.42999267578125,138.5800018310547,64902000,348.2617247349704,350.08570368515996,337.0501820548259,343.2755126953125,19042200,137.33226187460795,138.22434556103968,135.28044822126745,136.95559692382812,23711200,250.0800018310547,251.25,244.41000366210938,248.4199981689453,104654200,184.89582930034302,186.17030008579113,181.6751004330507,183.40402221679688,82488700,49.1566219566508,49.20753015338818,47.51054964423797,48.0825309753418,411254000,366.73445558911857,368.73558288926426,359.7795900004408,363.80145263671875,25258600
2024-01-03,16.1200008392334,16.3799991607666,16.010000228881836,16.09000015258789,46865200.0,135.7100067138672,137.42999267578125,133.74000549316406,135.32000732421875,61988600,341.97691405684844,344.92106102147176,340.192565145366,341.4713439941406,15451100,136.04366979922918,138.4027561263541,135.87516579367383,137.69898986816406,24212100,244.97999572753906,245.67999267578125,236.32000732421875,238.4499969482422,121082600,182.00112426612563,183.6411336613478,181.22063114701328,182.03076171875,58414500,47.40074947125083,48.09850675959303,47.23604131164446,47.48460006713867,320896000,361.9769897820248,366.1459883616317,361.4865193608946,363.53668212890625,23083500
2024-01-04,16.049999237060547,16.579999923706055,15.949999809265137,16.25,39937700.0,134.3000030517578,137.6999969482422,134.0,136.00999450683594,58610300,341.5010789113967,345.11929909621364,340.41064851615806,344.0982666015625,12099900,137.2034105734212,137.93691208222236,135.15161188108027,135.19125366210938,27137700,239.25,242.6999969482422,237.72999572753906,237.92999267578125,102629300,179.95603270422265,180.88471299934187,178.70134046081682,179.71893310546875,71983600,47.68224124777032,48.413942329548256,47.42370194062123,47.91283416748047,306535000,363.6053473830013,365.98902639400353,360.17205450864094,360.9273681640625,20901500
2024-01-05,15.699999809265137,16.128000259399414,15.663999557495117,15.979999542236328,57700000.0,136.77999877929688,141.00999450683594,136.44000244140625,138.5800018310547,69657700,343.96941637649724,350.4227560194501,343.2457904424102,348.8862609863281,13920700,135.54805692417742,135.9544569222083,133.9621138280285,134.53701782226562,22513900,236.86000061035156,240.1199951171875,234.89999389648438,237.49000549316406,92488900,179.79798286255345,180.55869755734878,177.99989705667167,178.9977264404297,62379700,48.37601604637922,49.459090025386296,48.22029079492016,49.0098876953125,415039000,361.93774634798484,364.9688499798779,359.51482125288123,360.7409973144531,21004600
2024-01-08,16.219999313354492,16.889999389648438,16.139999389648438,16.670000076293945,49090000.0,140.36000061035156,147.14999389648438,140.14999389648438,146.17999267578125,71756900,351.61235254100137,355.85509397846937,348.98539656002515,355.5378723144531,13890200,135.09209963177744,137.78819394542484,135.06236452075504,137.61968994140625,21404000,236.13999938964844,241.25,235.3000030517578,240.4499969482422,85166600,179.89676064456035,183.36449308108033,179.3138706884217,183.32496643066406,59144500,49.42414836733732,52.18224626703925,49.391205977221674,52.160282135009766,642510000,362.26139076236115,368.04896487668356,361.9769395114855,367.5486755371094,23134000
2024-01-09,16.510000228881836,16.6299991607666,16.280000686645508,16.389999389648438,35794500.0,145.9499969482422,149.86000061035156,145.0800018310547,149.25999450683594,67875700,353.2974794746207,357.50059022164334,352.2665243572093,354.3185119628906,13463900,137.28270282254584,140.24642871103555,136.93577297492843,139.71116638183594,24759600,238.11000061035156,238.9600067138672,232.0399932861328,234.9600067138672,96705700,181.70474272826013,182.9199235647891,180.52907347198328,182.91004943847656,42841800,52.30802056933756,54.228606407883284,51.59827982301823,53.04570770263672,773100000,364.91979160608497,368.8239167777909,364.1154129764403,368.62774658203125,20830000
2024-01-10,16.5,17.030000686645508,16.399999618530273,16.790000915527344,41254400.0,150.07000732421875,150.8800048828125,146.64999389648438,148.5399932861328,56951200,357.03470018708344,369.6935252666552,355.95416211609205,367.2450256347656,22117200,139.7607161678604,141.74313767378752,139.67151083001588,141.0294647216797,21320200,235.10000610351562,235.5,231.2899932861328,233.94000244140625,91628500,182.12956878813148,184.15486512874935,181.7047401626592,183.94740295410156,46792900,53.52087170860792,54.50312317370562,53.39409433002728,54.25356674194336,533796000,369.1966857666869,376.84804200266086,369.1476507008414,375.4747009277344,25514200
2024-01-11,16.809999465942383,16.93000030517578,16.170000076293945,16.68000030517578,39552400.0,148.52000427246094,150.3800048828125,143.69000244140625,148.02000427246094,62764600,368.8905420914892,369.53487766691745,359.77061774846607,366.45196533203125,17205400,142.2288332953947,143.9436236258308,139.40387666099627,140.8312225341797,24008700,230.57000732421875,230.92999267578125,225.3699951171875,227.22000122070312,105873600,184.29316874581366,184.7970355796361,181.4083411771675,183.3546142578125,49128400,54.9014155282273,55.247799966123495,53.46496957614301,54.724727630615234,596759000,378.6431088178606,383.23390409247884,373.1302268937335,377.2992248535156,27850800
2024-01-12,16.68000030517578,17.059999465942383,16.6200008392334,16.760000228881836,33952600.0,148.0399932861328,148.75,145.0,146.55999755859375,48293100,366.9377174545656,373.7776460956339,366.32311946752475,371.2300109863281,19310000,141.41602290609686,141.94136334539857,140.57350292074238,141.3961944580078,18785500,220.0800018310547,225.33999633789062,217.14999389648438,218.88999938964844,123043800,183.81896194364214,184.49077939116623,182.95944565085554,183.68064880371094,40477800,54.52308221048439,54.872463461679565,54.23359967517569,54.61292266845703,352994000,378.14285622037966,381.27205974083927,377.31886954764786,381.0660705566406,21661200
2024-01-16,16.59000015258789,16.739999771118164,16.290000915527344,16.530000686645508,32659300.0,150.36000061035156,159.72000122070312,149.97999572753906,158.74000549316406,112711400,370.39731754067816,372.3402469912931,364.0332214951215,364.2611999511719,15306900,140.75191120368166,143.08126226290798,140.20674232549314,141.23760986328125,22670500,215.10000610351562,223.49000549316406,212.17999267578125,219.91000366210938,115355000,179.96593271976667,182.04062970854807,178.7507369031224,181.41822814941406,65603000,54.920385030235444,56.734158722808395,54.80259436306696,56.28196334838867,449580000,386.15716028479716,386.52010359232963,380.2322694497991,382.8317565917969,27202300
2024-01-17,16.260000228881836,16.40999984741211,16.049999237060547,16.389999389648438,30832800.0,158.4499969482422,160.63999938964844,154.39999389648438,160.1699981689453,104085000,363.1112511531766,365.3317719420293,355.4881921825926,365.1632385253906,12724800,140.1076373156861,140.59332087480647,137.67915902138483,140.22657775878906,20968600,214.86000061035156,215.6699981689453,212.00999450683594,215.5500030517578,103164400,179.08666971271487,180.72666412936158,178.1283518215105,180.47967529296875,47317400,56.24702551752996,56.370806056804064,54.64287831771136,55.953548431396484,474394000,380.5854353256014,382.6748141545887,377.4758397118604,382.0470275878906,22234100
2024-01-18,16.75,16.809999465942383,16.100000381469727,16.399999618530273,35239700.0,166.1999969482422,168.60000610351562,158.22000122070312,162.6699981689453,131864900,368.25612070140227,373.5694769229854,367.7208432542545,372.8557434082031,16354300,140.80147859071877,142.94249726620274,140.7420083705122,142.21890258789062,25746400,216.8800048828125,217.4499969482422,208.74000549316406,211.8800048828125,108595400,183.8485869578717,186.86185345428623,183.59172402252184,186.35800170898438,78005800,57.15840468720761,57.49780159403606,56.00745052096862,57.00567626953125,491650000,384.2541120354354,386.48083676243556,382.68460084723523,386.3631286621094,23392100
2024-01-19,16.56999969482422,16.780000686645508,16.149999618530273,16.780000686645508,40690600.0,165.8000030517578,174.25,162.1999969482422,174.22999572753906,140367900,375.7007859201314,381.0141123293726,374.6797533320612,380.112060546875,21670800,143.4678295070268,145.16279118468964,143.11099308151773,145.09341430664062,34271900,209.99000549316406,213.19000244140625,207.55999755859375,212.19000244140625,102260300,187.0495648712278,189.63800274105876,186.5457131326349,189.25270080566406,68903000,57.88610696898355,59.394427545023596,57.12346261571884,59.38544464111328,543501000,388.21711414753673,391.0716552734375,386.0001785110236,391.0716552734375,29331100
2024-01-22,17.459999084472656,18.350000381469727,17.43000030517578,17.600000381469727,85573900.0,174.38999938964844,174.72000122070312,164.14999389648438,168.17999267578125,122973800,384.57287645581624,386.95197821430475,377.8419754760099,378.4565734863281,17680500,145.80709257030463,147.0857476531187,144.55815747232313,144.70684814453125,32200400,212.25999450683594,217.8000030517578,206.27000427246094,208.8000030517578,117952500,189.9838116367789,192.97731505960866,189.94428498185601,191.55465698242188,60133900,59.942452516713104,60.223953645882176,58.96518950299891,59.548152923583984,452955000,392.3959630178593,392.9845335375129,386.08852029622886,388.952880859375,27016900
2024-01-23,17.639999389648438,17.729999542236328,17.200000762939453,17.329999923706055,37794300.0,166.5,169.6300048828125,164.27000427246094,168.4199981689453,76830500,381.2718033118794,384.9990814617669,378.75390603497135,381.8467712402344,15506100,144.60773333501743,145.88638852663772,144.22116175386006,145.74761962890625,21636100,211.3000030517578,215.64999389648438,207.75,209.13999938964844,106605900,192.67104017695664,193.39224330006388,191.49537099853464,192.8291015625,42355600,59.46430561582059,59.803702511682395,58.48105267598879,59.76676940917969,294654000,388.2073142541726,391.7681340805433,386.4219948473302,391.2972717285156,20525900
2024-01-24,17.510000228881836,17.649999618530273,16.735000610351562,16.75,42710700.0,172.5500030517578,180.5800018310547,170.55999755859375,178.2899932861328,125516400,386.60497070171994,392.70142765086376,384.434032676857,387.29888916015625,15698500,147.23443853833155,148.5329373289827,146.79831851190932,147.39303588867188,25233500,211.8800048828125,212.72999572753906,206.77000427246094,207.8300018310547,123369900,193.06621990928542,194.01466361551059,191.99922639290756,192.1573028564453,53631300,60.19699904963291,62.73748144195341,59.83164734308872,61.25312042236328,560271000,393.8869938433054,397.89903829237466,392.81777191847715,394.8875427246094,24867000
2024-01-25,16.920000076293945,17.0,16.309999465942383,16.459999084472656,44589000.0,183.41000366210938,184.9199981689453,177.6300048828125,180.3300018310547,127171400,386.7735471204069,392.047213033443,382.302797409854,389.75732421875,15091100,148.7509891835985,151.7047926793007,148.22563362553456,150.53515625,29149100,189.6999969482422,193.0,180.05999755859375,182.6300048828125,198076800,192.86862433386716,193.90598035718745,190.78403816176663,191.83126831054688,54822100,62.239368666397,62.607717226695215,60.742030169454694,61.50767135620117,482777000,396.61405889574223,399.2527924914064,394.85816618304193,397.153564453125,21021200
2024-01-26,16.399999618530273,16.75,16.34000015258789,16.350000381469727,28612200.0,175.2899932861328,181.22999572753906,174.14999389648438,177.25,107381200,390.91714783237995,393.3359097959545,388.18116424199445,390.708984375,13163700,149.7719550941985,151.19928591444616,149.68273462913356,150.8523712158203,26115500,185.5,186.77999877929688,182.10000610351562,183.25,107343200,191.93006387634745,192.41415228379137,189.6281264159501,190.1023406982422,44594000,60.85183343731232,61.67337498834804,60.4655228910145,60.922706604003906,390309000,396.6630311468464,398.4287425690661,394.7600035777077,396.2314147949219,17803300
2024-01-29,16.450000762939453,17.110000610351562,16.43000030517578,17.09000015258789,35987800.0,178.77000427246094,178.88999938964844,174.39999389648438,177.8300018310547,89384500,391.55154595567524,399.422429541813,389.6780144066085,397.529052734375,18742400,150.72346860231778,152.42835189935127,150.0990011375113,152.1607208251953,27784300,185.6300048828125,191.47999572753906,183.6699981689453,190.92999267578125,125013100,189.6972652775173,189.8849791703456,187.2965414692382,189.42063903808594,47145600,61.12335395532468,62.37812361839996,60.79893365210522,62.35416793823242,348733000,398.3207945584323,402.16609543170915,396.62375630100183,401.9110412597656,24510200
2024-01-30,17.040000915527344,17.239999771118164,16.65999984741211,16.739999771118164,36388200.0,176.1300048828125,178.47999572753906,169.52000427246094,172.05999755859375,122265700,400.0766619883151,402.8225376750017,396.0916678100326,396.577392578125,18614700,151.45698753735525,152.26977239045794,149.86113781545077,150.12876892089844,36331800,195.3300018310547,196.36000061035156,190.61000061035156,191.58999633789062,109982300,188.64016451675863,189.48980657471878,185.21195883551243,185.77508544921875,55859400,62.788400246614664,63.38034661468554,62.1495325776363,62.662620544433594,410735000,404.40264755037606,405.1775691973873,398.7033841260815,400.8025817871094,33477600
2024-01-31,16.40999984741211,16.760000228881836,16.06999969482422,16.09000015258789,43582500.0,165.74000549316406,171.3000030517578,162.55999755859375,167.69000244140625,133157300,385.6137446586027,394.53539941934156,383.73029025949774,386.74383544921875,20180800,142.35765687548871,142.73432173106326,138.6406172470756,138.8686065673828,71910000,187.0,193.97000122070312,185.85000610351562,187.2899932861328,103221400,184.7871410441138,184.846431021382,182.12955411744667,182.17893981933594,55467800,61.330983989988475,62.15851544921119,60.59229912426738,61.41783142089844,453795000,399.2037024045015,407.4043839387936,389.6395285786488,390.0024719238281,47871100
2024-02-01,16.209999084472656,16.48699951171875,16.030000686645508,16.329999923706055,40454400.0,169.27000427246094,171.13999938964844,165.86000061035156,170.47999572753906,91576700,390.51069973653455,397.01359160077834,389.6284327898342,391.3433837890625,29727100,140.87088072545782,141.80262134151818,139.55256848408283,139.91932678222656,40466500,188.5,189.8800048828125,184.27999877929688,188.86000061035156,91843300,181.77390231724044,184.69824158324056,181.6059517240919,184.6093292236328,64885400,61.98981163068563,63.07887923181449,61.5406131324354,62.91516876220703,369146000,394.1713822058696,400.2237994029656,394.1419551827626,396.084228515625,30657700
2024-02-02,16.34000015258789,17.020000457763672,16.145000457763672,17.020000457763672,57672700.0,173.7899932861328,179.0,173.0500030517578,177.66000366210938,82134300,455.59912098341835,481.72963881592403,449.0664915252919,470.8551330566406,84707600,138.0360130379911,141.3664819906908,135.3002766258251,141.12860107421875,62499600,185.0399932861328,188.69000244140625,182.0,187.91000366210938,110612700,177.6936383802958,185.07366557426653,177.0909850527091,183.6114959716797,102551700,63.86048434942647,66.48182425910672,63.57698787949549,66.04261016845703,476578000,396.11373185699847,404.78524558913676,395.86849663854684,403.38250732421875,28256700
2024-02-05,17.559999465942383,17.8700008392334,16.479999542236328,16.719999313354492,167698300.0,179.08999633789062,180.00999450683594,171.11000061035156,174.22999572753906,76349200,465.7896560115249,467.79206083413476,455.22244866654785,455.4107971191406,40832400,141.56473326856243,144.1914358303926,141.5250763668689,142.4171600341797,38505400,184.25999450683594,184.67999267578125,175.00999450683594,181.05999755859375,134294400,185.88375846902116,186.97051518171523,183.60158444736317,185.41941833496094,69668800,68.10394628020288,69.37369252800232,67.08575942583846,69.208984375,680078000,402.08760781050484,403.32360273614995,396.290244380319,397.9186096191406,25352300
2024-02-06,20.299999237060547,22.18000030517578,19.760000228881836,21.8700008392334,420501900.0,173.14999389648438,173.8800048828125,165.5,167.8800048828125,68854100,459.9608428440702,463.0536781539214,449.056598724922,450.7616271972656,21655200,143.37864998654152,144.08241637721628,141.93149054890756,142.83349609375,29128200,177.2100067138672,186.49000549316406,177.11000061035156,185.10000610351562,122676000,184.60929974417922,187.02978684421677,184.5203873987695,187.01991271972656,43490800,69.50645284574946,69.630233381063,66.18236704818828,68.1019515991211,683111000,398.14423897907153,400.1944015675409,395.23084373526007,397.76165771484375,18382600
2024-02-07,21.600000381469727,23.8700008392334,21.3799991607666,23.600000381469727,254911100.0,169.47000122070312,172.97000122070312,168.1999969482422,170.94000244140625,53665400,454.0130625295491,467.41535863754694,452.20889855772646,465.5021667480469,23066000,143.48767523899187,144.34011716332222,142.6649684297807,144.2608184814453,25208900,188.17999267578125,189.7899932861328,182.67999267578125,187.5800018310547,111535200,188.3437971267345,188.74886241631054,186.33824908078662,187.1286163330078,53439000,68.19778404882926,70.09541214076467,67.48005798042527,69.97462463378906,495575000,399.67453429921477,406.4037740259386,399.6352882839393,406.1585388183594,22340500
2024-02-08,23.959999084472656,25.059999465942383,23.31999969482422,24.510000228881836,212671100.0,170.3300018310547,172.1699981689453,168.60000610351562,169.35000610351562,43385300,464.24323169322327,466.49346021033546,460.98186302371124,465.9085998535156,18815100,144.54826480197747,145.0438701746272,143.82468519281807,144.6275634765625,22563800,189.0,191.6199951171875,185.5800018310547,189.55999755859375,83034000,187.10883150171134,187.25701874915856,185.09340956143063,186.05172729492188,40962000,69.94967122078744,70.66839500514845,69.3317737851438,69.51744079589844,414422000,406.15849214322577,407.63972220628386,404.6674730294275,406.21734619140625,21225300
2024-02-09,25.040000915527344,25.110000610351562,23.56999969482422,24.3799991607666,149062000.0,171.0,175.10000610351562,168.66000366210938,172.47999572753906,56375700,468.8329280456372,469.4673410411531,463.4006211841716,464.0350341796875,18413100,145.39076798904887,148.1265190084021,144.89516267391085,147.6903839111328,26829500,190.17999267578125,194.1199951171875,189.47999572753906,193.57000732421875,84476300,186.61554504333301,187.94110561883974,185.97256084406592,186.8134002685547,45155200,70.40785287358678,72.05692221360141,70.08742326576261,72.00502014160156,436637000,407.3356331031592,412.799480086422,407.17867899598485,412.53460693359375,22032800
2024-02-12,23.90999984741211,25.524999618530273,23.81999969482422,25.049999237060547,108173000.0,172.67999267578125,177.41000366210938,170.6699981689453,171.91000366210938,58177100,464.1143958268208,474.9789802603111,462.51839518929904,464.8182067871094,19382000,147.11549911454978,148.02741119835667,146.07472479210762,146.2333221435547,21564100,192.11000061035156,194.72999572753906,187.27999877929688,188.1300048828125,95498600,186.38806813077576,186.63537211912902,184.7756412965565,185.1317596435547,41781900,72.47117717433613,74.4786104438433,71.12357413495056,72.11980438232422,613710000,412.54446380988065,412.7210259706923,406.8452001103824,407.3454895019531,21202900
2024-02-13,23.530000686645508,24.65999984741211,23.309999465942383,24.010000228881836,102293300.0,167.94000244140625,173.1699981689453,164.3000030517578,171.5399932861328,63071300,452.892885158852,463.8169740536251,451.1283814896447,456.1145935058594,20916600,143.6462512860247,145.3808699923918,142.42706637302987,143.86431884765625,27837700,183.99000549316406,187.25999450683594,182.11000061035156,184.02000427246094,86759500,183.76663306878044,184.20189045877694,181.53099558275042,183.04449462890625,56529500,70.2750920169868,73.31967588505927,69.49647717607553,72.0000228881836,602580000,397.2221636270064,402.2543946406928,395.70171738557195,398.57586669921875,27824900
2024-02-14,24.149999618530273,25.5,23.7549991607666,25.190000534057617,97227900.0,173.47000122070312,178.74000549316406,172.8800048828125,178.6999969482422,57402500,463.85660058253393,469.982795609744,462.03262165462274,469.1600341796875,16858400,144.79605648646725,145.23219160120888,142.82354180831294,144.65728759765625,22704200,185.3000030517578,188.88999938964844,183.35000610351562,188.7100067138672,81203000,183.32148884677065,183.52921572281525,180.4725423642709,182.16409301757812,54630500,73.0721231436502,74.10428513350574,71.81036588559786,73.76888275146484,504917000,401.03272774217567,402.7721928081846,397.5930862054174,402.42822265625,20401200
2024-02-15,25.040000915527344,25.459999084472656,24.709999084472656,25.40999984741211,70544300.0,179.13999938964844,180.5,175.25999450683594,176.75999450683594,51126400,471.1425770136393,484.3664456134725,468.109217437991,479.81640625,24212300,141.88189508654546,142.25855998207064,139.22545774352974,141.51515197753906,37590700,189.16000366210938,200.8800048828125,188.86000061035156,200.4499969482422,120831800,181.57057328309747,182.50043860227981,179.3943014199978,181.87722778320312,65434500,73.73794078168315,73.84374789733648,72.27154539670707,72.52908325195312,420122000,401.10153638347543,402.07445398469247,397.31792461353893,399.54876708984375,21825500
2024-02-16,24.959999084472656,25.4950008392334,24.389999389648438,24.440000534057617,65498200.0,177.4499969482422,180.3300018310547,173.25,173.8699951171875,53940300,473.9479877976202,474.7905945088787,465.12546928119934,469.19970703125,23324600,141.73323445625792,141.93147358673406,138.9082776917751,139.28494262695312,31468900,202.05999755859375,203.1699981689453,197.39999389648438,199.9499969482422,111346700,181.44197861733377,182.8565652037317,179.7108507918506,180.3439483642578,49752500,73.9685224984471,74.2699886080868,72.37236058649458,72.48416137695312,495327000,400.9246260176193,401.24895188558764,396.4825852713034,397.0918884277344,22296500
2024-02-20,23.84000015258789,24.0,22.71500015258789,23.399999618530273,93374300.0,171.13999938964844,171.80999755859375,162.0,165.69000244140625,66550000,465.63101374806274,472.03476994795795,462.49851842146023,467.6433410644531,18015500,138.43249472896153,140.83122289008293,138.26399071915645,139.87965393066406,25144700,196.1300048828125,198.60000610351562,189.1300048828125,193.75999450683594,104545800,179.82955095197704,180.46264852115328,178.0588611409836,179.60203552246094,53665600,71.81934169951924,71.82832841143384,67.61381946264177,69.32877349853516,704833000,396.28600214507156,397.5144455402651,391.1462141740097,395.8437805175781,24307900
2024-02-21,22.299999237060547,22.93000030517578,22.290000915527344,22.739999771118164,59628300.0,162.74000549316406,164.89999389648438,161.80999755859375,164.2899932861328,48365700,462.9297393124739,465.41060608263723,458.25579479701133,464.4480285644531,12921800,140.2067659418033,141.4358727901422,139.44352938378043,141.29710388183594,23223300,193.36000061035156,199.44000244140625,191.9499969482422,194.77000427246094,103500300,179.9779444437335,180.91769653606136,178.71174929095213,180.35385131835938,41371400,67.88533642606332,68.76577530674938,66.13045996080022,67.35228729248047,673755000,393.2690069492409,395.35244235543763,390.3698682526408,395.24432373046875,18518900
2024-02-22,23.770000457763672,23.950000762939453,23.049999237060547,23.59000015258789,64458200.0,173.1999969482422,183.8300018310547,172.0,181.86000061035156,100684700,476.56457866928184,486.2399591800924,472.41657665178604,482.4095153808594,21625800,143.65614538078825,143.72553738281633,141.5448770819428,142.8235321044922,27191900,194.0,198.32000732421875,191.36000061035156,197.41000366210938,92739500,181.50134277124772,182.96539328132977,180.49235334512917,182.38174438476562,52292200,74.89189108055353,78.43558804957509,74.08831901858908,78.3986587524414,865100000,403.1162117164581,405.7106689082216,401.5241536683513,404.551025390625,27009900
2024-02-23,23.530000686645508,24.06999969482422,22.81999969482422,22.969999313354492,48840800.0,181.86000061035156,183.8000030517578,174.5500030517578,176.52000427246094,69207400,484.3148150393008,490.57652055497664,478.6584567835847,480.3255920410156,18374300,142.40722734128093,143.40834461824574,142.1693313486327,142.69468688964844,19493800,195.30999755859375,197.57000732421875,191.5,191.97000122070312,78841900,183.01486573038227,183.04454100592469,180.26484617235863,180.55172729492188,45119700,80.64665337566204,82.24780364536768,77.4323654765101,78.67715454101562,829388000,408.5016799323737,408.6883757427927,401.9172111140197,403.2635803222656,16295900
2024-02-26,23.030000686645508,23.8799991607666,22.940000534057617,23.559999465942383,46499500.0,178.77999877929688,179.83999633789062,174.80999755859375,176.00999450683594,45435100,479.76987131875444,482.41945039379345,476.921841069552,478.0531005859375,12101400,140.89067986576057,141.18804608290887,136.18242932238044,136.36085510253906,53641800,192.2899932861328,201.77999877929688,192.0,199.39999389648438,111747100,180.27471486922383,180.78909628027105,178.7018500832812,179.20635986328125,40867400,79.55858308487059,80.5029113343283,78.36570371037314,78.95166778564453,503973000,404.36425308702184,405.05219339501383,400.33495269298504,400.5118713378906,16193500
2024-02-27,23.760000228881836,24.6200008392334,23.719999313354492,24.530000686645508,64967400.0,175.9199981689453,178.4600067138672,172.49000549316406,178.0,43665200,476.30655049389355,483.5407356847416,476.2470121182993,483.3224182128906,10809600,136.80692088729302,138.02610595453126,135.88508696473966,137.65936279296875,33099200,204.0399932861328,205.60000610351562,198.25999450683594,199.72999572753906,108645400,179.1470231922399,181.93660445629962,177.6236221032545,180.6605224609375,54318900,79.24015705268404,79.338988045559,77.02509990421383,78.56136322021484,391705000,400.9541264549498,401.27845233828214,396.88553712565647,400.45294189453125,14835800
2024-02-28,24.520000457763672,24.84000015258789,24.2450008392334,24.420000076293945,47314000.0,176.25,176.83999633789062,173.58999633789062,176.5399932861328,35914400,481.2881234084936,487.29180850441577,479.0553434545367,480.31561279296875,12715500,136.68794956560583,136.796983347661,134.21984460085443,135.1813201904297,37328600,200.4199981689453,205.3000030517578,198.44000244140625,202.0399932861328,99806200,180.5417731107642,181.14519536218177,178.18744973320082,179.46353149414062,48953900,77.48226929356848,78.79293534780788,76.98814490868608,77.52519226074219,393110000,401.1408710933735,402.24155173669396,398.3302065928444,400.6888122558594,13183100
2024-02-29,24.809999465942383,25.292999267578125,24.360000610351562,25.079999923706055,62753300.0,179.82000732421875,193.0,179.82000732421875,192.52999877929688,105538500,484.70180744595217,487.93686726454155,478.91640943030325,486.3788757324219,17732000,136.07339035713764,137.63950492469195,135.2011201866837,137.24302673339844,42133000,204.17999267578125,205.27999877929688,198.4499969482422,201.8800048828125,85907000,179.31517776545977,180.6011615069905,177.59393659501978,178.80078125,136682600,78.95366810218512,79.84807446200602,78.2109848648127,78.97163391113281,507289000,401.59293981884394,407.05705416129825,398.9198455368932,406.5067138671875,31947300
2024-03-01,25.299999237060547,25.690000534057617,24.53499984741211,24.93000030517578,64794400.0,197.91000366210938,202.72000122070312,195.4199981689453,202.63999938964844,103820800,488.3437040291378,500.39080710945973,488.0857144887077,498.4557189941406,16273600,137.21331726802944,137.64945248283644,135.71659425783088,135.93466186523438,31151100,200.52000427246094,204.52000427246094,198.5,202.63999938964844,82243100,177.6137198257161,178.5831471920378,175.46712311031385,177.7225341796875,73563100,79.8580626053772,82.15398495162512,79.29406260115205,82.13301849365234,479135000,404.17753137688453,408.6982091819838,403.79427262351686,408.3345947265625,17823400
2024-03-04,24.399999618530273,24.579999923706055,23.530000686645508,24.040000915527344,64320000.0,205.16000366210938,211.00999450683594,203.5,205.36000061035156,86835300,499.1503823962354,500.5595280134549,492.62075453598,494.377197265625,12324100,134.46764221027212,134.46764221027212,130.75060222297805,132.17794799804688,55999400,198.72999572753906,199.75,186.72000122070312,188.13999938964844,134334900,174.25036500096815,174.9922768844708,171.91581500377694,173.21170043945312,81510100,83.98072393894745,87.53940093463996,83.57045769196934,85.08576202392578,615616000,406.3101300793095,410.1527047870807,405.2094495475142,407.7646179199219,17596000
2024-03-05,23.959999084472656,24.409000396728516,23.43000030517578,23.809999465942383,49542300.0,200.5,205.3300018310547,199.14999389648438,205.1300048828125,65407100,491.2115858850194,491.7871336101802,484.15601582408954,486.4681701660156,15325300,130.72087171210643,132.06891886657937,129.5215001124862,131.50392150878906,40194800,183.0500030517578,184.58999633789062,177.57000732421875,180.74000549316406,119660800,168.91849794898403,170.1846930657021,167.7907924514621,168.285400390625,95132400,85.12269695886387,85.94827183043155,83.27290109267872,85.81549835205078,520639000,406.821192843755,407.1062001502952,393.7309209213856,395.70623779296875,26919200
2024-03-06,25.75,26.75,24.530000686645508,26.15999984741211,207386900.0,210.42999267578125,214.80999755859375,207.32000732421875,210.6300048828125,86687000,493.8214657207925,499.120593170195,490.50703156108455,492.2932434082031,11757900,131.94995491359472,132.40591846062833,129.69991766152992,130.2450714111328,35318600,179.99000549316406,181.5800018310547,173.6999969482422,176.5399932861328,107920900,169.21525418377138,169.39332087872134,166.8609157238647,167.29617309570312,68587700,87.8699456446009,89.56900130568565,86.87965493223747,88.54676818847656,582520000,396.02065166450416,398.17288679705825,391.51964845962806,395.15582275390625,22344100
2024-03-07,27.010000228881836,27.5,26.3799991607666,26.459999084472656,117519300.0,212.52000427246094,213.8300018310547,208.22000122070312,211.3800048828125,63869000,499.4282074814689,515.8713680175964,497.542754953555,508.27001953125,18586400,131.62286181229678,133.75397388585452,130.45324044956945,133.1988983154297,37738200,174.35000610351562,180.0399932861328,173.6999969482422,178.64999389648438,102129000,167.32586658446218,168.88882954707424,166.67299554984157,167.177490234375,71765100,90.00225477502153,92.60674904676837,89.44721547430589,92.50891876220703,608119000,399.1163207431,402.7132064248943,395.3032278348167,402.0842590332031,18718500
2024-03-08,27.190000534057617,27.280000686645508,25.809999465942383,26.040000915527344,84256100.0,213.41000366210938,227.3000030517578,205.60000610351562,207.38999938964844,120815200,510.2547778719805,519.5629952336415,495.5283557341361,502.0778503417969,18597100,133.03041390483907,136.8763016912152,132.822252972934,134.21986389160156,39370400,181.5,182.72999572753906,174.6999969482422,175.33999633789062,85544600,167.1774852017091,171.82679686006907,167.11813466346086,168.88882446289062,76267000,94.9736304522142,97.23172342794146,86.35654019119092,87.37677764892578,1142269000,400.92464441897226,403.3422428484954,397.35723965535834,399.21466064453125,18002200
2024-03-11,25.889999389648438,26.829999923706055,25.290000915527344,25.350000381469727,60829300.0,203.00999450683594,203.5500030517578,196.6999969482422,198.38999938964844,73098600,493.2062214717345,493.51384651254926,472.3570085263561,479.888916015625,20428300,134.93353345070832,137.8774307891928,134.93353345070832,136.45999145507812,32437800,175.4499969482422,182.8699951171875,174.8000030517578,177.77000427246094,85391500,171.07500788792643,172.49948126334272,170.1946063009313,170.88705444335938,60139500,86.27968352904108,88.64358872381372,84.02059266805003,85.62581634521484,678364000,396.7970416276203,398.68391382966877,394.34015491255184,397.5439147949219,16120800
2024-03-12,25.56999969482422,25.639999389648438,24.350000381469727,24.700000762939453,75202600.0,200.52000427246094,202.85000610351562,194.27000427246094,202.75999450683594,68951700,489.48491194914317,498.46563690206807,481.0201963453091,495.92523193359375,15448200,135.8256335556507,138.15498530864716,135.8256335556507,137.28271484375,27563400,177.77000427246094,179.42999267578125,172.41000366210938,177.5399932861328,87391700,171.28273835287425,172.1532532324886,169.16581679091567,171.36187744140625,59825400,87.8969031445505,91.80114256968415,86.0011815049168,91.75422668457031,668075000,400.5905029088669,408.4034154899357,399.7748296289143,408.118408203125,22457000
2024-03-13,24.700000762939453,25.440000534057617,24.600000381469727,25.0,59713000.0,198.72999572753906,198.8300018310547,192.6999969482422,194.7899932861328,70526900,491.59863706276775,497.14585137802413,487.27198978393096,491.7772521972656,12090700,137.7782905156126,139.84991729704038,137.7683838532644,138.56134033203125,23347200,173.0500030517578,176.0500030517578,169.14999389648438,169.47999572753906,106524500,170.90685960163916,171.32232852748163,168.9185256992457,169.2845458984375,52488700,90.89770650975179,91.34592838246506,88.28222971094472,90.73099517822266,635713000,410.88979275530687,410.96839994406946,404.3544792559954,407.9415283203125,17115900
2024-03-14,24.829999923706055,24.969999313354492,24.139999389648438,24.43000030517578,49214800.0,192.9199981689453,196.92999267578125,184.02999877929688,187.05999755859375,84490500,496.4313625069967,497.5130167599525,484.4239615573876,488.06585693359375,12620000,139.9490536613269,142.3279535040784,139.22547402056372,141.84226989746094,42753400,167.77000427246094,171.1699981689453,160.50999450683594,162.5,126325700,171.0453430786352,172.43023944819464,170.19461671040915,171.13436889648438,72913500,89.42226608746894,90.48941971581641,86.4504036300163,87.79208374023438,602318000,412.99286375239626,420.4421618629372,410.7816654727546,417.8869934082031,34157300
2024-03-15,23.850000381469727,24.100000381469727,23.420000076293945,23.489999771118164,61421000.0,184.8300018310547,193.8000030517578,184.47999572753906,191.05999755859375,95289500,485.2674143918524,488.0658087524492,477.61640039856326,480.3949890136719,29153600,141.24752279739727,141.9215388042357,138.7992311922684,139.93911743164062,49475400,163.16000366210938,165.17999267578125,160.75999450683594,163.57000732421875,97146800,169.32406299160928,170.7584228515625,168.45354827638914,170.7584228515625,121752700,86.77984124405515,89.39131979974543,86.10800722766477,87.68527221679688,642086000,412.0592402980969,415.31215606424155,405.6713345351322,409.2387390136719,45079900
2024-03-18,23.770000457763672,24.18000030517578,23.31999969482422,24.0,44083000.0,193.2899932861328,193.5,188.0500030517578,190.64999389648438,59306900,488.14521760990164,493.61305704404583,483.08424391414707,493.1764221191406,11755300,147.3038069838802,150.8126858318924,145.87646130852835,146.38197326660156,69273700,170.02000427246094,174.72000122070312,165.89999389648438,173.8000030517578,108214400,173.67662817447325,175.79354941833483,171.64873273149365,171.84657287597656,75604200,90.23185202169164,92.24536587684682,86.9345566695886,88.30219268798828,668976000,407.10613532964646,413.47439659588105,406.64423942002503,410.1231994628906,20106000
2024-03-19,23.5,23.829999923706055,22.920000076293945,23.799999237060547,43247200.0,183.16000366210938,185.61000061035156,177.36000061035156,181.4199981689453,83509500,484.4339234616949,492.82916843845874,477.59663985753673,492.442138671875,10903100,146.8577896722865,147.4822421656298,144.79606947876087,145.7377166748047,24070400,172.36000061035156,172.82000732421875,167.4199981689453,171.32000732421875,77271400,172.45988088096897,174.70540499850514,171.1640105835326,174.18112182617188,55215200,86.55022352343148,90.38758481674583,84.86314816147532,89.24356842041016,672171000,410.62442124737834,414.39822603826195,408.38374152289526,414.1427001953125,19837900
2024-03-20,23.770000457763672,24.649999618530273,23.670000076293945,24.56999969482422,40273800.0,182.02999877929688,182.67999267578125,174.0,179.72999572753906,81773100,495.677115993422,504.31054334054676,491.38026863320005,501.6510314941406,11711100,146.69917689330697,147.5516186613226,145.45025691328723,147.43267822265625,21311500,173.0,176.25,170.82000732421875,175.66000366210938,83846700,173.82501083363408,176.74319458007812,173.20180001631465,176.74319458007812,53423100,89.64187768825083,90.25382534481801,88.07059918494765,90.21588897705078,479063000,414.72248109059194,418.6141812833587,413.40559339888034,417.89678955078125,17860100
2024-03-21,25.299999237060547,25.329999923706055,24.440000534057617,24.489999771118164,37099600.0,185.97000122070312,187.69000244140625,177.66000366210938,178.67999267578125,75265600,510.7707530405325,511.09818381772453,502.13732529141583,503.8739318847656,9712500,148.15623210314834,149.04831548797466,145.60881390201033,146.30267333984375,24755600,176.38999938964844,178.17999267578125,171.8000030517578,172.82000732421875,73178000,175.1406653733646,175.57592275278003,168.9976284397713,169.52191162109375,106181300,92.14054972284487,92.48794810720764,90.24881917443113,91.27703857421875,480372000,422.4175434948656,423.39049128146365,419.793604595033,421.9654846191406,21296200
2024-03-22,24.200000762939453,24.475000381469727,24.020000457763672,24.18000030517578,25453000.0,177.2100067138672,180.75999450683594,175.0500030517578,179.64999389648438,57899100,503.11972128020517,506.06699186474566,500.48007571593536,505.6799621582031,8120600,147.8093478613808,150.24773305463123,147.6705789560528,149.44485473632812,29211800,166.69000244140625,171.1999969482422,166.3000030517578,170.8300018310547,75580600,169.90770741812418,171.18380430580046,168.22604350725265,170.42210388183594,71160100,90.9835569272488,94.61427521165601,90.67708804781446,94.1261215209961,586719000,422.2897797457437,422.44699413264203,418.72237476810477,421.3463134765625,17648500
2024-03-25,24.1200008392334,24.6200008392334,24.049999237060547,24.510000228881836,29255900.0,172.89999389648438,182.8000030517578,172.0,178.6300048828125,71935300,501.91901611098194,503.33806453967446,496.4114740821437,499.1701965332031,8380600,148.62216008602792,149.05829528824307,146.5207978840941,148.7510223388672,19229300,168.75999450683594,175.24000549316406,168.72999572753906,172.6300048828125,74228600,168.7305586050563,170.08577952012527,167.6226265638577,169.00753784179688,54288300,93.77871885813295,96.59883562555477,93.34846365413705,94.83788299560547,552136000,417.9066185646381,420.03920955948905,414.33921403828305,415.5676574707031,18060500
2024-03-26,24.760000228881836,25.469999313354492,24.469999313354492,24.889999389648438,43610500.0,179.5399932861328,182.60000610351562,176.3300018310547,177.8699951171875,65322400,501.2640919046953,506.09681547367757,491.41999934541593,492.0948181152344,11205400,148.8996917949052,150.921755229205,148.6617957512971,149.34573364257812,22149100,178.5800018310547,184.25,177.3800048828125,177.6699981689453,113186200,168.16670300567833,169.57138777241732,167.7512341389727,167.8798370361328,57388400,95.68541767838448,96.20851455285562,92.34220396856466,92.4011001586914,513648000,418.270209700842,418.6436612820826,414.0836951106592,414.3785095214844,16725600
2024-03-27,25.0,25.479999542236328,24.260000228881836,24.510000228881836,38600100.0,179.9600067138672,181.22999572753906,175.39999389648438,179.58999633789062,55685600,495.4786906872178,496.0642018848251,484.3346567294072,490.080322265625,9989700,149.85121819279237,150.30718174477965,147.59125913003174,149.5439453125,22879200,181.41000366210938,181.91000366210938,176.0,179.8300018310547,81804000,168.5722893771007,171.72789059246503,168.27552158079686,171.44100952148438,60273300,92.95115660792449,93.07893385392306,88.96904884364167,90.09410095214844,586067000,417.12045509904823,417.13029224439015,411.7841036640323,414.162353515625,16705000
2024-03-28,24.170000076293945,24.280000686645508,22.940000534057617,23.010000228881836,70008200.0,179.47000122070312,183.39999389648438,178.3000030517578,180.49000549316406,57628600,489.06815539695725,489.11779090352536,481.4370066733091,481.86370849609375,15212800,149.52414052577765,150.09902942352818,148.85010938322958,149.60342407226562,24485400,177.4499969482422,179.57000732421875,175.3000030517578,175.7899932861328,77654800,169.8978451053126,170.37266455083602,168.67121185228598,169.63075256347656,65672700,89.8445328106342,91.14229021994063,89.03892762518525,90.19992065429688,435212000,413.70045116356334,414.59476162825587,411.89218593509474,413.464599609375,21871200
2024-04-01,22.979999542236328,23.209999084472656,22.399999618530273,22.860000610351562,41000000.0,180.10000610351562,187.24000549316406,179.89999389648438,183.33999633789062,74299900,483.4712454628614,493.62293116558175,478.092713901539,487.5894775390625,9247000,149.36556739992474,154.37118528416661,149.28626871590512,154.12338256835938,31730800,176.1699981689453,176.75,170.2100067138672,175.22000122070312,81562100,169.3438746978549,169.40322523760474,167.65230884379906,168.19638061523438,46240500,90.14302436163659,92.06569234065941,89.04991460651756,90.2069091796875,452441000,416.6388658317179,420.5109217375922,414.93868940887074,417.2481689453125,16316000
2024-04-02,22.0,22.790000915527344,21.719999313354492,22.719999313354492,39770600.0,179.47000122070312,180.10000610351562,174.8300018310547,178.6999969482422,61598800,481.3874231408066,493.7222861970165,480.9408549816661,493.5635070800781,11081000,152.15084190883346,153.34029171966787,150.81270141872292,153.20152282714844,24586000,164.75,167.69000244140625,163.42999267578125,166.6300048828125,116650600,167.25661278755086,167.51380346702695,166.41577330219988,167.01919555664062,49329500,88.29520668047454,89.93836697964663,87.46864171818919,89.29747772216797,433064000,412.8650995128624,415.0959720756304,410.6342569413904,414.17218017578125,17912000
2024-04-03,22.440000534057617,23.010000228881836,22.3799991607666,22.700000762939453,30357400.0,177.5399932861328,182.0500030517578,176.6999969482422,180.77000427246094,49835100,495.1115300929547,503.35792871942033,494.9329149557214,502.86175537109375,12099200,152.2499745660593,153.71696221529052,151.38761094398126,153.55836486816406,24705000,164.02000427246094,168.82000732421875,163.27999877929688,168.3800048828125,82950100,166.9697540235435,168.83937157047524,166.7620271262386,167.8204803466797,47691700,88.33114383542578,90.21787822523544,88.24728931215489,88.81031036376953,370067000,412.49169510873463,415.960818454912,411.86271762245,413.19927978515625,16502300
2024-04-04,23.81999969482422,24.100000381469727,22.399999618530273,22.479999542236328,64995300.0,182.9199981689453,183.02000427246094,165.64999389648438,165.8300018310547,88280000,512.4676419362434,525.9437264523161,506.672341112813,507.009765625,26476300,152.15083657251893,153.40967834779974,149.12764102936788,149.20693969726562,34724700,170.07000732421875,177.19000244140625,168.00999450683594,171.11000061035156,123162000,168.45359969390546,170.06602673515292,166.9994659423828,166.9994659423828,53704400,90.24982348069041,90.47743406262694,85.73164109008061,85.75659942626953,434965000,417.66098731056826,421.27754806630895,410.368962888124,410.6736145019531,19370900
2024-04-05,22.420000076293945,23.31999969482422,22.30699920654297,22.959999084472656,38716800.0,168.10000610351562,172.69000244140625,165.5800018310547,170.4199981689453,66080300,512.9043035265651,526.638408576823,510.47304198515513,523.3041381835938,19263300,148.71136073150413,152.07156486544667,148.2851473312489,151.15965270996094,23459200,169.0800018310547,170.86000061035156,160.50999450683594,164.89999389648438,143157600,167.76110742740823,168.55248310289795,167.12800990586356,167.751220703125,42104800,86.71593914747515,88.32815477151372,85.77756814573236,87.85597229003906,399678000,412.76683489834704,419.1547408159618,411.10597696046364,418.1817932128906,16554800
2024-04-08,23.079999923706055,23.200000762939453,22.670000076293945,23.0,25022700.0,168.1999969482422,171.66000366210938,166.82000732421875,169.89999389648438,43997500,525.229391434242,527.4224392993552,514.9188927025191,515.276123046875,13260600,151.4371847974656,153.9053051340792,151.2686807764452,153.48899841308594,20702000,169.33999633789062,174.5,167.7899932861328,172.97999572753906,104423300,167.20715459942008,167.37531948329715,166.425680716199,166.63340759277344,37425500,88.546769676755,88.67654997902457,86.58217465386001,86.98248291015625,283220000,417.8378979159273,419.91149627913853,416.00012113110665,417.26788330078125,14272400
2024-04-09,23.010000228881836,23.086999893188477,22.459999084472656,22.809999465942383,27643300.0,170.2100067138672,171.60000610351562,167.2899932861328,170.77999877929688,42886100,518.2331333714253,521.845289446962,502.86169458913326,512.9439697265625,10863800,154.71809036518897,157.16638225469364,153.82600669377314,155.22361755371094,31079500,172.91000366210938,179.22000122070312,171.9199981689453,176.8800048828125,102951700,166.88073030235694,168.24585316442327,166.53451377109624,167.84027099609375,42373800,87.2909487172583,87.48361610941927,82.87858592167979,85.20655059814453,501700000,419.08592477391875,420.3634939121141,414.3490398303801,418.9286804199219,12496900
2024-04-10,22.219999313354492,22.709999084472656,22.010000228881836,22.420000076293945,28642900.0,166.7100067138672,169.77999877929688,164.0,167.13999938964844,59600000,505.39228040139363,518.5607107573752,501.92896968081385,515.8516235351562,11418500,154.8370311694787,155.23350940234246,153.3204648733208,154.76763916015625,22838600,173.0399932861328,174.92999267578125,170.00999450683594,171.75999450683594,84532400,166.97963118021664,167.26649712267962,165.307854051912,165.9706268310547,49709300,83.78102746556362,87.24902545092569,83.56439945092491,86.8886489868164,431929000,414.90919969169937,416.7174646993385,412.46215014194587,415.96075439453125,16216600
2024-04-11,22.649999618530273,22.90999984741211,22.25,22.84000015258789,26399400.0,167.5500030517578,170.9499969482422,166.5500030517578,170.5,48994500,517.1217682967572,519.8507216900733,513.3309966786047,519.1560668945312,10369500,155.5308692093835,158.27651186403895,155.0848274346832,158.00889587402344,27166400,172.5500030517578,175.8800048828125,168.50999450683594,174.60000610351562,94516000,166.5246149420751,173.56784300454478,166.3465633103838,173.15235900878906,91070300,87.2689793680449,90.58224601063488,86.77583708331596,90.45945739746094,431637000,418.4766945462349,421.96546240995326,415.07634103238024,420.55029296875,17966400
2024-04-12,22.700000762939453,23.200000762939453,22.40999984741211,22.670000076293945,36764500.0,164.52999877929688,165.6999969482422,161.82000732421875,163.27999877929688,63519600,513.787472668167,516.2088008915841,505.43190063751956,507.98223876953125,11984500,156.57164779653132,158.81177851890706,155.758847768036,156.34365844726562,25353700,172.33999633789062,173.80999755859375,170.36000061035156,171.0500030517578,64722700,172.38077455594663,176.43656618963917,172.33132583138607,174.64608764648438,101670900,89.54403999734934,90.01922323878227,87.37878828439109,88.03365325927734,426805000,416.7371231732088,417.8476407951663,412.53093421008157,414.62420654296875,19253800
2024-04-15,22.790000915527344,23.1299991607666,21.829999923706055,21.899999618530273,38182100.0,164.42999267578125,164.44000244140625,158.75999450683594,160.32000732421875,61461200,512.7653687884457,514.5615744994229,493.4741763865058,496.401611328125,13512900,157.4637444709509,157.8404094057048,153.23127022277416,153.4989013671875,27136500,170.24000549316406,170.69000244140625,161.3800048828125,161.47999572753906,100245300,173.46890241983837,174.72521085075485,170.63974431610336,170.82769775390625,73531800,88.94407438415881,90.45645646962656,85.78055040974887,85.85242462158203,443077000,419.2432078029309,419.4594150607099,406.30031376342345,406.5067138671875,20273500
2024-04-16,21.59000015258789,21.989999771118164,21.270000457763672,21.8799991607666,33869200.0,162.27999877929688,164.8800048828125,161.6699981689453,163.4600067138672,55302100,494.2978148508964,500.9068477028601,493.30546812148475,495.9352111816406,9847900,152.8347772006078,154.28193632388786,152.08144740386092,153.0429229736328,20779500,156.74000549316406,158.19000244140625,153.75,157.11000061035156,97000000,169.89784277952464,171.88616144450353,166.45537543168857,167.55340576171875,73711200,86.28367890740496,87.96576550123054,85.91532070970885,87.26398468017578,370453000,407.4206432860486,411.18458077665684,406.59513289625886,407.4304504394531,16765600
2024-04-17,22.010000228881836,22.110000610351562,21.219999313354492,21.309999465942383,30139800.0,163.97000122070312,164.4499969482422,153.8800048828125,154.02000427246094,75909000,499.2495874459534,499.30912582005857,483.4117439696621,490.387939453125,12193700,154.25220644098835,155.69938073798713,153.22135395349792,154.10353088378906,21763100,157.63999938964844,158.3300018310547,153.77999877929688,155.4499969482422,82439700,167.78093187309736,168.8097099054139,166.18829345703125,166.18829345703125,50901200,88.18738725935935,88.62164096734257,83.80497167986917,83.88983154296875,495400000,410.054408065017,411.6563030616971,403.2537321874578,404.7377014160156,15855500
2024-04-18,21.25,21.43000030517578,20.700000762939453,21.1299991607666,34550500.0,155.50999450683594,156.9600067138672,152.32000732421875,155.0800018310547,52669800,495.9947675129914,508.28995847169983,495.2207382473986,497.9595947265625,14808700,153.97468451361368,155.56062786894117,153.26101151618397,154.6387939453125,19883000,151.25,152.1999969482422,148.6999969482422,149.92999267578125,96098800,166.21796146542746,166.8213838226369,164.7539260277304,165.23863220214844,43122900,84.82320627802973,86.0410998135889,82.25964198597137,84.52471923828125,447260000,403.54861503604855,404.78689570186344,396.98382006074763,397.29827880859375,21029900
2024-04-19,20.979999542236328,21.43000030517578,20.329999923706055,20.469999313354492,39632600.0,151.58999633789062,154.25,145.2899932861328,146.63999938964844,71618200,498.95188761147057,498.95188761147057,472.08908659081203,477.3882141113281,25215400,154.82715837283212,154.98575576603085,150.96144144286222,152.73570251464844,32615600,148.97000122070312,150.94000244140625,146.22000122070312,147.0500030517578,87074500,164.41758473594675,164.60552308162337,162.31054999578998,163.2206268310547,68149400,83.00636595540483,84.17833393456459,75.47539894537725,76.06836700439453,875198000,397.0623589464645,398.48736518155715,390.9103052571919,392.2370300292969,30565800
2024-04-22,20.719999313354492,21.079999923706055,20.360000610351562,20.969999313354492,31894500.0,148.14999389648438,149.88999938964844,145.6300048828125,148.63999938964844,49397000,485.9719917197624,488.2444739766785,469.7768874878293,478.04315185546875,17271100,152.95373142080075,156.2544650981797,152.70592872842704,154.9064178466797,26446200,140.55999755859375,144.44000244140625,138.8000030517578,142.0500030517578,107097600,163.7350029833429,165.45622881020677,162.9930911354229,164.05154418945312,48116400,77.96907171420484,79.93467203595871,76.26802061217705,79.38063049316406,596341000,393.18055056464544,395.90280071692837,388.9252352238132,394.0453796386719,20286900
2024-04-23,21.25,22.059999465942383,21.229999542236328,21.639999389648438,36304600.0,151.64999389648438,153.5,150.35000610351562,152.27000427246094,46051900,487.4902744828821,494.9428072503399,485.2277254126733,492.30316162109375,15079200,155.58042632459905,157.572754235579,154.90639523489975,156.86898803710938,21151600,143.3300018310547,147.25999450683594,141.11000061035156,144.67999267578125,124545100,163.56687071664174,165.24853488832454,163.14149999003314,165.1001434326172,49537800,80.62947459576492,82.62601974052421,80.1253496885507,82.2806167602539,438559000,397.26879155025864,401.16052215978465,396.10914808184776,400.5413818359375,15734500
2024-04-24,22.049999237060547,22.25,21.299999237060547,21.59000015258789,34426500.0,156.55999755859375,157.66000366210938,150.6300048828125,151.74000549316406,43412600,504.17164864318624,506.09680361298444,480.87133784126775,489.72308349609375,37772700,156.10578401898567,158.16750416167633,155.7885893241061,157.7313690185547,22779100,162.83999633789062,167.97000122070312,157.50999450683594,162.1300048828125,181178000,164.74402954196006,167.47427542099652,164.4176015378687,167.19729614257812,48251800,83.80498148732187,83.93675724779338,79.04621772256601,79.53936767578125,512208000,402.4970536697523,405.3568737379943,399.76499652417516,402.00567626953125,15065300
2024-04-25,20.81999969482422,21.739999771118164,20.65999984741211,21.709999084472656,26226700.0,149.14999389648438,155.13999938964844,146.75,153.75999450683594,41471400,418.17488602057387,442.35836983181287,411.32769996695043,438.0019836425781,82890700,149.99990858082532,155.11455913410575,149.5439450297003,154.6288604736328,57109700,158.9600067138672,170.8800048828125,158.36000061035156,170.17999267578125,126427500,167.70177351115603,168.77012851479734,166.33665071301928,168.05789184570312,50558300,78.73175253009703,83.1790583894206,78.08787011237102,82.4892578125,424641000,387.2348667133991,392.9938253486681,381.3383380037112,392.1584777832031,40586500
2024-04-26,22.049999237060547,22.670000076293945,21.90999984741211,22.520000457763672,33119800.0,154.24000549316406,158.6300048828125,153.42999267578125,157.39999389648438,42510700,438.0813276050655,443.02322464354364,428.65403477490287,439.8973388671875,32691400,172.83740297886922,173.17442610783888,168.1588873174152,170.4386749267578,64665300,168.85000610351562,172.1199951171875,166.3699951171875,168.2899932861328,109815700,168.04799015720317,169.49223681731962,167.35552700029277,167.4742431640625,44838400,83.67321658546781,88.17842147858853,83.2429613231266,87.58345031738281,551011000,405.0620486762338,405.8777219430486,398.7625869715763,399.31292724609375,29694700
2024-04-29,22.75,23.09000015258789,22.545000076293945,22.829999923706055,30104900.0,159.0800018310547,160.77000427246094,156.25999450683594,160.1999969482422,43478200,436.195878453334,436.3943598912081,425.28006561859786,429.3089904785156,21502600,167.57409377755957,168.0597925096593,163.75794130995203,164.68966674804688,45610000,188.4199981689453,198.8699951171875,184.5399932861328,194.0500030517578,243869700,171.50034913417457,174.1316669492416,171.2332717193323,171.6289520263672,68169400,87.44367738781547,87.83998710672722,85.11869845127212,87.60540008544922,388971000,398.2614054374624,399.3129603314087,392.3059134087563,395.3131408691406,19582100
2024-04-30,22.770000457763672,22.8700008392334,21.950000762939453,21.969999313354492,30511900.0,160.6300048828125,162.2899932861328,158.35000610351562,158.3800048828125,60742800,427.7510167239678,436.2554348890997,426.43120898791216,426.8777770996094,18429500,164.1544172520467,166.62253752967678,161.1708782605576,161.3492889404297,33562900,186.97999572753906,190.9499969482422,182.83999633789062,183.27999877929688,127031800,171.46079655206535,173.10289859543835,168.1667057400835,168.49314880371094,65934800,87.08929643239856,88.66557118869024,86.15092540038592,86.25274658203125,363709000,394.5661760291184,395.2246348761621,382.4586608840312,382.6158752441406,28781400
2024-05-01,21.93000030517578,22.829999923706055,21.6299991607666,22.1200008392334,34665900.0,148.11000061035156,151.3699951171875,142.13999938964844,144.27000427246094,89413200,425.31978777610783,446.51629805901524,423.84117064830116,435.8287353515625,20344900,162.8559349699541,165.65114151829926,161.656563265471,162.4197998046875,33493200,182.0,185.86000061035156,179.00999450683594,179.99000549316406,92829700,167.75122238913238,170.84747276952126,167.28628974114312,167.4742431640625,50383100,84.93002290842145,85.85142484392729,81.11461964994571,82.89753723144531,559863000,385.83931510454033,394.79222617325195,383.5789912516123,388.129150390625,23562500
2024-05-02,22.600000381469727,22.71500015258789,22.100000381469727,22.549999237060547,30396100.0,145.50999450683594,147.6199951171875,141.16000366210938,146.16000366210938,50034700,435.48142162693887,440.562231878881,428.9716297061358,438.2996826171875,15221300,163.34160023066508,165.26455135719664,162.4495166743879,165.155517578125,24294500,182.86000061035156,184.60000610351562,176.02000427246094,180.00999450683594,89148000,170.649650682897,171.54984088638673,169.04712555589578,171.16404724121094,94214900,84.30311392551386,86.08802721004574,83.05627099401435,85.66875457763672,377898000,390.80220682482496,393.0330490212779,387.84410581356497,390.9790954589844,17709400
2024-05-03,23.479999542236328,23.639999389648438,22.90999984741211,23.329999923706055,55976400.0,148.75,150.7899932861328,147.24000549316406,150.60000610351562,49361100,442.5171275663126,450.694084429791,440.4530598909977,448.5009765625,16489100,166.08727540907034,166.48376879475936,161.61692024874446,165.7700958251953,34662400,182.10000610351562,184.77999877929688,178.4199981689453,181.19000244140625,75491500,184.6371141692426,184.98334572031666,180.6901529770176,181.4023895263672,163224100,87.63734759857738,89.12676696706856,86.88964093377092,88.6356201171875,398341000,395.3425934548566,400.12860445610875,394.92982324925293,399.6470642089844,17446700
2024-05-06,24.3700008392334,25.354999542236328,24.030000686645508,25.209999084472656,175936600.0,153.10000610351562,156.64999389648438,151.25999450683594,155.77999877929688,44624500,452.0932897323867,462.59233462582085,449.87044284737243,462.1159973144531,15094600,165.98816902107558,166.66218511253274,164.57072969688807,166.62254333496094,21871300,183.8000030517578,187.55999755859375,182.1999969482422,184.75999450683594,84390300,180.38352481626606,182.21356516877455,178.47433028646978,179.75042724609375,78569700,89.2355927661625,92.06070623129062,88.90117233789141,91.98084259033203,376203000,401.7107898085928,406.79161442087957,399.3619918607983,406.4083557128906,16996600
2024-05-07,21.989999771118164,22.700000762939453,21.350000381469727,21.399999618530273,161061600.0,156.32000732421875,157.6999969482422,153.66000366210938,154.42999267578125,37374900,462.7213143300044,467.9212009325345,457.7794172557727,464.6563720703125,13406800,167.01899792747776,170.25033926742327,166.90996414876957,169.7448272705078,28039700,182.39999389648438,183.25999450683594,177.39999389648438,177.80999755859375,75045900,181.47163247242833,182.90599233972114,179.3646131175579,180.43295288085938,77305800,90.94063437830519,91.62245320483287,88.8572415302883,90.39757537841797,437342000,407.50911609687097,407.5189532422579,402.03516456718575,402.2808532714844,20018200
2024-05-08,21.579999923706055,21.729999542236328,21.059999465942383,21.559999465942383,67582900.0,153.39999389648438,155.3300018310547,152.52000427246094,153.6199951171875,28728000,459.95270159665824,471.94023656788784,459.4565282400275,468.9830627441406,11683900,167.51461620426056,168.65450251317668,167.2569068549834,167.8912811279297,19569100,171.58999633789062,176.05999755859375,170.14999389648438,174.72000122070312,79969500,180.878116710922,181.09574539643793,179.49320552179933,180.76930236816406,45057100,89.32841761603471,91.03646035901207,89.26552291616532,90.25581359863281,325721000,401.13105042212936,405.1210326153664,399.6962067828019,403.4601745605469,11792300
2024-05-09,21.489999771118164,21.579999923706055,20.940000534057617,21.139999389648438,54101900.0,153.1300048828125,154.08999633789062,150.61000061035156,152.38999938964844,33018000,466.40290121752565,472.4363552104369,464.0510446249137,471.78143310546875,9437700,167.90117392580035,169.18975081513116,166.70180236639047,168.46617126464844,15346700,175.00999450683594,175.6199951171875,171.3699951171875,171.97000122070312,65950300,180.59127127419717,182.6686309202814,180.1461270912472,182.57960510253906,48983000,90.37260041699219,90.91466159296331,88.07857394048413,88.59368133544922,378013000,403.48962134136315,405.60253803694064,402.04497067197207,405.2094421386719,14689700
2024-05-10,21.270000457763672,21.3700008392334,20.5,20.600000381469727,59845400.0,154.2899932861328,156.3699951171875,151.30999755859375,151.9199981689453,37652800,473.43871486606776,473.8455806741321,466.0060472810395,472.5555419921875,10750000,166.55313303769844,168.35714377508077,164.72930897604326,167.1676788330078,29799900,173.0500030517578,173.05999755859375,167.75,168.47000122070312,72627200,183.15410154420678,183.34230991411323,180.4102677646858,181.3215789794922,50759500,90.14899684375659,91.24310415488777,89.07285618291228,89.72273254394531,335325000,405.81879129865774,408.2167155386998,404.6984363706866,407.5877380371094,13402300
2024-05-13,20.600000381469727,21.190000534057617,20.600000381469727,20.940000534057617,37524800.0,151.27999877929688,153.3300018310547,150.39999389648438,150.55999755859375,27859200,469.1318441867083,469.72725818959685,459.3076191330967,464.4281311035156,14668800,162.81626817189104,167.7921502441081,162.5585588283877,167.65338134765625,31327600,170.0,175.39999389648438,169.0,171.88999938964844,67018900,183.68900761377958,185.3333368917867,182.87674310968822,184.5210723876953,72044800,90.32169428450598,90.84080023922876,88.37606371894472,90.24283599853516,289680000,410.8013229086305,411.13545592488975,403.7353138522874,406.5852966308594,15440200
2024-05-14,20.950000762939453,22.06999969482422,20.93000030517578,21.440000534057617,57894400.0,150.42999267578125,153.49000549316406,148.77999877929688,153.16000366210938,31938300,459.8236291276941,468.9234605753996,456.55880040566063,468.2387390136719,10478600,168.2778370057792,169.74482453915033,167.31636146118933,168.8428192138672,25127100,174.5,179.49000549316406,174.07000732421875,177.5500030517578,86407400,185.73947897801656,186.52202806777518,184.5309973091758,185.6602325439453,52393600,89.44421267221655,91.49266969851776,88.78036057605543,91.19818115234375,296507000,404.9146577068904,410.2903281379281,404.45276171039177,409.3763732910156,15109300
2024-05-15,21.729999542236328,21.809999465942383,21.184999465942383,21.670000076293945,39424000.0,155.58999633789062,159.69000244140625,154.6999969482422,159.6699981689453,43195900,471.34482265738814,478.8072585621629,467.59375353224107,477.8546142578125,13100500,169.1302630655646,171.13249751141433,169.0113075133248,170.9937286376953,26948400,179.89999389648438,180.0,173.11000061035156,173.99000549316406,79663000,186.13569714479723,188.84981551266446,185.60078753373725,187.92860412597656,70400000,92.31226052004403,94.69813133508781,91.44076747625896,94.4665298461914,417735000,411.43396907005973,417.25252925056685,410.81371203905996,416.5338134765625,22239500
2024-05-16,21.739999771118164,21.8700008392334,21.53499984741211,21.649999618530273,27416700.0,160.9199981689453,168.05999755859375,159.89999389648438,162.6199951171875,76726700,471.36465799748123,474.0340729044409,469.1318780385458,469.60821533203125,16608200,171.7669014209654,173.58081887894542,171.17218405543662,172.64907836914062,27867900,174.10000610351562,175.7899932861328,171.42999267578125,174.83999633789062,59812200,188.6715262803227,189.29558246787192,187.86917696187996,188.04747009277344,52845200,94.74604980958085,95.65347613046144,93.94043705092355,94.19599914550781,323952000,415.2736305334928,418.8376448328751,413.8460838814957,414.4761657714844,17530100
2024-05-17,21.780000686645508,22.16900062561035,21.559999465942383,21.760000228881836,30032300.0,168.42999267578125,169.72000122070312,162.32000732421875,164.47000122070312,65944400,467.2265884372279,469.1815126685142,464.83505951456476,468.29833984375,10807300,172.64907697879545,174.72071889069628,172.1633934028928,174.51255798339844,24479300,173.5500030517578,179.6300048828125,172.75,177.4600067138672,77445800,187.72056236134898,189.0082902438942,187.3936765447615,188.07716369628906,41282900,94.20597874528181,94.57633241179128,91.64740285082287,92.3192367553711,359691000,416.00221762948183,416.37634285020215,411.56198942365705,413.708251953125,15352200
2024-05-20,21.770000457763672,21.770000457763672,21.219999313354492,21.6200008392334,35255300.0,165.5500030517578,168.49000549316406,164.47000122070312,166.3300018310547,45618000,466.353290478326,469.57841688472104,463.46555827728747,465.25177001953125,11745100,174.6414258747219,177.19875144536334,174.53239208635316,175.36500549316406,22554400,177.55999755859375,177.75,173.52000427246094,174.9499969482422,61727400,187.54228461702792,190.10782534306233,187.22529890901677,189.2361297607422,44361300,93.58804490846175,95.03553695656012,93.27858287715311,94.61626434326172,318764000,413.7083105461355,420.1668088263762,413.4917132847996,418.7589416503906,16272100
2024-05-21,21.34000015258789,21.450000762939453,21.1200008392334,21.239999771118164,27954000.0,164.0,165.8300018310547,163.10000610351562,164.66000366210938,30005500,463.54499982976347,467.09761808342193,458.7321121308233,461.0740661621094,11742200,175.34515724447746,176.58417055209722,174.26474127015484,176.2868194580078,16989400,175.50999450683594,186.8800048828125,174.7100067138672,186.60000610351562,115266500,189.28567056183377,190.91018461353585,189.11727756366656,190.53378295898438,42309400,93.43730641374981,95.23519767784772,93.01903151729087,95.22122192382812,328946000,420.225753949919,426.2707657018437,418.27640921908505,422.4015808105469,21453300
2024-05-22,21.229999542236328,21.420000076293945,21.079999923706055,21.170000076293945,25212500.0,167.41000366210938,169.80999755859375,163.86000061035156,165.52000427246094,47426700,464.28919769640606,470.094431348203,462.0861870387401,464.19989013671875,10078600,175.08746704167487,175.5929790815051,173.67004292281268,174.8297576904297,17880000,182.85000610351562,183.8000030517578,178.1199951171875,180.11000061035156,88313500,190.45453220558076,190.99934196064652,188.47341681604038,189.0974578857422,34648500,95.29408831779949,95.85411617010452,93.0879071432018,94.78596496582031,548648000,423.43539455106486,425.71950537683756,420.5212017999642,423.8587341308594,18073700
2024-05-23,21.389999389648438,21.520000457763672,20.6299991607666,20.719999313354492,36887600.0,170.17999267578125,173.13999938964844,158.27000427246094,160.42999267578125,91888800,469.26087705798136,470.72953068178265,458.0076699601858,462.2152099609375,11747900,175.5136937401354,176.68331515847908,171.42989518914035,172.02462768554688,21024900,181.8000030517578,181.89999389648438,173.25999450683594,173.74000549316406,71975500,189.1767103485156,189.19652573516206,184.86779330766728,185.1154327392578,51005900,101.85176064066984,106.13634662239213,101.34463491102811,103.61970520019531,835065000,426.2708180980622,426.89107515061806,418.83764844643395,420.3931884765625,17211700
2024-05-24,20.719999313354492,21.149999618530273,20.649999618530273,21.010000228881836,22158700.0,161.41000366210938,167.66000366210938,160.25,166.36000061035156,54868600,464.0411472655585,476.17755800168163,462.73124238654253,474.5600280761719,12024300,173.44204354526818,174.22510846580246,172.12373150315187,173.45196533203125,16579400,174.83999633789062,180.0800018310547,173.72999572753906,179.24000549316406,65584500,187.03710655742805,188.78048261582597,186.26445766907554,188.18614196777344,36327000,104.2685576920773,106.29105867121642,102.82206339543845,106.28507232666016,429494000,420.58022514023406,424.39034103334086,417.84324041258554,423.5042724609375,11855300
2024-05-28,21.059999465942383,21.219999313354492,20.729999542236328,21.049999237060547,26274200.0,169.4199981689453,174.5500030517578,164.9600067138672,171.61000061035156,66495400,472.9325751794718,477.17981782811154,471.205901618862,476.2470397949219,10175800,172.91672082470853,175.71194253715282,172.83742214584382,174.84957885742188,20572200,176.39999389648438,178.25,173.16000366210938,176.75,59736600,189.70169698060212,191.17763337385156,187.31446444482384,188.19606018066406,52280100,110.0535586136133,114.74044777454472,109.69318217417998,113.70423889160156,652728000,422.98250841239616,424.1540984130066,419.99939161518114,423.6618347167969,15718000
2024-05-29,20.770000457763672,20.989999771118164,20.639999389648438,20.940000534057617,24834200.0,167.4600067138672,168.47999572753906,162.91000366210938,165.13999938964844,56537500,471.0272753949379,476.17755705003367,470.07463106847433,470.72955322265625,9226200,173.88805744939614,175.28566793812178,173.18430643711983,174.3539276123047,23388700,174.19000244140625,178.14999389648438,173.92999267578125,176.19000244140625,54782600,187.81963788738682,190.43470949642946,187.72057607583483,188.4932098388672,53068000,112.8547051589029,115.29248024146612,110.70941556106891,114.62663269042969,557442000,419.1034967099491,424.27226587320916,419.1034967099491,422.5296630859375,15517100
2024-05-30,21.280000686645508,21.959999084472656,21.020000457763672,21.729999542236328,47210300.0,167.89999389648438,168.75,163.8000030517578,166.75,46367000,468.06019220156327,468.11973058222674,461.1534372044116,463.47552490234375,10719600,173.66014328957175,173.67997174209734,170.28011055615326,170.59730529785156,22931500,178.5800018310547,182.6699981689453,175.3800048828125,178.7899932861328,77618400,188.9587703074631,190.36536034504638,188.83000809203267,189.4837646484375,49889100,114.45193707992216,115.61891628592592,109.47355289556607,110.3091049194336,484553000,417.73500282997145,417.73500282997145,407.8306586642601,408.2540283203125,28394500
2024-05-31,21.790000915527344,22.200000762939453,21.309999465942383,21.68000030517578,44416100.0,166.64999389648438,169.5,160.07000732421875,166.89999389648438,64331900,462.2350253461456,465.52962326344255,450.98181875095815,463.25714111328125,16919800,170.34948191938355,171.53893180715215,167.95075369372532,170.98385620117188,37638900,178.5,180.32000732421875,173.82000732421875,178.0800018310547,67314600,189.6323431713606,190.7516780595243,188.1167913020161,190.4346923828125,75158300,112.32561724375552,112.52228313915187,106.75526253688238,109.44361114501953,613263000,410.3018082986228,410.3018082986228,398.25120211572766,408.7068786621094,47995300
2024-06-03,21.700000762939453,21.790000915527344,21.0049991607666,21.31999969482422,33876100.0,170.82000732421875,171.0800018310547,160.91000366210938,163.5500030517578,59157600,467.2563084447153,475.9294383757683,464.65636518199324,473.8355712890625,11279400,171.0234968625416,172.9960117081414,169.65563630662328,171.64796447753906,27459100,178.1300048828125,182.63999938964844,174.49000549316406,176.2899932861328,68568900,191.07854113305333,193.14881785405223,190.7021395503604,192.1978759765625,50080500,113.42473014133537,114.80134582519531,111.80952128063097,114.80134582519531,438392000,409.1006748520027,409.9867435149057,402.5929630717942,407.12176513671875,17484700
2024-06-04,21.049999237060547,22.260000228881836,21.040000915527344,22.100000381469727,41974000.0,162.83999633789062,164.8300018310547,158.8699951171875,159.99000549316406,48157200,473.3493496612414,475.22489935660434,469.60821371186694,473.33941650390625,7088700,171.75698494771635,172.3219822936052,170.37920271129525,172.2624969482422,26879600,174.77999877929688,177.75999450683594,174.0,174.77000427246094,60056300,192.80214765697744,193.47573474401025,191.20734917579057,192.514892578125,47471400,115.51610755402032,116.39857553569502,113.8479889155611,116.23585510253906,403324000,406.04863004617806,409.99659455099004,403.341179685009,409.63232421875,14348900
2024-06-05,22.479999542236328,22.979999542236328,22.219999313354492,22.959999084472656,39825400.0,162.07000732421875,167.1199951171875,161.3800048828125,166.1699981689453,60507500,480.74233500026116,492.8489456650612,480.2064593427849,491.2711181640625,15690500,173.66010997413338,175.09736245061762,172.4012681621193,173.86827087402344,22068500,175.35000610351562,176.14999389648438,172.1300048828125,175.0,57953800,193.5549597642067,195.04079624688396,193.02996541617088,194.02052307128906,54156800,118.16651413530396,122.2374646244509,117.26507420610801,122.22848510742188,528402000,411.3453811328119,417.5183569725432,409.8587351784671,417.449462890625,16988000
2024-06-06,22.979999542236328,23.950000762939453,22.979999542236328,23.790000915527344,60400400.0,165.4600067138672,169.50999450683594,163.86000061035156,166.77999877929688,47153700,489.20704994565904,498.97173709860135,487.133049134123,489.9810791015625,10667300,174.3539443603167,175.59295765203206,174.20526881518043,175.17665100097656,23251000,174.60000610351562,179.72999572753906,172.72999572753906,177.94000244140625,69887000,193.84225834657178,194.6446077464091,192.3366062580933,192.6436767578125,41181800,123.83370517037008,125.3700480295792,118.11560338652608,120.78897857666016,664696000,417.44944957036887,418.7293231019465,414.0724979392672,417.9515380859375,14861300
2024-06-07,23.239999771118164,23.56999969482422,23.059999465942383,23.309999465942383,37149900.0,166.58999633789062,169.4499969482422,165.86000061035156,167.8699951171875,44796000,492.11466024786785,495.091700375797,486.41859982731586,489.1872253417969,9380700,175.493867979147,176.30665293703487,172.76803839075907,172.9266357421875,19661400,176.1300048828125,179.35000610351562,175.5800018310547,177.47999572753906,56244900,192.81202934049514,195.08041469163098,192.30685040959915,195.0308837890625,53103900,119.56310374577737,121.48178833918006,117.81812979264019,120.6791763305664,412386000,419.60560716420275,419.68435613947076,416.4551073364084,417.2919616699219,13621700
2024-06-10,22.75,23.15999984741211,22.65999984741211,23.1299991607666,31429200.0,162.47999572753906,165.5500030517578,159.61000061035156,160.33999633789062,67444600,490.0803178915368,498.81298686453346,489.63378005499686,498.7534484863281,11220900,173.6312111616177,175.70521580778305,171.43811440373378,173.6708984375,23726700,176.05999755859375,178.57000732421875,173.1699981689453,173.7899932861328,50774600,195.04081589339742,195.43704806418344,190.33566655763516,191.2965087890625,97010200,120.16206002224595,122.88733960177423,116.80786391189227,121.57960510253906,313434100,418.1288206635897,421.45649821147657,417.3313558315188,421.249755859375,13982900
2024-06-11,23.059999465942383,23.950000762939453,22.889999389648438,23.850000381469727,30601900.0,160.5,161.5399932861328,156.9199981689453,158.9600067138672,40497100,496.332099600009,503.71516103182034,494.4565499121785,503.5861511230469,9673700,174.87163664223397,175.48688780612986,172.44038608531787,175.26856994628906,21540600,173.9199981689453,174.75,167.41000366210938,170.66000366210938,64761900,191.82145841561143,205.20390023400174,191.80165814772772,205.19398498535156,172373300,121.56963752755465,122.66783369220164,118.54462427746988,120.7110595703125,222551200,418.89674157876317,426.1231693068597,418.670289453605,425.9853210449219,14551100
2024-06-12,24.200000762939453,24.329999923706055,23.56999969482422,23.770000457763672,38542700.0,160.32000732421875,162.24000549316406,158.6199951171875,160.24000549316406,48325800,510.05622720634506,510.07609352042476,500.60909832909755,504.9456481933594,11983200,176.8861134200364,179.0295897328755,174.762488316215,176.42962646484375,27864700,171.1199951171875,180.5500030517578,169.8000030517578,177.2899932861328,90389400,205.41194501546696,218.12080209568063,204.94638168818946,211.05813598632812,198134300,122.85750238613136,126.6712162731191,122.36831081363356,124.99398040771484,299595000,428.58444890305617,436.5394165910894,426.54647009815636,434.2356262207031,22366200
2024-06-13,23.850000381469727,24.139999389648438,23.149999618530273,23.270000457763672,26035100.0,160.39999389648438,162.66000366210938,157.30999755859375,159.89999389648438,44442500,501.83960690092306,505.4616660517263,497.52289299395886,500.241943359375,9954600,174.76246052696914,175.38764480431132,173.5418763520932,173.81973266601562,20913300,188.38999938964844,191.0800018310547,181.22999572753906,182.47000122070312,118984100,212.71235034689784,214.70336573665497,209.60200000148347,212.21707153320312,97862700,129.1770893049594,129.5864183097163,126.9507630154097,129.396728515625,260704500,434.02896428414414,436.52967260389505,432.5718527345657,434.7476501464844,15960600
2024-06-14,23.149999618530273,23.719999313354492,22.84000015258789,23.56999969482422,26618300.0,158.5,161.33999633789062,157.61000061035156,159.6300048828125,34054000,499.29827689365226,503.76827047428316,497.41095233353604,500.7982177734375,10243300,172.8869134698266,175.7051788680774,172.8174418240933,175.43724060058594,18063600,185.8000030517578,186.0,176.9199981689453,178.00999450683594,82038200,211.83075578674166,213.13828400218216,209.3048308005582,210.4835968017578,70122700,129.7461556011969,132.62140615970972,128.10885485479358,131.66299438476562,309320400,431.49865916361745,436.2834778568933,429.96279885352675,435.7222900390625,13582000
2024-06-17,23.469999313354492,25.059999465942383,23.450000762939453,25.020000457763672,54101500.0,158.0,159.22999572753906,154.13999938964844,158.39999389648438,44507700,498.3248520419291,507.3442927979167,492.70258957460356,503.25177001953125,11266600,174.1174408030097,176.99524483970762,173.47240531751984,175.88381958007812,19618500,177.9199981689453,188.80999755859375,177.0,187.44000244140625,109786100,211.35525683635151,216.8825697066646,210.71140048317466,214.6240997314453,93728300,132.77118307637525,133.5099557271365,129.3667902512595,130.7644805908203,288504400,435.7419888452348,443.96279884211964,433.90092737019853,441.43255615234375,20790000
2024-06-18,25.149999618530273,26.024999618530273,24.829999923706055,25.81999969482422,54458600.0,156.99000549316406,157.24000549316406,153.33999633789062,154.6300048828125,51852000,501.195563022246,502.62596344611273,491.7191677926502,496.15936279296875,13060400,175.78457643329608,176.03266350713454,172.7678442779151,173.75025939941406,21869900,186.55999755859375,187.1999969482422,182.3699951171875,184.86000061035156,68982300,215.53539849380434,216.56558673747068,210.9887432871188,212.2665557861328,79943300,130.9242214788469,136.10568428406987,130.474964956118,135.35691833496094,294335100,442.75181252074634,443.1751821409538,438.00641324566425,439.4339599609375,17112500
2024-06-20,26.440000534057617,26.56999969482422,25.155000686645508,25.559999465942383,66735000.0,155.82000732421875,166.82000732421875,155.5,161.77999877929688,93245700,498.6526627665969,500.31154054069196,493.45752550637565,498.35467529296875,11801200,174.02814261468728,175.93344981927422,173.65106050074036,174.95103454589844,20160100,184.67999267578125,185.2100067138672,179.66000366210938,181.57000732421875,55893100,211.90997342693947,212.21705896960654,206.87795427864972,207.70010375976562,86172500,139.56996619369176,140.52837801062054,129.30688285479897,130.56480407714844,517768400,439.3945559147101,439.6210080275433,434.4423844149745,438.8038635253906,19877400
2024-06-21,24.709999084472656,26.09000015258789,23.530000686645508,23.84000015258789,68605900.0,161.75,163.1999969482422,157.88999938964844,161.22999572753906,61293900,500.09294409403304,500.09294409403304,489.1066959926516,491.4807434082031,22359200,175.645657934706,179.466205138687,175.2586426839211,178.2555389404297,57759000,182.3000030517578,183.9499969482422,180.69000244140625,183.00999450683594,61937300,208.40343403997312,209.8892705909824,205.15440599094305,205.53082275390625,241805100,126.91081519572728,130.41504130352394,124.09545606742938,126.3617172241211,649445800,440.45787995794916,443.6083496603445,439.60134591371855,442.82073974609375,34187100
2024-06-24,23.440000534057617,24.386999130249023,23.299999237060547,24.15999984741211,36477400.0,159.75,163.39999389648438,158.19000244140625,160.25,45954100,495.8712961742398,504.4139262555408,490.9940329117928,495.5832214355469,13525300,178.78147315371626,179.5058831721026,177.30286873730756,177.84866333007812,18298000,184.97000122070312,188.8000030517578,182.5500030517578,182.5800018310547,61992100,205.75863496180304,210.69160779538842,204.63929998769706,206.17466735839844,80727000,123.03719724453093,124.2551908621237,117.8457572795687,117.91564178466797,476060900,442.84039572999666,445.74476346815527,439.50286359400394,440.7433776855469,15913700
2024-06-25,24.15999984741211,24.6299991607666,23.920000076293945,24.559999465942383,29389400.0,160.72999572753906,161.0,156.4499969482422,160.25,40572300,493.73567575796005,507.30459499064085,492.1960232296981,507.1953430175781,12063200,178.24559704633074,182.87986179667686,178.04713041446374,182.62185668945312,23130200,184.39999389648438,187.97000122070312,182.00999450683594,187.35000610351562,62905700,207.17514806736853,209.3841027399326,206.64025353103247,207.09591674804688,55549700,121.00056940292565,126.29185160793926,119.12366557563713,125.88252258300781,414192600,441.3143898379412,444.4353547941903,439.83759879553867,443.9726257324219,16413400
2024-06-26,24.469999313354492,24.65999984741211,24.024999618530273,24.100000381469727,24331400.0,160.60000610351562,160.74000549316406,156.0,157.5399932861328,36973400,503.27159725374554,510.38385724147327,501.3147322130294,509.6984558105469,8882300,181.23257184786374,183.0981763241254,181.0837105201297,182.47300720214844,19839000,186.5399932861328,197.75999450683594,186.36000061035156,196.3699951171875,95737100,209.5029437835443,212.83121810497767,208.6510635966682,211.23641967773438,66213200,125.92244899462368,127.90917229563556,122.39825886605338,126.19200897216797,362975900,442.05276943847076,446.5816011478092,441.25530470792563,445.16387939453125,16507000
2024-06-27,24.100000381469727,25.399999618530273,24.049999237060547,25.219999313354492,37882900.0,157.17999267578125,160.61000061035156,156.80999755859375,159.47000122070312,34018200,510.8209904621114,519.3934506311559,510.4733485069415,516.0955810546875,10121200,182.77071833286294,184.62642010992184,182.61195409916436,183.99131774902344,18848900,195.1699981689453,198.72000122070312,194.0500030517578,197.4199981689453,72746500,212.66284034706985,213.70292898101007,210.34493889866226,212.0784149169922,49772700,123.8957921998042,126.2019962793405,122.71773358253314,123.78597259521484,252571700,445.18358463488477,449.1118693221635,444.7799248025884,445.8432312011719,14806300
2024-06-28,25.280000686645508,25.56999969482422,25.030000686645508,25.329999923706055,38886400.0,160.22999572753906,166.4499969482422,159.41000366210938,162.2100067138672,56204600,513.7016232829023,518.4000638324243,500.48034762615777,500.8578186035156,15855100,182.90966546961494,183.71346525578238,180.56772262567728,180.75625610351562,29156600,199.5500030517578,203.1999969482422,195.25999450683594,197.8800048828125,95438100,213.73260601871965,214.0297763055812,208.3142550307382,208.6312255859375,82542700,124.37501298465715,127.49986001719877,122.54802231076043,123.33672332763672,315516700,446.05981801420484,448.33407381119525,439.5028621939787,440.0345153808594,28362300
2024-07-01,25.479999542236328,26.020000457763672,25.142000198364258,25.8799991607666,33167900.0,161.25,161.50999450683594,153.63999938964844,157.69000244140625,50436700,501.58297732671764,503.2020829318588,489.8815282371348,501.31475830078125,10328200,181.62953102450626,182.47303324260807,179.9127724889494,181.58984375,16006100,201.02000427246094,213.22999572753906,200.85000610351562,209.86000061035156,135691400,210.08735196554287,215.45617219578955,209.91895899194967,214.70335388183594,60402900,123.26684571285593,124.634586662626,118.63448090183465,124.0954818725586,284885500,441.71806471797646,450.2932899171113,438.7644825324962,449.6632080078125,17662800
2024-07-02,25.84000015258789,26.43000030517578,25.75,25.829999923706055,32148200.0,157.0399932861328,164.5800018310547,156.6999969482422,164.30999755859375,57838600,497.42088904280774,507.0959319918616,496.11962668652535,506.10260009765625,7739500,180.65702287018632,184.15009335463083,180.17076672022137,183.82261657714844,17372500,218.88999938964844,231.3000030517578,218.05999755859375,231.25999450683594,205047900,214.10903193760322,218.29910171758146,213.068958487467,218.1901397705078,58046200,120.93067286767031,123.20692743216773,120.8308389451457,122.4681396484375,218374000,446.18782328625804,452.4789376582484,446.09918938158694,452.1737365722656,13979800
2024-07-03,25.959999084472656,26.270000457763672,25.760000228881836,25.850000381469727,18433800.0,164.1999969482422,165.25999450683594,162.50999450683594,163.89999389648438,26980900,502.99354242868384,507.8708064039529,502.64587015035653,506.5596008300781,6005600,183.43559898745033,184.666101253454,182.59209683114494,184.39817810058594,10242100,234.55999755859375,248.35000610351562,234.25,246.38999938964844,166561500,217.92267103394255,219.45803833007812,216.96182895702523,219.45803833007812,37369800,121.45982152361671,128.0689239501953,121.16031210370706,128.0689239501953,215749000,451.1005881786126,453.88678735468443,450.79538710423196,453.6406555175781,9932800
2024-07-05,26.0,27.25,25.975000381469727,27.229999542236328,46703700.0,165.97000122070312,174.0399932861328,165.67999267578125,171.89999389648438,61857100,508.1886781515911,537.2634960736218,508.1886781515911,536.3098754882812,21354100,184.43786493247498,189.39960668236182,184.3783264542018,189.1416015625,20967500,249.80999755859375,252.3699951171875,242.4600067138672,251.52000427246094,154501200,219.5570570969476,224.31173597409884,219.5570570969476,224.20277404785156,60412400,127.17039258704797,128.63798252741702,125.47319299554034,125.6229476928711,214176700,452.498587816865,461.1033770377166,451.8685059547019,460.3255920410156,16000300
2024-07-08,27.93000030517578,27.986000061035156,26.84000015258789,27.700000762939453,59611200.0,174.89999389648438,178.9499969482422,173.22000122070312,178.69000244140625,60223400,538.7336124129018,539.1905669814913,523.1383477493558,525.79052734375,14917500,188.4469411036859,188.71487939155085,186.34316749742393,187.58360290527344,21035900,247.7100067138672,259.44000244140625,244.57000732421875,252.94000244140625,157219600,224.94578141376567,225.69861506283684,221.14204284851618,225.6688995361328,59085900,127.28020581947078,130.55481479101948,126.83094936680692,127.9890365600586,237677300,459.33126311315795,460.4634937005408,457.27360437796756,459.02606201171875,12962300
2024-07-09,27.93000030517578,28.3799991607666,27.229999542236328,27.389999389648438,53067100.0,177.97000122070312,180.41000366210938,174.6999969482422,177.10000610351562,43395600,530.1909372581625,533.8960460931625,524.6680139481037,526.4659423828125,8753200,188.85380640623399,189.89577517091524,187.27597621110633,187.5339813232422,15121400,251.0,265.6099853515625,250.3000030517578,262.3299865722656,160210900,225.77778797195694,227.23390886254342,224.23252052432466,226.5207061767578,48076100,130.1355144487565,133.59980576329167,128.43829962119838,131.163818359375,285366600,459.77428381745585,460.09916463101644,450.91353744838284,452.4297180175781,17207200
2024-07-10,27.5,28.469999313354492,27.3700008392334,28.420000076293945,43231000.0,179.99000549316406,187.27999877929688,177.8000030517578,183.9600067138672,90247000,527.2506757341519,535.2867583710278,524.8368862253591,531.1246948242188,10983300,187.7026819141074,190.28279364749721,187.5836049591009,189.71714782714844,15952500,262.79998779296875,267.5899963378906,257.8599853515625,263.260009765625,128519400,227.13486087511765,230.8791673967792,227.0853299721382,230.7801055908203,62627700,133.80946190177127,134.87770860466375,132.20211043348235,134.68801879882812,248978600,454.0837171765978,459.24263100795065,451.76021694759896,459.035888671875,18196100
2024-07-11,28.489999771118164,28.59000015258789,26.899999618530273,27.639999389648438,61546100.0,184.07000732421875,187.11000061035156,177.25,181.94000244140625,59231400,527.3499903194348,531.8895244068907,504.98013638714235,509.2812805175781,16458300,188.39731944685417,189.39958571826102,183.6638141016308,184.1500701904297,25625800,263.29998779296875,271.0,239.64999389648438,241.02999877929688,221707300,229.2051258414663,230.19568345608255,223.63819688403007,225.42120361328125,64710600,135.52662745493282,135.92596317348227,126.84094609019272,127.19036865234375,374782700,455.81649732303464,457.5886345893225,444.5633265323156,447.66461181640625,23111200
2024-07-12,27.31999969482422,28.1299991607666,27.280000686645508,28.06999969482422,30760300.0,182.02000427246094,186.99000549316406,179.69000244140625,181.61000061035156,50827400,494.4409036740209,504.70200901700827,490.93444322689584,495.5434875488281,19750500,183.66383343758727,185.67829936578423,183.07835154835516,183.65391540527344,22898400,235.8000030517578,251.83999633789062,233.08999633789062,248.22999572753906,155955800,226.7584454352943,230.44332094014862,226.5207061684713,228.36314392089844,53046500,128.04893020829968,131.70291097832524,127.01064833229333,129.02732849121094,252680500,447.3003093014831,449.29889867197954,443.67725577045155,446.5323791503906,16324300
2024-07-15,28.420000076293945,29.299999237060547,27.899999618530273,28.670000076293945,49186300.0,184.4499969482422,185.5,178.5399932861328,179.8300018310547,42202700,495.3051241917836,503.3014344107721,490.0801883381436,492.8515930175781,12539200,183.5050408426138,186.79964437744582,183.5050408426138,185.10272216796875,16474000,255.97000122070312,265.6000061035156,251.72999572753906,252.63999938964844,146912900,234.2470836578572,234.99000194235262,230.88909361652622,232.1867218017578,62631300,130.34514408452472,131.1737800395054,126.97070905664152,128.2286376953125,208326200,446.28627396172595,450.185024234339,444.44521246679955,446.9360656738281,14429400
2024-07-16,28.18000030517578,28.84000015258789,27.469999313354492,28.670000076293945,59330700.0,179.69000244140625,179.75,174.52999877929688,177.5500030517578,40633100,498.15598735257976,500.5896628261979,482.5507504540652,486.5240783691406,14075800,185.9263913901426,187.2362833659617,181.96691593885006,182.51271057128906,18290700,255.30999755859375,258.6199951171875,245.8000030517578,256.55999755859375,126332500,232.781045805997,234.03905824310993,230.1362587163494,232.60275268554688,43234300,128.22864817880884,128.82765170945768,124.37499938694933,126.15206909179688,214769500,447.19208006387777,447.27082904351875,439.74905460392523,442.5647888183594,17175700
2024-07-17,28.0,28.8700008392334,27.600000381469727,28.219999313354492,45203500.0,169.8000030517578,169.8000030517578,159.3699951171875,159.42999267578125,76954200,475.9748899890231,475.9748899890231,456.0585659449274,458.909423828125,28076600,181.56997921247492,182.14554307379208,178.52346250305996,179.63490295410156,20734100,252.72999572753906,258.4700012207031,246.17999267578125,248.5,115584800,227.2834515580279,229.2744821236097,224.49998695797876,226.71884155273438,57345900,121.15031675281162,121.64949400158038,116.52793817127537,117.79584503173828,390086200,435.74198947896895,437.9670310742686,432.38474735385836,436.6575927734375,21778000
2024-07-18,28.420000076293945,29.829999923706055,28.149999618530273,28.639999389648438,76485600.0,163.41000366210938,163.41000366210938,153.1999969482422,155.77000427246094,69420300,471.83266375516723,476.04438141112735,461.4424203212603,472.677001953125,19267200,180.53791505223174,181.10356083919302,175.119701930773,176.3303680419922,25315700,251.08999633789062,257.1400146484375,247.1999969482422,249.22999572753906,110869000,228.10560948409145,228.26410233218343,220.17124832102243,222.06320190429688,66034600,121.64948329559192,122.19858126764932,116.36818755438776,120.89073181152344,320979500,437.4648797185402,437.770080793845,427.67867544192785,433.5563049316406,20794800
2024-07-19,28.309999465942383,29.600000381469727,28.270000457763672,28.579999923706055,49581600.0,154.86000061035156,155.80999755859375,150.6199951171875,151.5800018310547,47513100,472.88563552627363,483.46461539838543,472.53796325902186,473.61077880859375,15149400,177.511294978359,178.91049478015813,175.77468519675912,176.30062866210938,18881900,247.7899932861328,249.44000244140625,236.8300018310547,239.1999969482422,87403900,222.6971801635164,224.65848009632384,221.1717129043359,222.19198608398438,49151500,120.15196272062997,121.39990584738524,117.176870571876,117.73594665527344,217223800,426.39883667006126,434.3144456334854,425.31585048613374,430.3467712402344,20940400
2024-07-22,28.93000030517578,28.969999313354492,27.690000534057617,28.459999084472656,38037800.0,154.22999572753906,156.6999969482422,152.5399932861328,155.8699951171875,43912500,483.3353934769665,488.77886287445193,480.67327142055154,484.1499328613281,12023100,179.20816928485795,181.30202472668176,178.85092330428975,180.2799072265625,24100300,244.2100067138672,253.2100067138672,243.75,251.50999450683594,101225400,224.86649525231948,225.62922890399747,220.98351093014816,221.84530639648438,48201800,120.15196984200875,123.86585002604772,119.66277824004172,123.33672332763672,258068900,434.95434740544323,437.72086686190295,432.1189038234256,436.0865478515625,15808800
2024-07-23,28.34000015258789,29.190000534057617,28.309999465942383,28.809999465942383,31134300.0,154.9499969482422,157.0500030517578,153.8000030517578,154.0,31950600,486.5737221720912,491.91785295092694,484.4678632735356,485.431396484375,9455500,180.6569917790045,182.20505253920132,180.150884509072,180.3989715576172,36352700,253.60000610351562,255.75999450683594,245.6300048828125,246.3800048828125,111928200,222.25140445670337,224.7971447504236,220.57735968997056,222.88536071777344,39960300,122.57796493987696,124.48482570104972,121.89908357161131,122.38827514648438,173911000,437.0317279223722,441.4522765923751,436.24411798255437,437.967041015625,13107100
2024-07-24,28.440000534057617,28.684999465942383,26.579999923706055,26.600000381469727,49004100.0,152.72000122070312,153.67999267578125,144.52999877929688,144.6300048828125,49203100,469.16057574428834,473.1239602274661,457.5087819303117,458.1941833496094,17649700,172.27166103830413,174.84183935353695,170.50528237716065,171.30908203125,49585200,225.4199981689453,225.99000549316406,214.7100067138672,215.99000549316406,167942900,221.88490694575157,222.67735606492835,215.0797809310421,216.47645568847656,61777600,118.9739065074374,119.75262181556741,113.25333936427286,114.06200408935547,327776900,433.6351347306288,434.6491968195245,420.9740958851319,422.2638244628906,26805800
2024-07-25,26.040000915527344,27.288000106811523,25.420000076293945,26.6299991607666,45474600.0,144.07000732421875,144.75,136.80999755859375,138.32000732421875,60578500,460.17098380293606,460.4590282516497,439.6983958852032,450.38665771484375,18240500,171.19994131459546,172.09304877138803,165.9107228003057,166.00003051757812,44852000,216.8000030517578,226.0,216.22999572753906,220.25,100636500,216.86279177043605,218.76467587085634,212.59349046705276,215.4364013671875,51391200,112.85398925547956,116.43807811661003,106.12508231687993,112.0952377319336,460067000,422.16528621276603,423.14981349408816,411.0499948393189,411.92620849609375,29943800
2024-07-26,27.0,27.34000015258789,26.770000457763672,27.18000030517578,27432200.0,140.32000732421875,141.2899932861328,138.27000427246094,139.99000549316406,49435800,461.1046981366571,466.63753399730916,456.3565726815499,462.5946960449219,14222400,165.8710294311091,166.8038393522412,162.80467650128674,165.72218322753906,41336900,221.19000244140625,222.27999877929688,215.3300018310547,219.8000030517578,94604100,216.6349499920164,217.41749898154802,213.9703475571551,215.90194702148438,41601300,115.998801321254,116.00877938122822,111.39638688236367,112.87394714355469,293399100,411.7293557750341,422.28349032231534,410.8137224917234,418.68994140625,23583800
2024-07-29,27.559999465942383,27.799999237060547,26.729999542236328,27.079999923706055,26038800.0,141.19000244140625,144.58999633789062,138.75,139.75,47447200,466.74685262113263,470.7996339090199,461.91924325908735,462.6046447753906,11339600,167.53816257445885,169.12591074335177,166.70459365013758,168.23280334472656,20293800,224.89999389648438,234.27000427246094,224.6999969482422,232.10000610351562,129201800,214.91139345300462,217.22929471632008,213.71281205128278,216.17930603027344,36311800,113.50293033164324,116.0886649396649,111.11686358531041,111.40637969970703,248152100,424.90231413559286,425.46350195400487,418.1287909882396,420.12738037109375,15125800
2024-07-30,27.25,27.440000534057617,25.889999389648438,26.3700008392334,31819900.0,139.8800048828125,141.6999969482422,134.0500030517578,138.44000244140625,68801700,463.88600206485654,469.57780482339075,453.6546955153981,460.1014099121094,11390400,168.93739420618675,169.91980941464726,167.15116408802947,168.98699951171875,18959700,232.25,232.41000366210938,220.0,222.6199951171875,100560300,217.1203256536185,218.24956072806748,214.07930652606245,216.7340087890625,41643800,111.33647720819822,111.80570498592243,102.37125913301429,103.5593032836914,486833300,421.1020622928212,422.4114705197089,410.90234276735913,416.3763427734375,32687600
2024-07-31,27.020000457763672,27.389999389648438,26.8799991607666,26.889999389648438,29111600.0,150.72999572753906,153.60000610351562,140.02999877929688,144.47999572753906,114306800,467.8791653340308,473.32263488120134,463.6376491727193,471.66375732421875,24285800,171.91443658888358,172.91670298864665,168.7091404604878,170.22743225097656,25729100,227.89999389648438,234.67999267578125,226.7899932861328,232.07000732421875,67497000,219.34909118598728,221.70662325926872,218.54674189777583,219.98304748535156,50036300,112.71420803404115,118.14525053765568,110.69752797453181,116.82742309570312,473174200,413.9937725831716,415.2539664560443,405.8320320070505,411.8770446777344,42891400
2024-08-01,27.020000457763672,27.53499984741211,25.829999923706055,26.079999923706055,31189600.0,145.0,147.2899932861328,130.24000549316406,132.5399932861328,94731900,517.5259306837595,523.6547716585801,488.8186442383986,494.4210205078125,43083100,168.9472770218231,172.71820312032006,167.58776486568792,169.453369140625,24531400,227.69000244140625,231.8699951171875,214.3300018310547,216.86000061035156,83861900,222.2514024343897,222.36036437427163,214.97081319041698,216.29815673828125,62501000,117.3365974252001,119.96227450650746,106.63423649015627,109.03028869628906,523462300,414.2792724511176,420.84605305704525,406.69839983005807,410.65618896484375,30296400
2024-08-02,24.75,24.8700008392334,23.75,24.739999771118164,56092600.0,133.5,137.10000610351562,131.3300018310547,132.5,78562000,485.7393217238086,497.8082988081169,472.97500015148046,484.88507080078125,24044700,165.16643255649808,167.22058540348354,163.4099720481834,165.38475036621094,29130100,214.8800048828125,216.1300048828125,205.77999877929688,207.6699981689453,82880100,217.0807092384795,223.46981835778237,215.6543188775265,217.7840118408203,105568600,103.58925680976456,108.54109382170915,101.20319035397925,107.09347534179688,482027500,406.10769576372263,408.5788691410044,398.08380349930894,402.1695861816406,29437900
2024-08-05,21.739999771118164,24.420000076293945,21.229999542236328,24.09000015258789,88023500.0,122.16000366210938,139.13999938964844,121.83000183105469,134.82000732421875,76089400,448.340392438967,480.256153607523,447.7940416649235,472.5578308105469,21396200,154.3101575722687,163.17182044634595,153.74451178437454,158.03146362304688,53630700,185.22000122070312,203.8800048828125,182.0,198.8800048828125,100308800,197.21012147966275,211.4840610296135,194.14930192882554,207.29400634765625,119548600,91.90852648466269,103.23985783628589,90.54078549127688,100.28472137451172,552842400,383.1485859534076,394.83492274068107,379.61410573718445,389.0360412597656,40709200
2024-08-06,27.049999237060547,27.420000076293945,25.56999969482422,26.59000015258789,99622700.0,135.14999389648438,136.44000244140625,129.10000610351562,130.17999267578125,64455600,475.8059745622405,499.2088714287347,475.4583023384702,490.79534912109375,20955000,158.11084703677423,159.34136430659962,155.21319199044268,157.07879638671875,49004600,200.75,202.89999389648438,192.6699981689453,200.63999938964844,73783900,203.3614702980554,208.00718767754023,199.1714160471065,205.2732391357422,69660500,103.6691316762756,107.5327664843651,100.38455194570304,104.07846069335938,409012100,393.81095153508136,399.39323499306323,392.3341604668248,393.4269714355469,24946500
2024-08-07,27.06999969482422,28.360000610351562,26.239999771118164,26.31999969482422,75975400.0,133.75,136.24000549316406,128.3699951171875,128.6699981689453,54676500,499.77508903606014,506.7482681354804,483.61355944940226,485.65985107421875,20105300,160.01616866155442,161.7329270375027,157.2574415077753,157.72384643554688,25138600,200.77000427246094,203.49000549316406,191.47999572753906,191.75999450683594,71159800,204.9463646139573,211.62272838414273,204.441185671316,207.83880615234375,63516400,107.6325946135043,108.62097103799087,98.52760658313275,98.74724578857422,411440400,402.3173368345742,403.73502880977026,391.32015130804484,392.2652893066406,20650900
2024-08-08,27.040000915527344,29.375,26.690000534057617,29.280000686645508,96892900.0,131.97000122070312,136.47999572753906,128.94000244140625,136.32000732421875,49037500,494.18262946631637,506.55953668319745,491.4211679453795,506.23175048828125,16156800,159.28183313078614,162.43750885518617,158.98414073021175,160.7902069091797,25578800,195.6999969482422,200.6999969482422,192.0399932861328,198.83999633789062,65033900,211.0977289070064,212.1774330540979,206.85814362500793,211.29583740234375,47161100,101.83215026963444,105.32639072006307,97.35951914167633,104.7972640991211,391910000,396.2132187300544,399.58028569311574,393.7519001712231,396.4593505859375,20203000
2024-08-09,29.280000686645508,30.360000610351562,29.100000381469727,30.010000228881836,88131100.0,134.69000244140625,135.5,132.44000244140625,134.27000427246094,40583000,504.3245575432351,514.8837113715979,502.3279809305961,514.3175048828125,13696600,158.785664734338,162.53674053879345,157.8429367667061,162.41766357421875,28602300,197.0500030517578,200.8800048828125,195.11000061035156,200.0,58648300,210.09728825409005,214.7330909034816,209.96851092003678,214.1981964111328,42201600,105.46617163856445,106.42459107060563,103.2598090475883,104.57763671875,290844200,397.7786234799922,401.736413003281,396.0360207139592,399.7378234863281,19276700
2024-08-12,30.219999313354492,31.200000762939453,29.270000457763672,29.3799991607666,67890300.0,134.44000244140625,137.99000549316406,133.22999572753906,136.77000427246094,39724300,513.4135489736507,514.5658480140165,505.7053134773553,512.5096435546875,9767400,163.09246822974885,163.63824774493187,160.60166401463542,161.0482177734375,15895300,199.02000427246094,199.25999450683594,194.6699981689453,197.49000549316406,64044900,214.27755355785243,217.68900361003634,213.81145133020567,215.72543334960938,38028100,106.14505252549102,110.88723650727509,106.08515369153115,108.84060668945312,325559900,400.7616957993417,402.4354042920839,397.98532149531104,400.51556396484375,16762900
2024-08-13,29.788999557495117,30.850000381469727,29.559999465942383,30.389999389648438,57294200.0,138.1199951171875,141.19000244140625,137.52000427246094,141.1300048828125,42218000,516.5425353486345,527.9559092747828,514.6949525499102,525.015625,13743800,162.15965411245918,163.46954611395418,161.72301839794923,162.90391540527344,18551700,198.47000122070312,208.49000549316406,197.05999755859375,207.8300018310547,76247400,217.19311098226797,220.04922365215182,217.19311098226797,219.4343719482422,44155300,112.25498209343158,116.03874655153282,111.39639661656214,115.94889068603516,312646700,403.25262318981254,408.5297063190277,403.23294345576085,407.604248046875,19414300
2024-08-14,30.6200008392334,31.3700008392334,30.329999923706055,31.0,49885600.0,143.0,143.25,137.63999938964844,140.75,35506400,524.5389392158282,530.4393342352577,519.6418193043561,523.2476196289062,11444200,161.15734902797854,161.9710818575429,156.5032484754406,159.14288330078125,40591100,207.38999938964844,208.44000244140625,198.75,201.3800048828125,70250000,218.74022238953546,221.1798064675701,217.87742936780526,219.88067626953125,41960600,118.33496052966188,118.40484504167927,113.88230026594151,117.88570404052734,339246400,408.38197108714223,411.2568044389076,406.0683556338293,410.41009521484375,18267000
2024-08-15,31.309999465942383,31.4950008392334,30.829999923706055,31.219999313354492,43407600.0,143.0,147.9600067138672,141.80999755859375,147.36000061035156,43582400,528.2440329479462,536.1708639926986,523.1880067278528,533.7471313476562,13482100,159.27191417011724,160.40319071181239,158.388724722145,160.0657958984375,31524300,205.02000427246094,215.8800048828125,204.82000732421875,214.13999938964844,89848500,222.73677426147512,223.48055242779947,220.9120269929499,222.85577392578125,46414000,118.56458490618095,123.03720888953038,117.27670666159618,122.6578369140625,318086700,414.0495026891561,415.3415556987604,411.9388323916096,415.2626647949219,20752100
2024-08-16,31.040000915527344,32.75,30.979999542236328,32.08000183105469,64870600.0,145.6999969482422,149.3699951171875,145.1999969482422,148.55999755859375,31123900,528.3532441619528,530.1014573197285,521.1614705192093,523.903076171875,14776700,160.23446942114322,163.79699592189854,159.89707465805918,161.71307373046875,24208600,211.14999389648438,219.8000030517578,210.8000030517578,216.1199951171875,88765100,222.0624088054674,224.94827173921567,221.7946444270254,224.17474365234375,44340200,121.73935231230438,124.79431469874058,120.98060074622069,124.37500762939453,302589900,414.83859034033384,415.5684441235936,411.5837759699612,412.7377624511719,22775600
2024-08-19,32.41999816894531,32.59000015258789,31.81399917602539,32.5,52353600.0,148.42999267578125,155.3699951171875,147.72000122070312,155.27999877929688,60766900,523.3567686125551,528.1148065447744,519.2741890909025,525.750732421875,9879700,164.01535061555833,165.41456556424006,163.00315095672093,165.39471435546875,22416200,217.07000732421875,222.97999572753906,214.08999633789062,222.72000122070312,76435200,223.84749484925766,224.11525924613042,221.18971946787656,224.01608276367188,40687800,124.0754979878485,129.7860870361328,123.21691249503145,129.7860870361328,318333600,413.22105614207504,415.9728470077707,410.75530126947416,415.755859375,15234000
2024-08-20,32.5,32.720001220703125,31.6299991607666,32.31999969482422,40783000.0,156.49000549316406,162.0399932861328,154.50999450683594,156.39999389648438,76851200,524.8268440690854,527.5486241898866,522.3733435694845,523.2176513671875,7944400,165.62291579788476,167.34960719285812,165.5435412633864,165.90077209472656,18341500,224.8800048828125,228.22000122070312,219.55999755859375,221.10000610351562,74001200,223.89708417115403,225.2854641390349,223.57973153152028,224.6309356689453,30299000,128.18871285893894,129.6662885004724,125.68284852553639,127.04061126708984,300087400,415.92353667507666,420.0265262237166,415.86436096713305,418.9810485839844,16387600
2024-08-21,32.31999969482422,32.66999816894531,31.969999313354492,32.540000915527344,38147600.0,156.1199951171875,158.64999389648438,155.07000732421875,157.80999755859375,42791200,523.6349538269176,535.8032700316064,523.4163892745524,531.5914916992188,13423300,163.88630724691845,165.57331138365288,163.40998432722168,164.58096313476562,22902000,222.6699981689453,224.66000366210938,218.86000061035156,223.27000427246094,70146000,224.64083485973637,226.08871448701353,223.1830285060583,224.52182006835938,34765500,127.11050029285343,129.13716641620366,126.45159025428316,128.28855895996094,257883600,418.27090283610073,420.55913050260955,415.943244764668,418.3301086425781,16067300
2024-08-22,32.54999923706055,33.125,31.850000381469727,31.920000076293945,43522200.0,158.8699951171875,159.83999633789062,151.00999450683594,151.6999969482422,45737300,533.4192569001465,540.6010274942679,525.0653618809546,528.383056640625,15708300,165.9801625781286,166.30763931714822,162.06039002531082,162.54664611816406,22493300,223.82000732421875,224.8000030517578,210.32000732421875,210.66000366210938,79514500,225.90027790842765,226.44571820828537,222.04254943445835,222.66732788085938,43695300,129.80605728559254,130.5348518103843,122.89743830728821,123.53638458251953,376189100,418.54710638332296,420.9438431425212,408.9306617888671,409.8577880859375,19361900
2024-08-23,31.989999771118164,32.54999923706055,31.621999740600586,31.780000686645508,34121200.0,153.60000610351562,156.39999389648438,151.8300018310547,154.97999572753906,43694600,533.3398137671492,536.2701553658752,521.5589105040611,524.4793090820312,11323900,163.45959957039315,164.9084194881608,162.5764102626484,164.3527069091797,13955700,214.4600067138672,221.47999572753906,214.2100067138672,220.32000732421875,81525200,223.78797197411373,226.32673228874265,222.46900358067504,224.9581756591797,38677300,125.6529157045682,129.38676754540884,125.0139693437825,129.15713500976562,323230300,411.2681797994915,413.51694694228206,406.4451490290269,411.0807800292969,18493800
2024-08-26,31.43000030517578,31.739999771118164,30.790000915527344,30.850000381469727,35283600.0,154.6999969482422,158.27999877929688,148.91000366210938,149.99000549316406,49893300,524.0819750389632,524.4793321175962,511.51636075055256,517.6452026367188,9584000,165.1069286953162,166.26797448558267,163.20162161831215,164.88861083984375,14190400,218.75,219.08999633789062,211.00999450683594,213.2100067138672,59301200,224.87883517993083,225.39452559231563,222.0326490158817,225.29534912109375,30602200,129.35679802537265,131.04400430992783,124.16535012958609,126.25190734863281,331964700,410.6665125068156,411.5640508373135,405.7054152115458,407.8259582519531,13152800
2024-08-27,30.549999237060547,31.1200008392334,30.3799991607666,30.84000015258789,23541300.0,150.1300048828125,151.6999969482422,148.44000244140625,150.5,35102700,515.5193548304624,520.5158432413665,511.87384384105246,515.6385498046875,6282700,164.5710342489987,165.16644927065664,163.20160392643822,163.41990661621094,11821900,213.25,215.66000366210938,206.94000244140625,209.2100067138672,62821400,224.1251624880706,226.95152567852384,223.02437015551794,226.13832092285156,35934600,124.84424526829238,128.98741074794592,123.67616460225028,128.08889770507812,303134600,407.2045864016282,408.6840392458711,404.6303529004273,408.1711730957031,13492900
2024-08-28,30.6200008392334,30.799999237060547,29.75,30.360000610351562,33961400.0,149.39999389648438,150.42999267578125,144.72000122070312,146.36000061035156,34075800,514.2180035094781,517.6152415714317,509.03284114358377,513.333984375,9106100,163.77718861008117,164.33291648543047,160.2940508510425,161.6039581298828,16407400,209.72000122070312,211.83999633789062,202.58999633789062,205.75,64116400,226.02921369079436,227.95312221094204,223.80779089178384,224.611083984375,38052200,127.90916927864866,128.11883041927797,122.4381910717034,125.40330505371094,448101100,409.1969879073614,409.3153393341326,401.7306743732061,404.9756164550781,14882700
2024-08-29,30.649999618530273,31.81999969482422,30.483999252319336,31.0,39733000.0,146.58999633789062,149.49000549316406,144.47000122070312,145.49000549316406,31602100,515.5889478445253,523.6846276660798,512.2414239497651,514.7644653320312,8317400,163.05275436266322,164.70005625165825,159.02382249929119,160.5421142578125,19699800,209.8000030517578,214.88999938964844,205.97000122070312,206.27999877929688,62308800,228.1911537968638,230.98775191089825,226.9812734022471,227.8837127685547,51906300,121.1602924143949,124.22524016378769,116.51794286125214,117.39649200439453,453023300,409.25610570352524,416.268697643249,404.9755591436319,407.4610290527344,17045200
2024-08-30,31.049999237060547,31.5,30.700000762939453,31.479999542236328,42388000.0,147.52000427246094,148.99000549316406,145.25,148.55999755859375,31169100,517.8736347952997,520.0490343879956,511.7646791262931,517.8339233398438,9157500,161.37567316665184,162.4077238619854,160.45279653031872,162.12986755371094,22123800,208.6300048828125,214.57000732421875,207.02999877929688,214.11000061035156,63370600,228.28039594132485,228.4886453526855,225.59287085733376,227.1002655029297,52990800,119.33330911013266,121.54965726206557,117.02711271158417,119.17357635498047,333751600,409.90702068771776,411.7711153769625,406.48455234971954,411.4259338378906,24308300
2024-09-03,31.350000381469727,31.589000701904297,30.165000915527344,30.510000228881836,34531600.0,146.41000366210938,146.49000549316406,136.10000610351562,136.94000244140625,42172700,516.1750252560046,521.9859928695383,505.22848784642304,508.3475646972656,12459100,160.48258445374879,160.61159459119546,155.28267338679814,156.15594482421875,38945300,215.25999450683594,219.89999389648438,209.63999938964844,210.60000610351562,76714200,226.65401607692846,227.1002799762046,219.33523365285652,220.92196655273438,50190600,115.8191103772934,116.01877823521122,107.1134577156826,107.8222885131836,477155100,412.1853985449122,414.1284143405953,401.4544298925835,403.8314208984375,20313600
2024-09-04,30.0,30.850000381469727,29.309999465942383,30.59000015258789,33419500.0,140.50999450683594,143.3699951171875,138.50999450683594,140.8699951171875,42130600,502.6955072728807,513.1453787891634,500.70884337263965,509.3210144042969,8335200,155.4612989897302,157.78339053713182,154.76665816042646,155.25289916992188,19353800,210.58999633789062,222.22000122070312,210.57000732421875,219.41000366210938,80651800,219.82114598403248,219.94014563997789,215.67581475954933,219.0178680419922,43840200,105.23655349888746,113.0836130103624,103.94867525541761,106.03523254394531,372470300,400.34985575804666,405.6068322704441,398.8309422223781,403.29888916015625,15135800
2024-09-05,30.239999771118164,30.739999771118164,30.010000228881836,30.15999984741211,24012300.0,138.1999969482422,141.7100067138672,137.8300018310547,139.44000244140625,25023000,508.307802962019,518.1517257651456,507.74159650154314,513.4135131835938,8640900,155.1040401638185,158.2299312085826,154.78648144405375,156.03684997558594,18688700,223.49000549316406,235.0,222.25,230.1699981689453,119355000,219.79140861107143,223.60946073514918,219.6823205428289,220.53518676757812,36615400,104.817243866478,109.4695798052194,104.58762658147727,107.0335922241211,306850700,402.0363656944642,407.44131080829675,400.56678553175374,402.79583740234375,14195500
2024-09-06,30.600000381469727,31.040000915527344,29.5,30.329999923706055,50946800.0,138.6999969482422,139.1300048828125,132.11000061035156,134.35000610351562,39993500,518.4000613773472,521.0820696565472,494.9276235238455,496.93414306640625,14744500,156.09640040925774,156.62234382988387,149.39804896411633,149.7652130126953,37912100,232.60000610351562,233.60000610351562,210.50999450683594,210.72999572753906,112177000,222.09215251756703,223.37145940933704,217.94683622588397,218.98812866210938,48423000,107.86221523834789,107.97203483673319,100.78387825686288,102.6607894897461,413638100,403.4566466739337,405.02486305915306,395.3097834719027,396.1974792480469,19609500
2024-09-09,32.70000076293945,34.70000076293945,32.470001220703125,34.599998474121094,140582500.0,136.10000610351562,138.4499969482422,134.86000061035156,138.14999389648438,27194500,502.78484046365617,507.9203490259209,498.7320296394815,501.4239807128906,11047800,151.54385960268255,152.4282209390493,146.2873778721235,147.7679443359375,39260500,216.1999969482422,219.8699951171875,213.6699981689453,216.27000427246094,67443500,218.98814282610013,219.4344067184307,214.91223769602945,219.077392578125,67180000,104.7074122640328,106.37466998895037,103.5193756446925,106.2947998046875,273912000,401.66155199530795,403.0522412027111,396.641279237834,400.1623840332031,15295100
2024-09-10,34.810001373291016,35.20000076293945,33.709999084472656,34.7599983215332,91721000.0,139.05999755859375,143.0800018310547,137.25,142.83999633789062,37217500,504.7715041147782,510.75135079158616,496.695711522714,501.4239807128906,9899000,149.49690018583888,150.3117127852872,147.40026637370062,147.71824645996094,31118800,220.07000732421875,226.39999389648438,218.63999938964844,226.1699981689453,78891100,217.10388142289187,219.6426417511051,214.9320468059923,218.2840118408203,51591000,107.63258781478571,109.21997530676359,104.77729355808466,107.92211151123047,268283700,402.6084940695935,410.62710415809914,402.11534306269766,408.52630615234375,19594300
2024-09-11,34.0099983215332,34.869998931884766,33.619998931884766,34.849998474121094,68302300.0,145.32000732421875,150.16000366210938,140.7100067138672,149.86000061035156,50935400,503.6292165016286,509.69845986206315,492.29529588084,508.41705322265625,10782500,148.97027288921362,150.54026559740743,146.5854826673726,150.20242309570312,29607700,224.5500030517578,228.47000122070312,216.8000030517578,228.1300048828125,83548600,219.6228241682371,221.2392917639212,216.08243282408242,220.8128662109375,44587100,109.20999122026392,116.99715887318843,107.24323176128858,116.71762084960938,441422400,409.8084532189213,418.1821469994098,403.9695325309428,417.24517822265625,19266900
2024-09-12,34.86000061035156,35.400001525878906,34.53099822998047,34.90999984741211,54291900.0,148.42999267578125,151.5399932861328,147.64999389648438,150.77000427246094,29233700,513.6022993894097,523.1979204782829,511.7844848502824,522.0952758789062,11970500,152.8256911821986,153.839233801539,151.68296725155358,153.71005249023438,29621500,224.66000366210938,231.4499969482422,223.8300018310547,229.80999755859375,71894900,220.65420216028613,221.6954946800681,217.99644195502805,220.92196655273438,37455600,116.6577172050991,120.60155948017247,115.19999582839206,118.95413208007812,366052700,417.51148327493246,421.51586685329676,414.00025068010603,421.15093994140625,17395700
2024-09-13,34.970001220703125,36.0099983215332,34.88999938964844,35.59000015258789,49727200.0,152.32000732421875,153.02999877929688,150.6999969482422,152.30999755859375,25117200,516.8703362242966,524.0620493225885,513.6618330302761,521.1217651367188,10321400,154.44537016884462,157.37669455144265,154.22677778049754,156.4625244140625,29591200,228.0,232.6699981689453,226.32000732421875,230.2899932861328,59515100,221.72521710949164,222.18139254741286,220.06907298412548,220.6541748046875,36766600,118.8942191250157,119.77284345041441,117.41652479583126,118.9141845703125,238358300,419.9969351521576,425.914746697553,419.6320082561189,424.6917419433594,15874600
2024-09-16,35.779998779296875,36.91999816894531,35.560001373291016,36.310001373291016,74767300.0,151.6999969482422,154.44000244140625,150.91000366210938,152.0800018310547,27677800,521.5393768501115,531.0446869851908,514.4402669362904,530.2294311523438,9527600,156.313451749423,157.2474993531957,155.60795803142506,157.05870056152344,18379800,229.3000030517578,229.9600067138672,223.52999877929688,226.77999877929688,54323000,214.7436126542421,215.41797935337752,212.14535259122513,214.52545166015625,59357400,116.60780299971084,117.99563392468083,114.18159360974668,116.59781646728516,248772300,424.7016342113202,427.5914917589124,422.3542307072933,425.4314880371094,13834700
2024-09-17,37.0,37.04999923706055,35.869998931884766,36.45000076293945,64461800.0,153.5500030517578,154.0399932861328,149.22999572753906,150.82000732421875,29889000,534.5245992433219,538.9988566946421,527.5348463816464,533.251953125,11690800,158.0126274199818,159.53293380012653,157.3766823666018,158.31072998046875,20715600,229.4499969482422,234.57000732421875,226.5500030517578,227.8699951171875,66761600,213.96018092212807,215.1006346980314,212.72055067344832,214.99154663085938,45519300,117.98564481894722,118.61466685067687,114.65085910577872,115.40966796875,231925900,434.1997005769437,435.79750485485505,426.3487157034463,429.18927001953125,18874200
2024-09-18,35.900001525878906,37.11000061035156,35.87099838256836,36.380001068115234,66279800.0,150.89999389648438,152.82000732421875,148.00999450683594,148.2899932861328,26320100,533.9977707656788,541.0869894169668,530.8459213153205,534.8727416992188,10323500,158.84729370623916,159.4832387245749,157.59528121573842,158.797607421875,23677300,230.08999633789062,235.67999267578125,226.8800048828125,227.1999969482422,78010200,215.7452565018275,220.86245391858552,215.7353297749969,218.8592071533203,59894900,115.70919560695407,117.51636932909096,113.04336298957726,113.19313049316406,310318900,429.04132931995406,430.05721907964937,424.5142071811442,424.9087219238281,18898000
2024-09-19,37.0,37.349998474121094,36.20000076293945,36.83000183105469,59882000.0,153.80999755859375,159.25,152.77000427246094,156.74000549316406,44500000,546.8538127706381,558.8547755441265,543.393738974814,555.9017333984375,15647000,162.67293084972206,162.7524107202581,160.31793409819053,161.1128692626953,26587700,234.0,244.24000549316406,232.1300048828125,243.9199981689453,102694600,223.1235568426533,227.913490447656,222.76654268786407,226.9713592529297,66781300,117.16692604230532,119.47332749554481,117.06708357128667,117.68611907958984,293506400,435.1860014052933,435.452292084435,430.91529729082623,432.6807861328125,21706600
2024-09-20,36.0099983215332,37.290000915527344,35.709999084472656,37.20000076293945,450290500.0,156.0,157.4499969482422,152.47000122070312,155.9499969482422,40248200,556.7965408444652,561.2707987619654,553.1176944195414,558.1387939453125,22066800,162.46423894374368,162.6927776644467,161.03335881701463,162.5536651611328,40896400,241.52000427246094,243.99000549316406,235.9199981689453,238.25,99879100,228.0622053540531,231.1563174701668,225.73169454082358,226.306884765625,318679900,116.87738233881377,118.43495389707196,115.2099893901744,115.81903839111328,382462400,431.23091793236443,433.22323693457605,428.27201223229315,429.3076171875,55167100
2024-09-23,36.86000061035156,38.189998626708984,36.56999969482422,37.95000076293945,79460700.0,156.4499969482422,157.19000244140625,154.97000122070312,156.75,21728500,566.2421222621582,570.6964745858071,559.1926545649918,561.1812133789062,12830700,163.3088543567614,164.44163188871738,160.64582418208624,160.82469177246094,24150900,242.61000061035156,250.0,241.9199981689453,250.0,86927200,225.4540253555904,227.54652178723228,223.9367191660146,224.59124755859375,54146000,116.36817703420066,116.80748542405605,114.68081111279044,116.07862854003906,206228500,428.33115788248597,430.481288649773,424.4944594123769,427.57171630859375,15128900
2024-09-24,37.970001220703125,37.97999954223633,36.43000030517578,36.900001525878906,79519200.0,157.4600067138672,159.63999938964844,154.5800018310547,158.32000732421875,27531200,563.4383563302257,564.5022427843289,551.0198138385321,560.1075439453125,12993000,161.9972194853163,162.18601827960998,159.67204679818846,161.26190185546875,23332100,254.0800018310547,257.19000244140625,249.0500030517578,254.27000427246094,88491000,226.75316007712865,227.44736512534206,223.85738561877668,225.48377990722656,43556100,116.33821493002908,121.60998405209612,115.19999404233639,120.68143463134766,354966800,427.06875254523504,427.4139642542688,420.2632749795507,423.2912292480469,17015800
2024-09-25,36.88999938964844,37.18000030517578,36.382999420166016,37.119998931884766,46511700.0,158.5,162.9499969482422,158.17999267578125,162.02000427246094,35233300,560.8233803106601,573.580004208347,560.4952510598988,565.0590209960938,16543400,160.44710243338025,161.77861000791742,160.27818118844277,160.46697998046875,18869200,252.5399932861328,257.04998779296875,252.27999877929688,257.0199890136719,65034300,223.0640393442997,225.40446208089242,222.1615999382144,224.49209594726562,42308700,121.82962567540989,124.74507579152808,121.42026930294443,123.31730651855469,284692900,423.94212038705155,427.18706197372046,422.6994004960537,426.1908874511719,13396400
2024-09-26,37.2599983215332,37.439998626708984,36.599998474121094,37.099998474121094,48602000.0,167.05999755859375,168.67999267578125,164.0500030517578,167.49000549316406,38044900,572.436555499505,574.0970460697704,559.1330900425771,564.5917358398438,14400800,162.60335078741144,163.0405658423745,161.25196569121914,161.69911193847656,20319300,260.6000061035156,261.75,251.52999877929688,254.22000122070312,67142200,225.4143769570366,226.60441901953834,223.54005654723983,225.63255310058594,36636700,126.60217747362803,127.47081527785902,121.6099781665842,123.84648132324219,302582900,429.1300753187062,429.33719028271923,423.2517246244965,425.40185546875,14492000
2024-09-27,36.90999984741211,37.470001220703125,36.59000015258789,36.84000015258789,43219100.0,167.47999572753906,168.72999572753906,163.74000549316406,164.35000610351562,27876000,566.8387572234752,567.5745750797583,561.2807684246667,564.1144409179688,9398400,161.77859943711212,164.6502907376612,161.5997470113798,162.911376953125,21101300,257.3800048828125,260.70001220703125,254.1199951171875,260.4599914550781,70988100,226.56475422029098,227.6159582791164,225.41437368594384,225.90029907226562,34026000,123.7765997601264,123.83650371853182,119.07394858799772,121.21060943603516,271009200,425.6089779793521,425.93447445668835,421.6144673905514,422.15692138671875,14896100
2024-09-30,36.58000183105469,37.31999969482422,36.150001525878906,37.20000076293945,42110200.0,163.10000610351562,165.0800018310547,162.17999267578125,164.0800018310547,21881600,564.4525297734127,571.392581823153,561.5690947166503,569.1654052734375,12792300,162.2853907035285,165.09744958161895,162.22575806160205,164.7993621826172,20413900,259.0400085449219,264.8599853515625,255.77000427246094,261.6300048828125,80705700,228.1316114938428,231.0670623779297,227.7448474882838,231.0670623779297,54541900,118.1254274144435,121.31045327548797,117.96568098439478,121.25054931640625,226553700,422.3443332995087,424.52408219664926,419.54323948144145,424.40570068359375,16807300
2024-10-01,37.209999084472656,37.560001373291016,36.04999923706055,36.459999084472656,52858000.0,164.47999572753906,165.39999389648438,158.0800018310547,159.75,31831900,574.6737352692572,579.7047878934193,566.8388067371769,573.17236328125,15259300,166.62770671794624,168.08839566011457,163.53740758234116,165.93214416503906,28338100,262.6700134277344,263.9800109863281,248.52999877929688,258.0199890136719,87397600,227.6159583693189,227.74486962890148,221.88390914906273,224.3334197998047,63285000,121.58002164337385,122.24898215671047,115.60935538711523,116.81746673583984,302094500,422.58108089859957,422.61066875300435,413.07311568923785,414.9273681640625,19092900
2024-10-02,36.29999923706055,37.68000030517578,36.14500045776367,37.4900016784668,34988900.0,159.30999755859375,163.10000610351562,158.6699981689453,159.77999877929688,24630400,571.5715250916941,572.705018338464,566.0831432657689,569.5332641601562,6524700,165.3657609999376,166.45879878634457,163.68646438360673,164.80931091308594,17760200,247.5500030517578,251.16000366210938,241.5,249.02000427246094,93983900,224.01608068964856,225.4837987967651,221.16989422947793,224.89869689941406,32880600,116.25834508658102,119.19375323018366,114.96037016184738,118.66458129882812,221845900,416.7914652693021,417.0281982052677,411.00187763203274,411.4161376953125,16582300
2024-10-03,37.45000076293945,39.290000915527344,37.369998931884766,39.2400016784668,57196400.0,159.7100067138672,166.7899932861328,159.39999389648438,162.85000610351562,29598800,566.8884172422595,580.0228091163762,565.476496817631,579.4362182617188,11581000,163.36849940346053,165.584368557219,162.88159799640147,164.80931091308594,15073100,244.47999572753906,249.7899932861328,237.80999755859375,240.66000366210938,80729200,223.2722952944607,224.92843958391967,221.46740141968138,223.7978973388672,34044200,120.73135113827638,124.16598683922703,120.15225416683853,122.65834045410156,277118000,411.90926344701154,413.8029462214933,408.61501874387466,410.8341979980469,13686400
2024-10-04,39.650001525878906,40.290000915527344,39.400001525878906,40.0099983215332,62532500.0,166.52999877929688,171.2100067138672,164.4199981689453,170.89999389648438,44556500,580.3907699305325,593.4357124935896,578.1039391514795,592.5309448242188,14169500,166.99535885279488,167.16428010496523,164.4317010051406,166.00169372558594,19047400,246.69000244140625,250.9600067138672,244.5800018310547,250.0800018310547,86573200,226.00938361911108,226.10856009308668,222.27066963907552,224.91851806640625,37245100,124.74507834860822,124.84492081095192,121.63992977952229,124.72510528564453,243678100,412.5109097932594,414.00023534021534,409.28571331626097,410.36077880859375,19169700
2024-10-07,39.900001525878906,40.150001525878906,38.775001525878906,38.88999938964844,44124800.0,171.0800018310547,172.41000366210938,168.2100067138672,170.97000122070312,38379900,594.7978106805275,599.5007936445444,580.698935664524,581.4347534179688,12014200,166.65751850550026,167.4126985535878,161.71900154638254,161.94754028320312,22463100,249.0,249.8300018310547,240.6999969482422,240.8300018310547,68113300,222.63759275105315,223.81772316941647,219.49389225502094,219.8509063720703,39505400,124.79500006476454,130.43618698242878,124.7550615549546,127.52074432373047,346250200,410.30158600641573,411.3963666559109,403.3974727803463,403.9300842285156,20919800
2024-10-08,39.290000915527344,41.4900016784668,39.01499938964844,41.45000076293945,62542900.0,171.75,173.60000610351562,170.0,172.8000030517578,34730200,586.3166457039373,590.1645022838451,582.6178946285061,589.4983520507812,7857400,162.90148420302225,163.68647308252073,161.8382551031835,163.3386993408203,23072700,243.55999755859375,246.2100067138672,240.55999755859375,244.5,56303200,222.43927296601913,224.10532889247753,221.39798044587943,223.89707946777344,31855700,130.0567764001493,133.27175410957346,129.2180905372518,132.68267822265625,285722500,405.2714281620606,409.9662346464486,402.5788433485802,409.02923583984375,19229300
2024-10-09,41.54999923706055,43.34000015258789,41.209999084472656,43.130001068115234,86404700.0,174.0500030517578,174.0500030517578,169.5500030517578,171.02000427246094,33890700,590.5920310170018,590.9897670648169,578.2828467749312,587.1319580078125,9529700,162.41456443992033,163.7957583809211,158.72807525360884,160.8346405029297,31181800,243.82000732421875,247.42999267578125,239.50999450683594,241.0500030517578,66289500,223.36151510273743,227.84402197002447,222.96483950692257,227.63575744628906,33591100,133.9007678130665,134.31013180466115,131.17503131034326,132.4430389404297,246191600,410.1635489112086,414.6216533631629,408.62492014800904,411.74163818359375,14974300
2024-10-10,42.91999816894531,43.87799835205078,42.40999984741211,43.52000045776367,62516300.0,169.75999450683594,172.00999450683594,162.0,164.17999267578125,75113600,584.2088301034865,586.8535869486327,579.1877306195246,580.490234375,7740400,159.85089649743236,162.03697180217182,159.38387269706766,161.05323791503906,14144100,241.80999755859375,242.7899932861328,232.33999633789062,238.77000427246094,83087100,225.8903660776275,227.59609839600836,225.2854259515482,227.13990783691406,28183500,131.70421594134592,134.7893916948541,130.79563194093248,134.5996856689453,242311300,409.5421386142519,411.63309377445904,407.49061385739407,410.1437683105469,13848400
2024-10-11,43.400001525878906,44.380001068115234,42.619998931884766,43.5099983215332,66206900.0,164.19000244140625,169.35000610351562,163.00999450683594,167.88999938964844,42136200,581.4845497009563,587.82805834101,579.376681824714,586.5752563476562,8587100,161.10293319324816,162.86170956550862,160.21857182956228,162.20590209960938,15344300,220.1300048828125,223.33999633789062,214.3800048828125,217.8000030517578,142628900,227.39779019694814,227.5068782710055,225.45404318616428,225.6623077392578,31759200,133.80093033986074,135.5681732923908,133.4514855032485,134.58970642089844,170209500,410.4396908978323,411.41612015597997,407.589263932771,410.6172180175781,14144900
2024-10-14,43.720001220703125,44.38999938964844,43.279998779296875,43.400001525878906,41010900.0,167.77000427246094,168.89999389648438,165.14999389648438,165.27000427246094,31757200,590.8207303998246,596.6670986656153,586.585150741633,587.04248046875,8252000,162.6033481425783,165.1769369826469,162.36486307226147,163.9149932861328,19016100,220.1300048828125,221.91000366210938,213.74000549316406,219.16000366210938,86291900,226.80277306379512,229.80763591772848,226.70361171194733,229.38121032714844,39882100,136.2570891265267,139.3822107684187,136.0873561782587,137.85459899902344,232347700,412.0473312101826,418.2314633461143,411.80075573680847,413.3985900878906,16653100
2024-10-15,43.474998474121094,43.68000030517578,41.51499938964844,42.43000030517578,48297000.0,163.2100067138672,164.1300048828125,155.74000549316406,156.63999938964844,50768000,586.7840223253323,587.2314602827565,576.821381994876,582.9163208007812,9564200,164.73974614754195,166.61777276120088,163.5871060435806,164.41184997558594,20247200,220.00999450683594,224.25999450683594,217.1199951171875,219.57000732421875,62988800,231.67201972311165,235.51983687729248,230.44230106244424,231.9100341796875,64751400,137.65489041774774,138.35381046607344,128.53914539910267,131.39468383789062,377831000,416.3969398711013,416.69284850861214,409.57174739931537,413.0040588378906,18900200
2024-10-16,42.400001525878906,42.4900016784668,40.36000061035156,41.93000030517578,59157900.0,158.07000732421875,158.27999877929688,154.9199981689453,156.1300048828125,30575800,578.074153352245,578.7502561624128,570.7463179400054,573.490478515625,11268400,163.48770991975573,164.74966878217245,162.70272119940034,164.1137237548828,16406000,221.39999389648438,222.82000732421875,218.92999267578125,221.3300018310547,49632800,229.67869350471682,230.19436878170097,227.93328446814013,229.85719299316406,34082200,133.7709642153392,136.40684475827754,131.37471471629812,135.5082550048828,264879700,409.4829836231505,410.65665522282575,404.85722518493617,410.4199523925781,15508900
2024-10-17,42.150001525878906,42.70000076293945,41.61000061035156,42.0,34028400.0,160.0,160.44000244140625,156.1999969482422,156.25,29491900,579.9931748825336,581.6237474143095,571.9096763385753,573.6297607421875,8701200,164.6801076327293,165.31605267037628,161.72892116495908,161.89784240722656,21453400,221.58999633789062,222.0800018310547,217.89999389648438,220.88999938964844,50791800,231.49350124327563,231.91003031839952,228.60765355789445,230.22412109375,32993800,139.12261346955344,140.6701983777905,136.65646567187503,136.71636962890625,306435900,416.57447660649984,416.7125733271007,409.89722324961605,411.0117492675781,14820000
2024-10-18,42.01499938964844,42.9900016784668,41.650001525878906,42.970001220703125,33969000.0,157.41000366210938,158.00999450683594,155.55999755859375,155.97000122070312,23823000,577.7758829363129,580.6294606897518,571.9593712320872,573.17236328125,7694300,162.1562268737477,163.66660222742627,162.04692309495266,162.384765625,19757700,220.7100067138672,222.27999877929688,219.22999572753906,220.6999969482422,49611900,234.2206797118992,234.2206797118992,232.0686835146529,233.05047607421875,46431500,138.45366668655112,138.6833036103306,137.06583575895257,137.7847137451172,176090200,411.4260201751563,413.90161766396704,410.5580696214905,412.4320373535156,17145300
2024-10-21,42.86000061035156,43.400001525878906,42.40999984741211,42.70000076293945,30719800.0,155.75999450683594,158.0,154.14999389648438,157.89999389648438,25781200,572.7348910706112,573.937930513858,565.8544327374575,571.8698120117188,8171900,161.9177244301946,163.45790836208016,161.58981312891888,163.0306396484375,20946500,218.89999389648438,220.47999572753906,215.72999572753906,218.85000610351562,47329000,232.5050303027995,234.8851292946414,232.5050303027995,234.5181884765625,36254500,137.91452734392325,143.48582458496094,137.78472526376913,143.48582458496094,264554500,410.4199513395574,413.22104518863654,408.08242059822123,413.04351806640625,14206100
2024-10-22,42.689998626708984,43.4900016784668,42.29999923706055,42.939998626708984,27830700.0,156.60000610351562,156.74000549316406,151.91000366210938,154.08999633789062,34997400,571.0047942012734,580.1919884331684,568.8472245196812,578.6806640625,8544500,161.9475365199372,164.71987068710104,161.9475365199372,164.09385681152344,16568100,217.30999755859375,218.22000122070312,215.25999450683594,217.97000122070312,43268700,231.94969236544068,234.26036494372266,230.67040061866737,233.90335083007812,38846600,142.6870350476968,144.19467365659466,141.55879320187643,143.365966796875,226311600,412.75749822543423,424.68188532771023,412.3136804024992,421.6539611816406,25482200
2024-10-23,42.849998474121094,43.68000030517578,42.05500030517578,42.59000015258789,35647000.0,153.0,153.4499969482422,150.52000427246094,152.91000366210938,26095900,576.6522939692993,581.6535493433651,559.2822589840049,560.4654541015625,14248400,163.71626254064074,164.76956032222017,160.90418838301372,161.74880981445312,18280500,217.1300048828125,218.72000122070312,212.11000061035156,213.64999389648438,80938900,232.13813805749322,233.18934216580075,225.8705597881939,228.84567260742188,52287000,141.80843319617813,142.20780310560568,137.2455702792771,139.34228515625,285930000,424.9580432083023,425.17503084101816,416.74216121867397,418.7838134765625,19654400
2024-10-24,42.88999938964844,43.72999954223633,42.65999984741211,43.560001373291016,34079600.0,154.74000549316406,155.19000244140625,152.35000610351562,153.44000244140625,22877000,563.885676542558,565.625665478875,558.3077837170615,564.531982421875,7184700,161.79849749810091,162.29533007096418,159.9900196550578,161.68919372558594,22412500,244.67999267578125,262.1199951171875,242.64999389648438,260.4800109863281,204491900,228.07212485007065,228.90516786821388,226.51515714412935,228.65724182128906,31109500,140.6003278006047,141.1294997806309,138.24400879643727,140.1909637451172,172354900,419.5037748840412,420.144895200207,416.6139175340375,418.9120178222656,13581600
2024-10-25,43.849998474121094,45.06999969482422,43.64500045776367,44.86000061035156,50416500.0,155.39999389648438,158.91000366210938,155.0500030517578,156.22999572753906,29758500,570.6468058786587,577.9646881740268,568.4494264147659,569.970703125,11337900,162.63318258273335,164.5410179603954,162.38476628102538,164.22305297851562,19828900,256.010009765625,269.489990234375,255.32000732421875,269.19000244140625,161611900,227.83412074973037,231.28524701350278,227.665532857223,229.49026489257812,38802300,140.7101495657632,143.90516992810382,140.58036271847078,141.31919860839844,205122100,420.914242666979,426.5953216047658,420.72684288279277,422.2851867675781,16899100
2024-10-28,45.04999923706055,45.13999938964844,44.68000030517578,44.970001220703125,36729700.0,158.5,160.27999877929688,157.0399932861328,159.9199981689453,36010100,578.67066002025,580.410649118249,570.8357328269512,574.8526000976562,10925100,167.68097239909127,167.68097239909127,162.9113772628699,165.66383361816406,32138600,270.0,273.5400085449219,262.239990234375,262.510009765625,107653600,231.38442210065006,232.78271346714027,230.62080565968694,231.4637451171875,36087100,142.77687691949686,142.91665786792092,139.83148285521668,140.30075073242188,173586700,425.74710969864265,426.02327304477956,420.46051551603273,420.7465515136719,14882400
2024-10-29,44.900001525878906,45.06999969482422,44.040000915527344,44.93000030517578,26154700.0,161.10000610351562,167.50999450683594,158.94000244140625,166.25,71896000,576.8312747759295,590.2738923162734,572.1084471625843,589.8861694335938,13019100,166.6674584466476,169.30068030332265,166.03151333010814,168.6051025390625,42169000,264.510009765625,264.9800109863281,255.50999450683594,259.5199890136719,80521800,231.1662580738538,232.38605001867157,230.3927299983884,231.7315216064453,35417200,140.0711387385227,142.03806672701694,138.6833077693045,141.02964782714844,157593600,422.13726756090693,427.2364622843578,419.967391061662,426.0331726074219,17644100
2024-10-30,44.58000183105469,44.79999923706055,43.61000061035156,43.689998626708984,31309200.0,153.00999450683594,153.1199951171875,148.10000610351562,148.60000610351562,87701700,597.5420905900066,597.7608636426235,586.0084723536592,588.4146118164062,26864900,179.53541113405987,180.86693395167478,172.95735272555387,173.35482788085938,68890800,258.0400085449219,263.3500061035156,255.82000732421875,257.54998779296875,53993600,230.68030356750913,231.53316974412917,227.64569128136466,228.19113159179688,47070900,139.32231985353584,140.11109603583748,136.5965827440961,139.1226348876953,179418100,431.44794042425275,432.4934181148105,426.1810914644013,426.6051940917969,29749100
2024-10-31,42.790000915527344,43.31999969482422,40.900001525878906,41.560001373291016,50973400.0,147.8000030517578,148.67999267578125,143.3300018310547,144.07000732421875,44386600,581.6534603775302,586.525453807229,559.7892656536117,564.3331298828125,26838400,172.03323918990733,175.69986574053596,169.91672772946706,170.02603149414062,44769000,257.989990234375,259.75,249.25,249.85000610351562,66575300,227.43742665071557,227.92336713292326,223.5003599556127,224.035888671875,64370100,137.38534807029694,137.39532698555524,131.9039070664443,132.55288696289062,270039600,409.6703426075015,410.4594021869807,400.7344498042727,400.7837829589844,53971000
2024-11-01,41.93000030517578,42.56999969482422,41.59000015258789,41.91999816894531,33722500.0,144.44000244140625,144.5399932861328,141.32000732421875,141.86000061035156,39027400,564.3630263338429,570.3883582518947,559.3419265164682,563.9155883789062,15303200,168.99265264899384,171.228399412592,167.810188601417,170.2049102783203,31796500,252.0399932861328,254.0,246.6300048828125,248.97999572753906,57544800,219.13689753624155,223.48056715614828,218.44270756169647,221.06080627441406,65276700,134.48984636430032,137.09577501351765,134.36005954202903,135.18875122070312,207127800,403.4073925009318,409.80848287841667,401.9180668422498,404.7487487792969,24230400
2024-11-04,41.08000183105469,42.040000915527344,41.03200149536133,41.40999984741211,75413300.0,141.6999969482422,143.63999938964844,139.72000122070312,140.7100067138672,29117400,560.8731367595427,565.4369071400736,554.698698856843,557.4727172851562,12064600,168.8535086611848,169.64844379948434,166.9456734265419,168.1678924560547,21492700,244.55999755859375,248.89999389648438,238.8800048828125,242.83999633789062,68802400,219.15671602208408,220.94177147156717,217.88733586004025,220.16824340820312,44944500,136.9959472521015,138.74321710094807,135.3585064031532,135.83775329589844,187528200,404.18653972407174,404.7980722358363,400.01450160866744,402.8648986816406,19672300
2024-11-05,47.86000061035156,51.57500076293945,46.86000061035156,51.130001068115234,208868200.0,141.94000244140625,143.0800018310547,140.8000030517578,141.66000366210938,27067300,564.0547369200507,570.1993768247104,563.4283359927113,569.1553955078125,9775400,168.35665448147515,169.44969205157926,167.7703957675669,168.66470336914062,18242100,247.33999633789062,255.27999877929688,246.2100067138672,251.44000244140625,69282500,219.9599772111233,222.0921350198155,219.30544885909725,221.59628295898438,28111300,137.2355728771189,140.15101580482042,137.11576495412646,139.69174194335938,160537400,402.7761220934701,409.21667261639857,402.49008610038965,405.82379150390625,17626000
2024-11-06,53.439998626708984,55.689998626708984,51.61000061035156,55.529998779296875,114255900.0,144.9499969482422,145.6300048828125,141.52000427246094,145.10000610351562,32911500,559.5308004818795,569.7221655728422,551.9941447200907,568.777587890625,18305400,172.69899134986846,175.81909904785277,172.40088879790804,175.39181518554688,33695500,284.6700134277344,289.5899963378906,275.6199951171875,288.5299987792969,165228700,220.76328741365683,224.19459083458287,219.35506917081855,220.87237548828125,54561100,142.73698322061895,146.2614750565614,141.73854326176877,145.38284301757812,242043900,406.77069419877853,414.69069825173966,404.89669627254005,414.42437744140625,26681800
2024-11-07,55.81999969482422,56.470001220703125,53.54999923706055,55.880001068115234,121591200.0,146.67999267578125,150.1199951171875,145.66000366210938,149.82000732421875,30326400,573.5898492405502,591.3973663322344,571.9194671553032,588.3151245117188,14653700,176.2861274447148,179.93287650946746,176.06751991171046,179.60496520996094,25352900,288.8900146484375,299.75,285.5199890136719,296.9100036621094,117309200,222.7665321945981,225.9895710313294,222.70703236030374,225.59288024902344,42137700,146.1616297903136,148.69766066609404,145.9419717733186,148.6477508544922,207323300,415.5092700597973,421.0029789570154,414.12845339700306,419.6024169921875,19901800
2024-11-08,55.56999969482422,58.47999954223633,55.29999923706055,58.38999938964844,84124000.0,149.38999938964844,150.7100067138672,147.52999877929688,147.9499969482422,27560300,588.156055247851,589.7071287920577,581.1762546419226,585.9686889648438,9415700,179.50560202546419,179.7540183112244,176.95189049215537,177.22018432617188,22006200,299.1400146484375,328.7099914550781,297.6600036621094,321.2200012207031,204782800,225.5332770864524,227.0125473442273,224.7787582103861,225.32479858398438,38328800,148.53787885494532,149.53631855776948,146.03178545046896,147.399658203125,175665800,419.4939629624982,420.65779206836214,416.00244554535874,416.7520446777344,16891400
2024-11-11,60.132999420166016,62.08000183105469,58.689998626708984,60.2400016784668,108357800.0,147.3800048828125,148.57000732421875,144.91000366210938,147.35000610351562,29868100,583.0057385461188,583.6420920185832,573.2121093173138,579.833984375,10209100,177.44869771632568,179.40621898146745,177.33939395971944,179.20748901367188,17450400,346.29998779296875,358.6400146484375,336.0,350.0,210521600,223.37892800863307,224.07388164377818,219.90414468405433,222.61447143554688,42005600,148.44804913905642,148.61779734270107,143.3460354590936,145.03338623046875,182325600,416.7323203125478,418.9909603752076,410.3016419524007,412.28411865234375,24503300
2024-11-12,59.0099983215332,60.09000015258789,58.56999969482422,59.849998474121094,59061300.0,147.0,147.4499969482422,141.5500030517578,143.6300048828125,33560300,585.1733003985561,596.2296848177605,577.0600054748132,581.474609375,16287700,178.68086684117154,181.33395085774214,178.25358296080182,180.46945190429688,25134900,342.739990234375,345.8399963378906,323.30999755859375,328.489990234375,155726000,222.9321731823864,223.96467356190874,221.75074442821315,222.61447143554688,40398300,146.55100082856893,149.41651833977537,145.78219787373922,148.0586395263672,198634700,412.5207686609151,418.6259798148705,411.485163708279,417.23529052734375,19401200
2024-11-13,61.52000045776367,63.38999938964844,59.849998474121094,60.70000076293945,85937400.0,142.86000061035156,144.49000549316406,139.07000732421875,139.3000030517578,35146600,579.2771226118736,582.2898184060665,571.8796812448458,576.6820678710938,10757600,179.31681892204128,179.8136514950511,177.4089684990119,177.746826171875,23184000,335.8500061035156,344.6000061035156,322.5,330.239990234375,125405600,222.39607398240116,225.0170530189228,221.15507983350162,223.49807739257812,48566200,148.83742831045777,149.0970171738845,145.67236073742527,146.0417938232422,191903300,415.8643777407356,423.44901221052845,412.481339102593,419.3756103515625,21502200
2024-11-14,61.04999923706055,61.16999816894531,58.529998779296875,59.18000030517578,59968200.0,140.33999633789062,141.39999389648438,138.55999755859375,138.83999633789062,31681400,573.6993404002395,577.4378414789874,569.7321744285508,573.8583984375,11053700,177.15060502189382,177.68719264307913,173.21569988978717,174.46771240234375,31007500,327.69000244140625,329.9800109863281,310.3699951171875,311.17999267578125,120726100,223.3987876531247,227.2210402122622,223.3789275067786,226.5757293701172,44923900,147.40966837696516,148.7675472701728,145.32293261192063,146.53103637695312,194463300,419.17832483529844,422.30491523139983,414.24681513135374,421.0424499511719,30246900
2024-11-15,61.0099983215332,66.0,60.90999984741211,65.7699966430664,155280400.0,136.57000732421875,137.35000610351562,133.64999389648438,134.89999389648438,44217500,567.9523677618081,569.2946816423462,548.3452030486293,550.9104614257812,17712900,172.6294588087237,173.03686519817956,170.13536450155812,171.39732360839844,32504600,310.57000732421875,324.67999267578125,309.2200012207031,320.7200012207031,114440300,224.76885944610046,225.2851172657963,222.65421566813873,223.3789520263672,47923700,144.64398997756967,145.0134231170618,139.86146934373124,141.7584991455078,250132900,414.06929022111444,417.0084507566798,407.9739514183208,409.3153076171875,28247600
2024-11-18,64.91999816894531,64.91999816894531,58.849998474121094,61.2599983215332,136663100.0,138.19000244140625,140.89999389648438,137.2100067138672,138.92999267578125,38705400,553.8534897330912,556.6971755268692,546.943295022024,551.2286376953125,14327300,172.3213885251699,174.32859614097288,171.80467846165004,174.18948364257812,20135300,340.7300109863281,348.54998779296875,330.010009765625,338.739990234375,126085600,223.6271499370396,228.08480645929455,223.5477244921184,226.377197265625,44633700,139.28237084466085,141.3291757571169,136.93603090489682,139.9313507080078,221205300,409.1870572477352,412.66870168958155,406.45501186857297,410.06488037109375,24727000
2024-11-19,59.5099983215332,63.0099983215332,59.26499938964844,62.97999954223633,75557800.0,137.41000366210938,139.75,137.13999938964844,139.38999938964844,23131400,548.7031290595829,558.2183921757821,547.4503270456743,557.88037109375,9522400,172.61951742744716,177.7368870735365,172.4605273586821,176.99163818359375,23434900,335.760009765625,347.3800048828125,332.75,346.0,88852500,225.34466282087314,228.50175961033486,225.02697621656037,226.6352996826172,36211800,141.09952959154865,146.90046279249913,140.77004260660007,146.7806396484375,227834900,407.4511618868994,412.2150169012381,405.912533336808,412.06707763671875,18133500
2024-11-20,62.59000015258789,63.08000183105469,59.959999084472656,62.119998931884766,59182200.0,138.9600067138672,140.77000427246094,135.47999572753906,137.60000610351562,28843100,559.7097624878369,563.1101814515828,551.0297217043255,562.2849731445312,9797300,176.2165738071629,176.55441631876369,172.67912830422068,174.8651885986328,18997100,345.0,346.6000061035156,334.29998779296875,342.0299987792969,66340700,226.41689814964724,228.27342054954684,224.26253412411586,227.35012817382812,35169600,147.18003223590216,147.32979212988033,142.50732548898966,145.6623992919922,309871700,411.1596548604422,411.57391488876465,404.9558076834049,409.7985534667969,19191700
2024-11-21,62.040000915527344,63.400001525878906,60.89500045776367,61.36000061035156,56336700.0,138.8699951171875,140.27999877929688,134.92999267578125,137.49000549316406,29311400,566.2620449532839,566.739279664007,545.9091133005595,559.8688354492188,11154700,172.79836977486937,173.02692368437366,162.662987910428,166.56809997558594,59734400,343.80999755859375,347.989990234375,335.2799987792969,339.6400146484375,58011700,227.230987838277,228.50176458087773,224.0838286281757,226.8735809326172,42108300,149.11701974284432,152.65149063112756,140.4805046221909,146.44119262695312,400946600,414.5818472703372,414.85856338751086,405.47983232208855,408.0295715332031,20780200
2024-11-22,61.599998474121094,64.44000244140625,61.369998931884766,64.3499984741211,61381700.0,137.35000610351562,139.1300048828125,137.0399932861328,138.35000610351562,21784700,560.32621328156,560.6046406773982,551.4175075908335,555.9414672851562,9164000,164.79936934193785,165.40550568311707,162.8617101914929,163.7162628173828,38604600,341.0899963378906,361.5299987792969,337.70001220703125,352.55999755859375,89140700,226.4168797117104,229.05771868234922,226.4168797117104,228.21383666992188,38168300,145.70233282975542,146.93042492260167,140.8798813363258,141.72854614257812,236406200,406.5471154925831,412.5064188915794,406.2407523286384,412.1111145019531,24814600
2024-11-25,66.9000015258789,67.87999725341797,64.08000183105469,64.6500015258789,80640500.0,140.49000549316406,142.35000610351562,139.0500030517578,141.1300048828125,30923100,558.884588798054,569.3146337097819,553.2072906140769,561.8773803710938,13599800,165.03785161237923,167.5617697445597,164.56089655546532,166.5879669189453,33135300,360.1400146484375,361.92999267578125,338.20001220703125,338.5899963378906,95890900,229.79238523732437,231.56948199204686,228.0847762696763,231.1922149658203,90152800,141.76848775116036,141.82839170792872,135.60811535874635,135.80780029296875,344941900,413.4749606494442,416.14328803070504,409.9863472135053,413.8801574707031,27691100
2024-11-26,64.56999969482422,65.8499984741211,63.88999938964844,65.73999786376953,46923600.0,142.5500030517578,142.8000030517578,136.6199951171875,137.72000122070312,32092400,562.7622479761632,574.1964632618979,561.9668364413141,570.2590942382812,10356600,166.5680936524055,168.74422275300518,166.5184073625678,168.04864501953125,20486700,341.0,346.9599914550781,335.6600036621094,338.2300109863281,62295900,231.64893863936055,233.87280565588551,231.64893863936055,233.36647033691406,45986200,137.4851722903331,139.08268223719327,135.45834049580736,136.70639038085938,190287700,414.67080652096905,424.0100286609721,413.93949178519347,422.9723205566406,23458900
2024-11-27,66.23999786376953,67.55999755859375,64.23999786376953,66.05000305175781,53839900.0,137.1999969482422,137.94000244140625,132.9600067138672,136.24000549316406,30175300,571.601423170664,571.6908743519631,560.8731072719025,565.9439697265625,7200200,167.92938975571963,168.40634472383195,166.9556022735371,168.15792846679688,19266500,341.79998779296875,342.54998779296875,326.5899963378906,332.8900146484375,57896400,232.78068842055708,233.99189975911068,232.12543996222107,233.23736572265625,33498400,134.7993734587721,137.00593247284488,131.59438972010054,135.1288604736328,226370900,420.12608556589345,422.22125646736464,417.07231569319254,418.03094482421875,18332400
2024-11-29,65.88999938964844,67.16000366210938,65.47000122070312,67.08000183105469,30104000.0,136.24000549316406,138.58999633789062,135.77999877929688,137.17999267578125,16085700,565.7450327371056,575.1509386081322,563.6570700717043,571.0346069335938,7130500,167.43256870496816,168.35666996658753,166.10106111500806,167.8797149658203,14257200,336.0799865722656,345.45001220703125,334.6499938964844,345.1600036621094,37167600,233.1182385238603,236.0966241243161,232.28429419145726,235.62008666992188,28481400,136.56660913585418,139.1326070072914,135.83775227020575,138.03431701660156,141863200,415.16493646523105,419.8987878079345,412.90177557031507,418.49542236328125,16271900
2024-12-02,67.44000244140625,67.87999725341797,65.95999908447266,66.38999938964844,46405000.0,137.9199981689453,142.82000732421875,137.8000030517578,142.05999755859375,33102400,574.1963992934365,591.0991504414684,572.2774471807156,589.438720703125,12522400,167.7008703464783,170.98989954223964,167.50214035040204,170.4036407470703,23789100,352.3800048828125,360.0,351.1499938964844,357.0899963378906,77986500,235.5605532676808,239.0551819380818,235.45134517492735,237.86383056640625,48137100,138.6134117376161,140.23087948399635,137.60499293345052,138.41372680664062,171682800,416.6276240398858,427.9236142872225,416.3706625649292,425.92730712890625,20207200
2024-12-03,66.41000366210938,71.37000274658203,66.1500015258789,70.95999908447266,100751400.0,142.5800018310547,143.4499969482422,141.0800018310547,141.97999572753906,22665300,591.5963112149323,610.6864900333547,587.8677630350062,610.1396484375,14907200,170.40363650165742,171.5860852555961,169.7676914327812,170.25457763671875,22248700,351.79998779296875,355.69000244140625,348.20001220703125,351.4200134277344,58267200,238.08222901174219,241.01097200063165,237.17878168890522,240.90176391601562,38861000,138.04428850809262,140.3207301527637,137.7347745914462,140.04116821289062,164414000,424.80061260374794,427.3997836787713,422.72522667678595,426.1446838378906,18302000
2024-12-04,71.12999725341797,71.18000030517578,67.27999877929688,69.8499984741211,86284800.0,142.9600067138672,144.1199951171875,141.17999267578125,143.99000549316406,25942700,609.4536043990507,614.2460390304662,601.6385211482492,610.2689208984375,14697000,170.06579296034354,173.80198381709815,169.97636673123043,173.26539611816406,31615100,353.0,358.1000061035156,348.6000061035156,357.92999267578125,50810900,241.12017980186528,242.35125137710352,239.51185632927692,241.25917053222656,44383900,141.77842858862508,145.56250811305713,140.07109010434277,144.9135284423828,231224300,427.95323167121506,434.5153999624501,427.55792723241916,432.2917785644531,26009400
2024-12-05,70.11000061035156,72.9800033569336,69.88999938964844,71.87000274658203,66585800.0,143.67999267578125,143.9499969482422,140.3800048828125,141.36000061035156,29576900,613.5500580968196,616.353933785045,603.5774048146206,605.4466552734375,8081200,174.24909570743614,174.94465817780926,171.23829195829458,171.54632568359375,21356200,359.8699951171875,375.42999267578125,359.5,369.489990234375,81403600,242.2321233137982,242.77814859306412,240.38552350615552,241.28895568847656,40033900,144.89361745373108,146.3214777724878,143.7353435501018,144.84368896484375,172621200,432.7859365018672,439.4469085884485,431.0564531129943,437.4308166503906,21697800
2024-12-06,72.94999694824219,76.81999969482422,72.27999877929688,76.33999633789062,93640900.0,141.47999572753906,142.7899932861328,137.39999389648438,138.58999633789062,33576800,606.6099369109293,626.1873039273537,605.0489714012239,620.2017822265625,16935500,170.9402105427862,173.97089221181594,170.77128929069295,173.60324096679688,21462400,377.4200134277344,389.489990234375,370.79998779296875,389.2200012207031,81455800,241.1598807416467,242.86748966267425,240.33585892461636,241.0903778076172,36870600,144.38436733563313,145.4827177885172,141.09926510716357,142.2275848388672,188505600,437.1145294101148,440.8699968788184,436.5907442566123,438.3696594238281,18821000
2024-12-09,80.58000183105469,80.91000366210938,71.05000305175781,72.45999908447266,168134800.0,135.7100067138672,135.77000427246094,130.0,130.8699951171875,57055600,620.3508267816162,622.8166811211822,602.7023662786942,610.06005859375,11426000,173.05610866341627,175.34414569527965,172.74770667593938,174.45877075195312,25389600,397.6099853515625,404.79998779296875,378.010009765625,389.7900085449219,96359200,240.08769312504634,245.4587194212017,240.00826768189094,244.9722442626953,44649200,138.76274660606958,139.74128080496888,136.92549436926976,138.6029815673828,189308600,437.41103647885797,443.0738395996816,435.33565050126293,440.7909240722656,19144400
2024-12-10,71.98999786376953,75.55999755859375,70.7300033569336,70.88999938964844,89672500.0,131.55999755859375,131.55999755859375,127.06999969482422,127.73999786376953,38907200,614.0273408137083,622.0114355661352,609.2349055981941,615.7772827148438,10938900,181.89990276575224,185.39165905883286,180.10925267461994,184.2078399658203,54813000,392.67999267578125,409.7300109863281,390.8500061035156,400.989990234375,97563600,245.11119868483894,246.42169557945553,243.57236314301568,245.98486328125,36914800,138.80268748950093,141.60850970621567,133.5904709096604,134.8685760498047,210020900,439.1800467406791,444.34871163189086,436.42274787532307,438.1324462890625,18469500
2024-12-11,72.9800033569336,73.0,68.06999969482422,72.51000213623047,89477700.0,128.52000427246094,131.2100067138672,126.22000122070312,130.14999389648438,45588100,619.8039905100828,634.7480401253283,617.9745502630952,629.0607299804688,10837200,184.3471064632806,194.59358956818772,183.88950517431252,194.38467407226562,67894100,409.70001220703125,424.8800048828125,402.3800048828125,424.7699890136719,104287600,246.17353693536344,248.99307203962232,244.48577275361333,244.71412658691406,45205800,137.155160163518,139.96096726526153,135.00837248215075,139.1022491455078,184905200,438.8440482605507,445.07020661100427,438.8440482605507,443.72613525390625,19200200
2024-12-12,72.30000305175781,75.37999725341797,71.9000015258789,73.19999694824219,73859700.0,130.0,132.32000732421875,129.07000732421875,130.60000610351562,34267100,627.8875399219128,633.0179957315453,623.6221024715439,627.1815795898438,7474700,193.98676747620544,194.16582489848338,190.71386920648584,190.9625701904297,34817500,424.8399963378906,429.29998779296875,415.0,418.1000061035156,87752200,245.11122473397327,246.9479020514793,243.9099357862414,246.17352294921875,32777500,136.8755860719742,138.2335586289744,135.59749604609573,137.13519287109375,159211400,443.8446618873549,450.81202644259827,443.8446618873549,444.2893981933594,20834800
2024-12-13,73.48999786376953,76.0999984741211,72.44999694824219,76.06999969482422,76172800.0,131.3000030517578,131.3000030517578,124.7699966430664,126.91000366210938,67544700,623.6320266186848,627.4699920270454,613.3611619616729,616.8013305664062,8453300,190.01749841639386,191.72856243728444,188.65462185235455,188.8336944580078,25143500,420.0,436.29998779296875,415.7099914550781,436.2300109863281,89000200,246.03453629863122,247.4939314395242,244.46591792091505,246.34230041503906,33155300,138.73281333743972,139.3918327936691,132.34234795745746,134.0498046875,231514900,443.1825414368637,446.13747735633456,440.3560560775405,442.0262451171875,20177800
2024-12-16,75.05999755859375,77.81999969482422,71.16000366210938,75.75,126099600.0,126.01000213623047,127.76000213623047,123.12000274658203,126.69000244140625,42090300,626.8814975325155,628.0457867533739,615.5376035416824,621.1697387695312,10885600,191.8678225512729,197.96597529078676,191.6191215772895,195.6381378173828,44934900,441.0899963378906,463.19000244140625,436.1499938964844,463.0199890136719,114083800,246.2033247964557,249.5689004337868,245.86576286364547,249.23133850097656,51694800,133.9798724705664,134.19954557462145,130.2254857362255,131.80313110351562,237951100,442.0262333394617,446.87867253224385,440.0595735829624,446.29559326171875,23598800
2024-12-17,73.27999877929688,75.31999969482422,71.69999694824219,74.38999938964844,75469400.0,124.44999694824219,127.08000183105469,123.1500015258789,125.0199966430664,43314900,623.0902515630854,629.2597698587709,613.5076105410767,616.3933715820312,12897800,196.22506444695088,200.37339478634232,193.96685539925252,194.40457153320312,43504000,475.8999938964844,483.989990234375,457.510009765625,479.8599853515625,131223000,248.27824960945253,252.00123197197036,247.98040799068028,251.65374755859375,51356400,128.89747709842524,131.39374870651014,126.67080709010266,130.19554138183594,259410300,445.7224537683285,449.9522746519603,444.2993336430134,449.1319885253906,22733500
2024-12-18,74.30000305175781,77.5999984741211,70.2699966430664,71.51000213623047,109643400.0,125.43000030517578,127.75,120.43000030517578,121.41000366210938,49724400,617.945699059959,624.2744037203172,593.387091448316,594.2528076171875,17075500,194.2056368053088,195.976386699195,186.764507184961,187.4210662841797,34166100,466.5,488.5400085449219,427.010009765625,440.1300048828125,149340800,250.34325221557475,252.44797328398425,245.95509905753715,246.2628631591797,56774100,133.6603731199009,136.49613412730267,128.08869283192976,128.71775817871094,277444500,446.02882636391814,447.3432204529913,431.89645846414146,432.26214599609375,24444500
2024-12-19,73.98999786376953,76.58999633789062,73.37000274658203,74.20999908447266,99524300.0,122.16000366210938,123.37999725341797,118.44999694824219,118.87999725341797,46160700,607.3877383453977,608.5121851640208,592.0734213249908,592.640625,14958100,190.63428570513082,192.02700516266594,187.40117286917095,187.53048706054688,32265200,451.8800048828125,456.3599853515625,420.0199890136719,436.1700134277344,118566100,245.71681628677703,250.18439476471843,245.30976661195103,247.9903106689453,60882300,131.56349862817564,133.8301176053825,129.3568029702355,130.485107421875,209719200,436.4425256398133,437.98423408144293,431.2046739034814,431.9063415527344,22963700
2024-12-20,72.63999938964844,80.66000366210938,71.5,80.55000305175781,281230800.0,118.0,121.86000061035156,117.9000015258789,119.20999908447266,53591200,587.675323062813,600.1436642411298,577.1473424651591,582.3715209960938,48989400,184.8146548375062,191.88771069567545,184.25756711987572,190.4154052734375,63462900,425.510009765625,447.0799865722656,417.6400146484375,421.05999755859375,132216200,246.2529371403228,253.16279902630112,243.919877297432,252.65647888183594,147495300,129.61642290138565,135.07826717246132,128.0287975903948,134.49913024902344,306528600,428.03227991601136,438.5376604876813,423.6048219518138,431.48138427734375,64263700
2024-12-23,80.6500015258789,82.0199966430664,77.41000366210938,80.69000244140625,93819500.0,120.70999908447266,126.33999633789062,120.47000122070312,124.5999984741211,47777900,586.7000120717197,598.1335492116074,583.366513431805,596.8995971679688,10205800,191.6191324608379,194.08625719212253,189.16196548395996,193.6186981201172,25675000,431.0,434.510009765625,415.4100036621094,430.6000061035156,72698100,252.93446477293034,253.80811434244586,251.6239676953758,253.4308624267578,40858800,136.0767567466981,139.58151660116854,134.91848306333998,139.46170043945312,176053500,431.61967744219925,432.5190122773264,427.7555144226145,430.14715576171875,19152500
2024-12-24,81.08999633789062,84.7969970703125,81.0,82.37999725341797,64983300.0,127.51000213623047,127.51000213623047,124.66000366210938,126.29000091552734,24829600,599.7555139461255,604.9996130735921,596.3324917694366,604.7608032226562,4726100,193.82761331003957,195.0910186767578,192.77312346833173,195.0910186767578,10403300,435.8999938964844,462.7799987792969,435.1400146484375,462.2799987792969,59551800,253.64924013847912,256.34962902881983,253.45066898797964,256.3397216796875,23234700,139.7912064019445,141.68836668012935,138.44321367436993,140.01087951660156,105157000,429.5541964268554,434.4461751355928,429.09959787026054,434.1793212890625,7164500
2024-12-26,83.16000366210938,83.48999786376953,81.30000305175781,82.13999938964844,60377100.0,125.5199966430664,127.30000305175781,125.05000305175781,125.05999755859375,24998200,602.5019749107529,603.3179490935831,595.994163249834,600.3824462890625,6081400,194.1359900072514,195.7276824419866,193.37000187433253,194.5836639404297,12046600,465.1600036621094,465.3299865722656,451.0199890136719,454.1300048828125,76366400,256.32980188696064,258.2260444048055,255.77383898408218,257.15380859375,27237100,139.49166074428362,140.63995487774488,137.52459740894255,139.7213134765625,116205600,433.9322924323696,435.7705018127553,431.5110338839644,432.9736633300781,8194200
2024-12-27,81.41999816894531,82.0,77.93000030517578,79.08000183105469,66975900.0,124.37000274658203,126.18000030517578,122.26000213623047,125.19000244140625,32924000,596.4618673609139,598.8898690255031,586.8991472446073,596.8599243164062,8084200,193.93703071352402,194.30511850410315,189.6593706110804,191.75840759277344,18891400,449.5199890136719,450.0,426.5,431.6600036621094,82666800,255.97238682838486,256.836144148833,251.2367643772991,253.74853515625,42355300,138.34337590905767,138.81267619141968,134.50910636621433,136.8056640625,170582600,429.5048044431988,430.1175308072659,421.35152651661633,425.4825134277344,18117700
2024-12-30,77.04000091552734,79.23999786376953,76.11000061035156,77.18000030517578,60850900.0,123.55999755859375,124.0999984741211,122.3499984741211,122.44000244140625,30501600,585.8542270232425,594.0039468527602,582.6998357068834,588.3319702148438,7025900,188.8137872976618,191.5494980812226,188.13731273783964,190.24630737304688,14264700,419.3999938964844,427.0,415.75,417.4100036621094,64941000,250.41273247360002,251.67358663649517,248.94339979921563,250.38294982910156,35557500,134.628921256616,140.06081067569033,133.82013169900247,137.2849578857422,167734700,421.0649558192297,422.5374777077036,416.9537232035626,419.849365234375,13158700
2024-12-31,77.58000183105469,77.9800033569336,73.6500015258789,75.62999725341797,56267900.0,123.0999984741211,123.55000305175781,120.13999938964844,120.79000091552734,30203400,589.3569487521584,591.048538740922,580.9783186606066,582.6301879882812,6019500,190.0871254076539,190.96255767118524,187.53047217416017,188.31637573242188,17466900,423.7900085449219,427.92999267578125,402.5400085449219,403.8399963378906,76825100,250.6212497119267,251.4551941340452,247.63292614272083,248.6157989501953,39480700,137.82414956509464,137.86409844380188,133.63041622678574,134.0897216796875,155659200,421.1045179635724,421.7271368293111,415.7282927277236,416.5584411621094,13246500
2025-01-02,76.19999694824219,76.52999877929688,72.41999816894531,75.19000244140625,72217200.0,122.29000091552734,123.13999938964844,119.44000244140625,120.62999725341797,34256200,586.8195277648132,601.9348206194616,584.9289090505599,596.292724609375,12682300,189.65937128935172,191.00236272405684,186.52574484771176,188.44570922851562,20370800,390.1000061035156,392.7300109863281,373.0400085449219,379.2799987792969,109710700,247.1365264348607,247.3053149666319,240.07776640397734,242.0931396484375,55740700,135.79717669922962,138.6728864930968,134.42922472124587,138.10372924804688,198247200,420.54116958363784,421.0748471756245,409.98638702094667,413.6726379394531,16896500
2025-01-03,75.38999938964844,79.9800033569336,75.19000244140625,79.88999938964844,62415000.0,121.6500015258789,125.55999755859375,121.41999816894531,125.37000274658203,36785300,601.7854933825649,606.5021699414652,593.4765264756181,601.6561279296875,11436800,190.37564116282604,192.2060921029038,188.9928641770284,190.79345703125,18596200,381.4800109863281,411.8800048828125,379.45001220703125,410.44000244140625,95423300,241.60665893554688,242.42074318433572,240.14724866814672,241.60665893554688,40244100,139.8011917981673,144.6838985290199,139.52161059265686,144.25454711914062,229322500,416.1433125624827,419.0587393010629,414.62138898974536,418.38671875,16662900
2025-01-06,78.69000244140625,80.05999755859375,74.61000061035156,75.91999816894531,105619500.0,129.07000732421875,130.72999572753906,127.36000061035156,129.5500030517578,48020200,608.8207004232554,627.8864342776167,602.6412227555535,627.100341796875,14560800,192.9720631324044,197.19003728298551,192.8427489428689,195.8470458984375,29563600,423.20001220703125,426.42999267578125,401.70001220703125,411.04998779296875,85516500,242.54983205880436,245.5480782886853,241.44782860288205,243.23486328125,45045600,148.36840963752263,151.93309314343088,147.599568879649,149.2071533203125,265377400,422.9822197752049,429.2281326887413,420.491774572373,422.833984375,20573600
2025-01-07,75.19999694824219,75.38999938964844,69.75,69.98999786376953,91727300.0,130.50999450683594,131.7100067138672,126.8499984741211,127.33000183105469,39220400,628.5930258941997,628.9910220723464,605.2384303850833,614.8509521484375,12071500,196.08579004713673,199.95557646710608,193.58883781557628,194.47421264648438,26487200,405.8299865722656,414.3299865722656,390.0,394.3599853515625,75699500,241.22937670987722,243.78086767976055,239.6111308132576,240.46493530273438,40856000,152.80179213743568,152.90164910642062,139.80120400217487,139.93101501464844,351782200,423.9704579117962,425.6011074871905,415.8665816173968,417.4181823730469,18139100
2025-01-08,68.12000274658203,69.52999877929688,66.51000213623047,68.2300033569336,91349500.0,124.51000213623047,125.30000305175781,120.12000274658203,121.83999633789062,46723100,610.3831198774918,613.4081462857669,599.8252572139608,607.7162475585938,10085800,191.5693958945213,195.27005246800397,191.3803807232366,192.9422149658203,24864800,392.95001220703125,402.5,387.3999938964844,394.94000244140625,73038800,240.17702168463396,241.95413364050106,238.32049944087447,240.95140075683594,37628900,142.36737985085435,143.73533196712347,137.3548616440079,139.90106201171875,227349900,418.4953792965591,421.96423797941225,416.59790611740993,419.5824890136719,15054600
2025-01-10,66.01000213623047,68.19999694824219,65.04000091552734,67.26000213623047,78148600.0,118.18000030517578,118.70999908447266,114.44999694824219,116.04000091552734,59415600,607.0295902270824,626.8117543633127,594.4020036952091,612.8308715820312,19256600,193.29039598946073,195.49886180679007,189.32112306274666,191.04212951660156,26665200,391.3999938964844,399.2799987792969,377.2900085449219,394.739990234375,62287300,238.28077607985776,238.42970445265777,231.32128701842691,235.1435546875,61710900,137.24501786219508,139.71133557177419,134.0198390250661,135.7073211669922,207602500,419.651700779007,419.73074959963856,410.15435142162687,414.0382995605469,20201100
2025-01-13,64.29000091552734,65.68000030517578,63.400001525878906,64.9800033569336,69046300.0,115.27999877929688,117.4800033569336,114.41000366210938,117.31999969482422,39128900,604.1140210154849,605.9748187670136,595.5066015316934,605.3380126953125,10785000,189.08238366148746,190.1866014129224,186.38645842630518,190.01748657226562,21823700,383.2099914550781,403.7900085449219,380.07000732421875,403.30999755859375,67580500,231.84748509521594,232.9792711307645,228.06493742769467,232.71121215820312,49630700,129.79613768131526,133.29091776199226,129.31684258602223,133.0312957763672,204808900,410.3717995418403,413.593589604229,407.45640284839305,412.2989501953125,17604800
2025-01-14,67.18000030517578,68.2300033569336,65.19000244140625,65.91000366210938,56814900.0,118.0,118.66000366210938,114.5,116.08999633789062,37005300,602.0939991024484,602.5119163465189,585.6552325061541,591.3272094726562,13598000,190.24630678281764,190.98245196740993,187.33152340912505,188.6745147705078,17174900,414.3399963378906,422.6400146484375,394.5400085449219,396.3599853515625,84565000,233.05869925952226,234.41882398797216,230.79512716232853,231.5992889404297,39435300,135.84710238324766,136.1766120600162,129.85605059334506,131.56349182128906,195590500,412.9116481684101,414.8190138642203,405.90477401390683,410.7967529296875,16935900
2025-01-15,68.55000305175781,68.8499984741211,67.08000183105469,68.13999938964844,56025800.0,117.55000305175781,120.41999816894531,117.45999908447266,119.95999908447266,38185800,607.2086697081857,619.3984173951854,603.516895686969,614.0846557617188,15524300,192.0866958313472,195.33970907887064,190.86309119272985,194.53392028808594,21776000,409.8999938964844,429.79998779296875,405.6600036621094,428.2200012207031,81375500,232.94949481929564,237.2383779015073,232.74100113522098,236.15621948242188,39832000,133.45067056072713,136.24649773538883,131.09418961528783,136.0368194580078,185217300,414.2161660512409,423.1304056035061,413.3662329233126,421.3119812011719,19637800
2025-01-16,69.08000183105469,71.43000030517578,68.36000061035156,69.23999786376953,62908700.0,120.23999786376953,121.08999633789062,118.25,118.44000244140625,29414100,608.4923023613607,613.2189392153532,606.7111284430702,608.2932739257812,8355300,193.13125854544327,194.4642923354748,191.80816733133548,191.90765380859375,17815400,423.489990234375,424.0,409.1300048828125,413.82000732421875,68335200,235.6399687194268,236.29520209930612,226.3871093224655,226.61544799804688,71759100,138.43325045720013,138.5430870275282,133.2909365646461,133.37081909179688,209235600,423.67398737859014,424.45470380326,419.4145196873236,419.6022644042969,15300000
2025-01-17,70.9000015258789,72.33999633789062,69.94999694824219,71.7699966430664,54754000.0,120.77999877929688,122.73999786376953,120.55000305175781,121.45999908447266,35765900,620.9805911305821,621.896049094774,600.7008255237737,609.756103515625,17280600,195.50881224351804,196.2051719482703,192.74325857357104,194.9815673828125,27735100,421.5,439.739990234375,419.75,426.5,94991400,230.44762501944012,230.61639839146835,226.83385097126646,228.3230438232422,68488300,136.4861555399997,138.29345383465838,135.25799411499426,137.504638671875,201188800,429.0007661773637,429.3862083308609,423.1501885882937,424.0000915527344,26197500
2025-01-21,73.23999786376953,73.63600158691406,70.60099792480469,73.06999969482422,56229000.0,122.38999938964844,123.75,121.12000274658203,122.27999877929688,31578800,614.7912965163201,618.443229069153,606.0146693079478,613.4280395507812,11674000,198.03563938794179,201.23889429991502,196.8418624454126,197.02093505859375,29971300,432.6400146484375,433.20001220703125,406.30999755859375,424.07000732421875,87320900,222.38615194982364,222.80312416686704,217.79944241349193,221.03594970703125,98070400,138.95245710585658,141.61847317570314,136.88553704004724,140.61996459960938,197749000,425.1563998310193,425.8481750206776,420.61032363697626,423.476318359375,26085700
2025-01-22,74.5,77.16000366210938,73.80000305175781,76.87000274658203,66876400.0,123.08000183105469,125.6500015258789,121.91000366210938,123.75,35023800,620.2343211513619,630.5831936184607,616.3833603918935,620.433349609375,12274000,198.02568110227872,199.43830095568052,196.50363220208854,197.33926391601562,26200600,416.80999755859375,428.0,414.5899963378906,415.1099853515625,60963300,218.2064601780486,222.5052654056773,218.2064601780486,222.2173614501953,64126500,144.44426793757484,147.56958971587568,143.45573886876412,146.85067749023438,237651400,432.4301508467356,442.02630472978717,430.88844231911156,440.9688720703125,27803800
2025-01-23,76.04000091552734,79.0,75.83999633789062,78.9800033569336,55937900.0,121.43000030517578,123.70999908447266,120.62999725341797,123.04000091552734,24921100,624.27438359991,633.4689279487995,618.0949656788501,633.3197021484375,9910200,197.11045095911172,199.25923110054313,194.18572496319172,196.95127868652344,26951400,416.05999755859375,420.7300109863281,408.95001220703125,412.3800048828125,50690600,223.1208199792776,225.394314538592,220.69839703644928,222.04859924316406,60234800,144.8337106624021,147.01045262591376,143.5056920734559,147.00047302246094,155915500,436.81806704057095,441.5123788470024,436.3239289556834,441.47283935546875,18389300
2025-01-24,79.05000305175781,82.23999786376953,78.44000244140625,78.9800033569336,77931900.0,124.55000305175781,125.25,122.2300033569336,122.83999633789062,31570300,633.2698782484986,648.7931250445398,631.0806868452225,644.3052978515625,19065300,197.07067128135972,199.85611023612495,196.97118481318788,199.16970825195312,23877500,414.45001220703125,418.8800048828125,405.7799987792969,406.5799865722656,56427100,223.16050188156166,224.00438385368136,219.81478693461753,221.17491149902344,54697900,148.14875950594703,148.74787093586673,141.6684465446306,142.40733337402344,234657600,439.94105276246916,441.4135747027248,436.225124464603,438.85394287109375,15549500
2025-01-27,74.06999969482422,76.72000122070312,72.66999816894531,75.44000244140625,76093300.0,117.80000305175781,118.08000183105469,112.80000305175781,115.01000213623047,61067900,623.5280757089856,660.6048263723562,622.025492753922,656.6344604492188,28399200,191.41022766272687,195.85700244066396,189.73894916830926,190.81333923339844,41728900,394.79998779296875,406.69000244140625,389.0,397.1499938964844,58125500,222.4059977899183,230.47741293083342,222.36627749626697,228.20391845703125,94863400,124.61389107098998,128.20851331467108,116.52596435964819,118.24340057373047,818830900,419.0389699284215,430.0977821935737,418.53493945291683,429.46527099609375,35647800
2025-01-28,75.54000091552734,80.73999786376953,74.04000091552734,80.2300033569336,65916700.0,115.18000030517578,116.1500015258789,112.94999694824219,114.16999816894531,40554800,662.7243202820943,679.222789585596,656.2264085295512,671.0133666992188,20950100,191.7484490804529,194.4642594397363,189.6891977496922,194.2852020263672,24157900,396.9100036621094,400.5899963378906,386.5,398.0899963378906,48910700,229.18679454547646,238.4594987479956,229.147074251248,236.54339599609375,75707600,121.62835222502514,128.80763280108368,116.07664583818587,128.7976531982422,579666400,429.50483681704293,443.1232814648123,426.3225862891417,441.9571228027344,23491700
2025-01-29,79.94999694824219,80.81999969482422,77.80999755859375,79.76000213623047,49262200.0,115.7699966430664,118.5199966430664,114.95999908447266,117.3499984741211,40199100,671.6800579089199,677.7002892439266,662.3959298804792,673.1627197265625,21377800,194.54385257803781,195.7674571519655,192.4249153665142,194.39463806152344,18218300,395.2099914550781,398.5899963378906,384.4800109863281,389.1000061035156,68033600,232.43321505583046,238.1318651456976,232.3240069742682,237.63546752929688,45486100,126.31135328562937,126.70077107762197,119.8709750783515,123.5155258178711,467120600,441.45306462654537,441.6408395030523,435.23679935643304,437.1441650390625,23581400
2025-01-30,80.0199966430664,81.83000183105469,79.37999725341797,81.22000122070312,46067500.0,118.52999877929688,120.44000244140625,117.08999633789062,118.86000061035156,29788400,693.3927409364592,707.294001197109,672.774619401076,683.6210327148438,29322900,196.97118096512546,200.3535083038363,196.6428938419765,199.82626342773438,24354700,410.7799987792969,412.5,384.4100036621094,400.2799987792969,98092900,236.95044029141235,239.05516137192973,235.50096771104396,235.8782196044922,55658300,122.91641225704781,124.81358019968631,117.92386904906036,124.46410369873047,392925500,413.86037732807745,417.9024230144378,408.31616280623206,410.12469482421875,54586300
2025-01-31,81.0,85.22000122070312,80.87000274658203,82.48999786376953,78731000.0,119.13999938964844,119.56999969482422,115.33000183105469,115.94999694824219,40463400,687.6013388802664,701.8309926464267,682.2080139805101,685.790283203125,19303900,200.95040684244714,204.41232049224394,200.75144907949408,202.9599151611328,32001100,401.5299987792969,419.989990234375,401.3399963378906,404.6000061035156,83283600,245.40904807772534,245.40904807772534,231.7581140684966,234.29966735839844,100959800,123.59541198682592,127.65934229890306,119.01226047612725,119.89094543457031,388161100,414.06796458574274,415.7579084081136,410.0456732964256,410.19390869140625,34161900
2025-02-03,80.125,84.25,78.47000122070312,83.73999786376953,126592700.0,113.87999725341797,115.16000366210938,112.9800033569336,114.2699966430664,34586100,672.5855459885331,700.5374135449807,671.9288188867163,694.0296020507812,21415700,199.64721499071638,202.69131276848185,199.0602842802592,200.1844024658203,27838300,386.67999267578125,389.1700134277344,374.3599853515625,383.67999267578125,93732100,228.3329633332112,230.15970278413624,224.07386363152474,226.36721801757812,73063300,114.57888277703151,118.39318602096668,112.84147962875147,116.48603820800781,371235700,406.77449861931177,410.5398286087579,403.8689641166184,406.10247802734375,25679100
2025-02-04,102.80000305175781,106.91000366210938,100.51000213623047,103.83000183105469,230806800.0,115.44999694824219,119.8499984741211,114.79000091552734,119.5,69412100,699.0447502736523,704.2291467274541,688.2082982161528,700.7264404296875,13826300,202.33317837712485,205.97416454187623,201.75619025433605,205.30764770507812,43856400,382.6300048828125,394.0,381.3999938964844,392.2099914550781,57072200,225.61269513536308,231.45033539507892,225.0170119929568,231.12271118164062,45067300,116.78557844108887,121.01925326141507,116.52596404203554,118.47306060791016,256550000,407.8516865143663,409.0672770356713,404.9362598096777,407.5354309082031,20532100
2025-02-05,101.77999877929688,103.56999969482422,99.31999969482422,101.36000061035156,90628300.0,107.61000061035156,112.08999633789062,106.5,112.01000213623047,110385200,700.0896831751202,714.6079511816394,695.5720343457091,701.4031982421875,17778200,190.0771871408914,191.74845039513906,187.05297480534406,190.33583068847656,70373900,387.510009765625,388.3900146484375,375.5299987792969,378.1700134277344,57223300,226.88350440739822,230.99367626573292,226.625383087866,230.7951202392578,39620300,121.57842315704723,124.8135892575584,120.57991444298676,124.64384460449219,262230800,407.5156591589932,408.97828849654115,405.5885086845079,408.44464111328125,16316700
2025-02-06,101.08999633789062,111.54499816894531,100.26000213623047,111.27999877929688,128217500.0,110.93000030517578,112.55999755859375,109.0199966430664,110.16000366210938,50426600,702.4081644926629,715.3641456188349,700.0398655613205,708.4880981445312,13080700,188.5153520057582,191.10184839531686,187.73940612479137,190.6044464111328,29297400,373.0299987792969,375.3999938964844,363.17999267578125,374.32000732421875,77918200,229.62360070928509,232.11552641696264,228.76979621063217,231.53970336914062,29925300,127.22996749994309,128.57796024161053,125.02326434711814,128.4880828857422,251483600,409.1463070589971,413.29707875974475,409.1463070589971,410.9449768066406,16309800
2025-02-07,111.66000366210938,116.30000305175781,110.44999694824219,110.8499984741211,143795400.0,109.12999725341797,109.91999816894531,106.79000091552734,107.55999755859375,46082500,713.2744305821955,721.4440718312758,708.249280988419,711.0056762695312,16427100,190.05730586169955,190.18662005870158,182.2878891065967,184.37696838378906,49315000,370.19000244140625,380.54998779296875,360.3399963378906,361.6199951171875,70298300,230.92419948813392,232.31410688860944,225.622660920367,225.99000549316406,39707200,129.02729180363133,130.17557068191934,124.8135839892709,129.6463623046875,228186300,411.59727657785896,413.7418190108213,403.31551731813784,404.9461669921875,22886800
2025-02-10,112.02999877929688,116.76000213623047,108.72000122070312,116.6500015258789,99938100.0,108.44000244140625,111.4000015258789,108.1500015258789,110.4800033569336,34905400,715.0257888589608,717.652818700605,707.8313687608933,713.8715209960938,12904300,186.37651565839897,187.22208986080463,184.89425239135454,185.50108337402344,23105600,356.2099914550781,362.70001220703125,350.510009765625,350.7300109863281,77514900,228.16659197494192,229.18034555631772,225.81107002878403,226.25831604003906,33115600,129.89599772289156,134.79867927002743,129.76620194780145,133.37081909179688,216989100,408.85972888435845,410.5892121947109,406.10246006462063,407.38720703125,20817900
2025-02-11,116.5,118.66000366210938,112.0999984741211,112.62000274658203,94311700.0,108.9800033569336,113.06999969482422,108.94000244140625,111.0999984741211,35033800,709.8115349418778,720.1006435254067,706.5476385055467,716.2596435546875,12998000,184.0685692836796,185.96864842614565,183.3224663388948,184.35707092285156,21239500,345.79998779296875,349.3699951171875,325.1000061035156,328.5,118543400,226.80497424991785,233.79199753404617,226.7354100570617,231.1979522705078,53718400,132.38228609427233,134.27944654160947,130.82461495038982,132.60195922851562,178902400,404.83747842325164,407.65404147500567,404.50143797348676,406.6163635253906,18140600
2025-02-12,110.29000091552734,117.58999633789062,110.0,117.38999938964844,75316900.0,109.5199966430664,111.83999633789062,109.05999755859375,111.72000122070312,25319700,711.7818168815365,723.523766963731,709.0950845634602,721.812255859375,12016500,182.26795668372725,184.14813529190087,180.88517998437734,182.6559295654297,22072600,329.94000244140625,346.3999938964844,329.1199951171875,336.510009765625,105382700,229.78661520122571,235.51141262786788,229.26978984120754,235.4219512939453,45243300,129.826117774307,132.04280851778788,128.8875170693692,130.94444274902344,160278600,402.4358837314584,405.93438940933225,399.6291833556912,404.24444580078125,19121700
2025-02-13,117.30999755859375,118.38999938964844,115.1500015258789,117.91000366210938,60027000.0,112.0,114.5999984741211,110.4000015258789,111.80999755859375,40911800,717.9713316181679,725.4145229257568,714.5084061760308,724.9766845703125,12569100,183.36225538928474,185.3120624610406,182.18837893712364,185.17279052734375,21402500,345.0,358.69000244140625,342.8500061035156,355.94000244140625,89441500,235.46171484030373,240.85851264219508,234.12991022790982,240.053466796875,53614100,131.36380821970238,136.29644386397356,130.9743904181038,135.08824157714844,197430000,402.22836193070845,406.18146622486773,401.59585076694265,405.72686767578125,23891700
2025-02-14,117.9000015258789,120.66999816894531,116.80000305175781,119.16000366210938,65528900.0,112.6500015258789,114.62999725341797,111.69999694824219,113.0999984741211,32477200,722.5686353170445,737.2659506266531,722.0511734013622,733.0468139648438,16901200,184.0984174978102,185.43145115453234,183.36227228593566,184.2675323486328,20448400,360.6199951171875,362.0,347.5,355.8399963378906,68277300,239.77520922194773,244.0489258287467,239.5168040933544,243.104736328125,40896200,136.27645326854343,139.04232643389201,135.29791907929888,138.64292907714844,195479600,403.0091510093491,404.1160155029715,401.1215398904841,403.6416320800781,22758500
2025-02-18,120.94000244140625,125.0,118.43000030517578,124.62000274658203,84227200.0,114.05000305175781,115.55000305175781,113.44999694824219,114.27999877929688,31720300,732.3800758046814,733.375157429416,702.9654654069245,712.8466186523438,21938700,184.63561754552705,184.99374757151398,180.79567372558517,182.81512451171875,29916700,355.010009765625,359.1000061035156,350.0199890136719,354.1099853515625,51631700,242.6574585849239,243.6811607859394,240.36158248040348,242.9755096435547,48822500,141.0593143400208,143.2260761760307,137.7242840330443,139.1920928955078,219176600,403.2166759889158,405.78620005413757,401.7342617389566,404.83746337890625,21423100
2025-02-19,123.86000061035156,125.41000366210938,108.55999755859375,112.05999755859375,147487300.0,114.25,116.11000061035156,113.13999938964844,114.69000244140625,28807700,700.6369880110449,703.5227491828676,691.9698654310938,700.3086547851562,17535500,183.11355043751632,184.496327170372,182.63603366423376,184.30731201171875,19549400,354.0,367.3399963378906,353.6700134277344,360.55999755859375,67094400,243.16433914739287,244.50607717853558,241.67350900245088,243.373046875,32204200,139.3019353271886,141.14918241151278,137.01535723812603,139.02235412597656,167536000,403.09811062253897,410.6188782021152,402.8707962337448,409.9073181152344,24114200
2025-02-20,102.91000366210938,107.4000015258789,95.80000305175781,106.2699966430664,243093900.0,115.01000213623047,116.55000305175781,113.11000061035156,114.16999816894531,27219600,693.8505479928752,702.1594553078776,690.2284362839436,691.4225463867188,12587400,183.83977159439488,184.34711614040583,181.77057757262898,183.60101318359375,20441500,361.510009765625,362.29998779296875,348.0,354.3999938964844,45965400,243.4426355672204,245.27138364211797,242.7966000469895,244.3271942138672,32316900,139.8211794831435,140.45024487315197,136.5860056380014,139.90106201171875,143903600,411.24420628859417,415.22503211440386,408.52099709977665,412.0760192871094,23508700
2025-02-21,107.68000030517578,109.06999969482422,100.0,101.3499984741211,129063200.0,114.8499984741211,115.76000213623047,110.43000030517578,110.83999633789062,41353700,693.1539301625503,700.4080528713276,679.0038387952945,680.18798828125,15660400,184.18793460152546,184.37694976979722,178.14948286814752,178.72647094726562,35199200,353.44000244140625,354.9800109863281,334.4200134277344,337.79998779296875,74058600,244.44646835255205,247.16972378813352,243.72093519653038,244.04891967773438,53197400,139.83117324566518,141.2490692264154,133.83014051658057,134.2295379638672,228217600,413.27418223243296,413.97725680128366,403.91626425407014,404.2331237792969,27524800
2025-02-24,95.87999725341797,99.01000213623047,89.30000305175781,90.68000030517578,184485000.0,111.48999786376953,111.5999984741211,107.9800033569336,108.11000061035156,29072200,682.9046273446285,683.8897484077801,659.1918158891808,664.8438720703125,15677000,181.04437173412518,182.16848984705686,177.96047349552646,178.318603515625,29854200,338.1400146484375,342.3999938964844,324.70001220703125,330.5299987792969,76052300,243.43269920852308,247.33868242018207,242.92582237394555,245.58944702148438,51326400,136.35635785611953,138.38332947991822,129.88602516626045,130.08572387695312,251381100,404.5302202614153,405.38182745676596,395.429748735741,400.06414794921875,26443700
2025-02-25,90.6500015258789,91.69999694824219,85.25,87.83999633789062,132626300.0,107.88999938964844,108.63999938964844,103.62000274658203,103.95999908447266,39169200,662.6945484245232,664.714593482652,638.7031425684804,654.2662353515625,20579700,177.11488051844918,177.81125539535978,173.7822965453186,174.5084991455078,41913400,327.0199890136719,328.8900146484375,297.25,302.79998779296875,134228800,246.48393846255715,248.47171215983582,243.41283173998391,245.52980041503906,48013300,129.78615711570163,130.00583024952502,124.25442559786755,126.44115447998047,271428700,397.19236575081766,398.0043843099881,392.835237956153,394.0235290527344,29387400
2025-02-26,89.16000366210938,91.69000244140625,87.58999633789062,89.30999755859375,94428700.0,104.94999694824219,105.80000305175781,103.98999786376953,104.73999786376953,29178200,656.4055905153153,679.6506817176414,654.763681609393,670.386474609375,14488700,174.1603418876601,175.16508845335508,170.68847049649932,171.83248901367188,35431300,303.7099914550781,309.0,288.0400085449219,290.79998779296875,100118300,242.83637220684057,243.48239258336395,237.66816369812489,238.89064025878906,44433600,129.79614381296275,133.53055638167015,128.29838085048883,131.08421325683594,322553800,394.13247941305536,399.6680163656564,390.409100766333,395.8357238769531,19619000
2025-02-27,91.91000366210938,93.62000274658203,84.16999816894531,84.7699966430664,99680500.0,105.08000183105469,105.76000213623047,99.5,99.51000213623047,47263700,679.0934498337167,685.2629678985895,654.3358147754243,655.0025024414062,12500000,173.08594510447406,173.65297546387492,167.06737815788244,167.6244659423828,39991000,291.1600036621094,297.2300109863281,280.8800048828125,281.95001220703125,101748200,237.94645181292123,240.9778097055873,235.61081167459415,235.84934997558594,41153600,134.7986782828192,134.80865788512716,119.83103458283094,119.9708251953125,443175800,397.36074580317216,401.7871994813194,388.3494237890168,388.7059020996094,21127400
2025-02-28,79.9800033569336,85.18000030517578,78.58000183105469,84.91999816894531,125977400.0,99.55999755859375,101.80000305175781,98.69000244140625,99.86000061035156,45194600,654.8033903750937,666.3364113660828,639.4393300085176,664.9134521484375,17534200,167.80351036476668,169.7234897370402,165.90344649975822,169.39520263671875,48130600,279.5,293.8800048828125,273.6000061035156,292.9800109863281,115697000,235.5014815283524,240.61005923211764,228.7927454203557,240.36158752441406,56833400,117.8439849269481,124.90344062232614,116.22640582508673,124.73369598388672,389091100,388.83460333794534,393.7561854578909,382.80393739721217,393.1224060058594,32845700
2025-03-03,88.55000305175781,90.4800033569336,82.52999877929688,83.41999816894531,114573900.0,101.5199966430664,102.33999633789062,97.08999633789062,98.2300033569336,38958000,670.3664982200642,677.8992724698688,647.638870751695,651.828125,10843800,171.03661439535395,172.46913433248685,165.06779144363472,166.14218139648438,40770500,300.3399963378906,303.94000244140625,277.29998779296875,284.6499938964844,115551400,240.31189930334125,242.53821134874983,234.66662916873,236.57489013671875,47184000,123.32581202011416,123.51552349340123,112.11255593535711,113.88990020751953,411381400,394.93461038215554,394.93461038215554,382.39794340981075,384.7052307128906,23007700
2025-03-04,80.16000366210938,88.5,79.30000305175781,84.4000015258789,116800300.0,96.0,103.18000030517578,95.88999938964844,100.75,54156900,642.3351433054311,646.5542796373367,620.5826737681288,636.8522338867188,21495200,165.37621562667857,172.38957139478455,164.93849945595062,170.03189086914062,45388000,270.92999267578125,284.3500061035156,261.8399963378906,272.0400085449219,126706600,236.25684921580154,238.60242278275774,233.24535811530478,234.4877166748047,53798100,110.4849986041218,119.132080722439,109.94580294596078,115.81703186035156,398163300,379.66483152587324,388.755390806373,377.2882188683939,384.8240661621094,29342900
2025-03-05,86.3499984741211,90.30000305175781,82.5,90.12999725341797,116053000.0,100.36000061035156,101.83999633789062,98.87000274658203,101.66999816894531,27855500,637.8472080229061,656.2562148067185,634.5236092639633,653.2410888671875,13770000,169.6339770163835,172.87703249017144,168.18155654289944,172.12098693847656,30954900,272.9200134277344,279.54998779296875,267.7099914550781,279.1000061035156,94042900,233.98083809185871,235.1039350742086,227.82867612475383,234.29888916015625,47227600,117.40465751759531,118.10361057672029,114.3392360416895,117.12507629394531,284337900,385.54695570418704,397.7568509049982,385.02212029604283,397.1131591796875,23433100
2025-03-06,87.50499725341797,88.33999633789062,80.01000213623047,80.45999908447266,117340600.0,99.05000305175781,101.08000183105469,98.2699966430664,98.8499984741211,28985000,644.812846805576,647.3602531536812,621.040333910999,624.841552734375,13446500,169.64391728856972,173.9016770030345,169.61407438427003,171.4544677734375,28302000,272.05999755859375,272.6499938964844,260.0199890136719,263.45001220703125,98451600,233.00682927336524,236.4059203890797,231.73465535282332,233.89138793945312,45170400,113.36069823382532,115.17798387118098,110.05563667803439,110.40511322021484,321181900,390.43881857931865,398.2321421191711,388.8544001591339,393.0234069824219,23304600
2025-03-07,80.0250015258789,85.16000366210938,79.1500015258789,84.91000366210938,105377100.0,98.87999725341797,100.6500015258789,96.38999938964844,100.30999755859375,33254400,622.294150848658,631.6678021460568,597.6559216844704,622.5827026367188,21375700,170.3701228624436,174.06085227932917,169.38527664457013,172.9566192626953,27385800,259.32000732421875,266.25,250.72999572753906,262.6700134277344,102369600,233.67273718007357,239.89446338205195,233.32487071745646,237.60853576660156,46273600,111.08409477767312,113.31077256873955,107.39959517379882,112.5219497680664,341755500,388.49795642753014,390.95377648794664,381.7840095954452,389.4783020019531,22034100
2025-03-10,82.0,82.69000244140625,74.56999969482422,76.37999725341797,136843800.0,98.56999969482422,101.29000091552734,95.83000183105469,96.62999725341797,38733200,605.0792675215534,607.109212093194,583.9835257431913,595.048828125,21999900,167.57848498247546,167.77768707285077,163.02700292073365,165.1981658935547,43604000,252.5399932861328,253.3699951171875,220.0,222.14999389648438,189076900,234.10011191080184,234.71633209649934,222.84932017741133,226.08938598632812,72071200,109.73610085349598,111.6831896506324,105.30272006245755,106.8204574584961,366487400,382.0810781292241,382.6356200973146,373.5450604558272,376.4564208984375,32840100
2025-03-11,75.78500366210938,80.74500274658203,75.52999877929688,78.05000305175781,109351500.0,96.79000091552734,98.16000366210938,94.7300033569336,96.76000213623047,34078300,592.1232921602733,611.9055191678449,590.4117809661785,602.7308959960938,17401500,164.24208173462625,166.07462568107138,160.71641100595642,163.37559509277344,39587400,225.30999755859375,237.05999755859375,217.02000427246094,230.5800018310547,174896400,222.44182022291236,224.45940937640347,216.12069905845206,219.48997497558594,76137400,106.83044416478043,112.0726148635708,104.6137536218378,108.59780883789062,354865700,375.30770541349494,382.23950999896846,373.2380702422645,376.74359130859375,30380200
2025-03-12,83.4800033569336,84.55000305175781,79.86000061035156,83.6500015258789,116525100.0,99.05000305175781,101.72000122070312,98.16999816894531,100.79000091552734,34241300,626.8018648059933,630.2149870827395,606.352891273559,616.5126953125,15747000,165.90529913170525,166.96100335852913,162.86764957538162,166.4331512451172,28372400,247.22000122070312,251.83999633789062,241.10000610351562,248.08999633789062,142215700,218.79423505763873,220.39439337943787,213.59621144659917,215.65354919433594,62547500,113.9602977987337,116.5966026479449,112.72202762810602,115.5780258178711,323857500,379.2192427611773,381.46711712441265,375.25821149680263,379.5361022949219,24253600
2025-03-13,82.84500122070312,83.73999786376953,78.31999969482422,79.62000274658203,100927200.0,99.72000122070312,100.06999969482422,97.2699966430664,98.11000061035156,28575200,617.1993356753703,617.4481060645986,583.6252936627146,587.7349853515625,16480300,165.36746730396223,165.45711431897539,161.4533926135524,162.1007537841797,31756200,248.1300048828125,248.2899932861328,232.60000610351562,240.67999267578125,114813500,214.6298526174969,215.5144112677834,207.14588618522245,208.39817810058594,61368300,116.86621875800482,117.59520049683546,113.63075517539951,115.41825103759766,299033100,379.4271716632625,381.5661320778761,373.7728082450696,375.0799255371094,20473000
2025-03-14,82.97000122070312,87.2699966430664,82.16000366210938,86.23999786376953,113985000.0,99.63999938964844,101.22000122070312,99.58000183105469,100.97000122070312,24715300,600.3687854957838,606.4043419789234,592.381172955088,605.1494140625,12364500,162.60869285591215,165.8156517325666,161.79200690237369,164.8197021484375,31995900,247.30999755859375,251.5800018310547,240.72999572753906,249.97999572753906,100242300,209.95857893569573,212.64207016591416,208.29878985935505,212.1848907470703,60107600,118.44401014075397,121.70943054003341,117.98465480860956,121.49972534179688,277593500,376.08007458561946,386.42827981726157,375.8127158813028,384.7745361328125,19952800
2025-03-17,88.44000244140625,88.81999969482422,84.5,87.3499984741211,99348900.0,102.5999984741211,106.1500015258789,102.5999984741211,104.58999633789062,43689500,605.01006095703,610.6272679434014,595.5881924170304,602.4603881835938,15473900,164.36156568984055,165.6264259709924,163.00707358955603,163.6245574951172,31184300,245.05999755859375,245.39999389648438,232.8000030517578,238.00999450683594,111900600,212.00600336087763,213.9043309003415,208.68642489319868,212.69178771972656,48073400,122.56822336901756,122.71801496792263,117.86481592318836,119.36271667480469,255501500,382.93266210354994,388.8840902907555,381.81366607483056,384.9131774902344,22474300
2025-03-18,85.77999877929688,86.16999816894531,81.80000305175781,83.88999938964844,93236500.0,103.8499984741211,104.55000305175781,102.97000122070312,103.51000213623047,27152800,597.6298861819188,597.8290917063831,572.34227369431,580.01123046875,20297700,163.01702900544848,163.5847275921019,156.08522805432327,160.01922607421875,42074800,228.16000366210938,230.10000610351562,222.27999877929688,225.30999755859375,111477600,212.85080057479257,213.83473880015984,210.19712464056028,211.38978576660156,42432400,117.83486627342975,118.85343549406599,114.37970924440411,115.26846313476562,299686900,383.2990634136601,383.5961286419255,377.38722360904,379.78363037109375,19486900
2025-03-19,84.55000305175781,87.98999786376953,82.86000061035156,86.0999984741211,89797400.0,104.41999816894531,107.9000015258789,101.95999908447266,106.2300033569336,32287500,581.9235510596104,589.9311027976759,572.4518964146898,581.7044067382812,20537500,161.10480349722013,165.19815700358515,160.3478872642785,163.22618103027344,34275600,231.61000061035156,241.41000366210938,229.1999969482422,235.86000061035156,111993800,212.91044076829724,217.4226803637017,212.443312738742,213.92420959472656,54385400,117.10587965509883,120.2814296141779,115.51810848491796,117.35552978515625,273426200,381.77411012943475,385.8836741890137,380.2590168181109,384.04180908203125,19185500
2025-03-20,85.54000091552734,89.80000305175781,85.12000274658203,87.38999938964844,105547400.0,105.12000274658203,108.26000213623047,105.12000274658203,107.13999938964844,26871800,580.4096129893901,607.7389439842362,577.172720940167,583.6365356445312,24336500,160.91559589904986,164.22214090970084,160.30806599087495,162.14060974121094,28138500,233.35000610351562,238.0,230.0500030517578,236.25999450683594,99028300,212.6818553101102,216.16045933121794,210.92267131595005,212.7911834716797,48862900,116.3868956857552,120.03178155242583,116.30700581426807,118.36412048339844,248829700,381.9819995370129,387.9730768170586,379.5459740311176,383.0712890625,18470500
2025-03-21,85.8499984741211,91.06999969482422,84.45999908447266,90.95999908447266,116748700.0,105.33000183105469,107.25,104.33000183105469,106.44000244140625,30767900,581.0669435562578,595.1299901540924,578.6069346961235,593.84521484375,25015900,160.55705156299513,163.57477782056455,160.2383403768693,163.32579040527344,36625800,234.99000549316406,249.52000427246094,234.5500030517578,248.7100067138672,132728700,210.26671164330716,217.5022071138821,209.9884245225551,216.93569946289062,94127800,116.77634740953133,117.82487338576216,115.25847035053427,117.5352783203125,266498500,379.4865916093534,387.92357710345186,379.07067004050685,387.4482727050781,39675900
2025-03-24,93.4000015258789,97.38999938964844,92.27999877929688,96.75,112164700.0,109.7300033569336,114.8499984741211,109.4000015258789,113.8499984741211,53342000,612.4897086743648,620.0291850741187,609.7309218178737,616.3540649414062,15741300,166.3933245024789,167.63826163368083,164.47113366947016,167.00083923339844,30879100,258.0799865722656,278.6400146484375,256.3299865722656,278.3900146484375,169079900,219.64898417718916,220.1260455978378,217.24377992596973,219.38063049316406,44299500,119.71223179694545,122.04896105750126,119.17298658297102,121.24009704589844,228452500,391.54789342681113,391.54789342681113,386.0123564410982,389.25048828125,21004500
2025-03-25,97.22000122070312,98.16999816894531,95.08000183105469,96.5,78015300.0,113.2699966430664,114.94999694824219,112.70999908447266,114.80999755859375,29077500,624.2321938231848,631.3234729455945,618.674681768664,623.7839965820312,15312500,168.29555374273664,169.93887964810042,167.6382385775755,169.86915588378906,24174400,283.6000061035156,288.20001220703125,271.2799987792969,288.1400146484375,150361500,219.42039321145907,222.7300380772677,218.73460889257407,222.38217163085938,34493600,120.38129181712452,121.12025404464302,118.75356814650013,120.5210952758789,167447200,390.08239264857633,392.49859404377867,388.81486378638266,391.310302734375,15775000
2025-03-26,96.29000091552734,97.30000305175781,90.81999969482422,92.27999877929688,81428600.0,114.11000061035156,115.9000015258789,108.68000030517578,110.19000244140625,39824000,622.3698034907068,624.222287432859,604.1634984216441,608.515869140625,12609800,168.31549307909538,168.92302298152063,164.17233883294872,164.39144897460938,28901600,282.6600036621094,284.8999938964844,266.510009765625,272.05999755859375,153629800,222.1436424317859,223.64442126802376,219.12223310716143,220.17575073242188,34466100,118.5638454632065,118.6736845133834,112.55226594608844,113.60079956054688,293463300,391.15183295239507,391.45881045430576,384.7844825194778,386.17083740234375,16108400
2025-03-27,91.01499938964844,93.6500015258789,89.66999816894531,90.08999633789062,82823000.0,106.11000061035156,107.62000274658203,105.55000305175781,106.6500015258789,32773700,599.5719804701281,611.7725730959737,597.6796193390965,600.149658203125,10436500,163.96320493120362,164.7499985121227,161.34385234187698,161.5828857421875,24508300,272.4800109863281,291.8500061035156,271.82000732421875,273.1300048828125,162572100,220.03661426059983,223.61461307047793,219.21168633594712,222.48158264160156,37094800,111.19416561141583,114.28982567832341,110.50513643809545,111.27405548095703,236902100,386.3292434732889,388.4186727261189,383.62582905803845,386.77484130859375,13766800
2025-03-28,89.33999633789062,89.37999725341797,84.0999984741211,85.8499984741211,91091700.0,105.52999877929688,106.51000213623047,102.4800033569336,103.22000122070312,31069100,597.8888875675808,599.3230823357646,571.605306475786,574.4139404296875,17602800,159.83997959632808,161.16459457709033,153.00776375696793,153.70492553710938,48669300,275.5799865722656,276.1000061035156,260.57000732421875,263.54998779296875,123809400,220.31487416588553,222.44179120535847,216.34926057176412,216.5679168701172,39818600,111.33397028810096,112.71204388720727,108.9173588485005,109.51651763916016,229872500,384.2992410074857,385.339029849346,373.2578723723651,375.1096496582031,21632000
2025-03-31,80.0,84.6500015258789,78.75,84.4000015258789,108092900.0,100.23999786376953,102.81999969482422,98.80000305175781,102.73999786376953,30865300,561.2273418254761,576.3660506926756,551.0684674021583,574.0354614257812,21124700,152.489854834344,154.91000524190235,150.04978117819655,154.01365661621094,54603500,249.30999755859375,260.55999755859375,243.36000061035156,259.1600036621094,134008900,215.683368745432,224.24073468961828,214.90813825561798,220.77207946777344,65299300,104.98287310192077,110.80471613819729,103.50494855407659,108.22832489013672,299212700,368.91066922952973,373.39653609737746,363.66228447346174,371.73291015625,35184700
2025-04-01,83.88999938964844,85.27999877929688,81.81999969482422,84.68000030517578,78980700.0,102.16000366210938,102.83000183105469,100.93000030517578,102.77999877929688,23523200,568.537705940541,587.5307390242879,567.70106709451,583.6365356445312,12836600,152.99778409802235,157.45964958057314,152.99778409802235,156.43382263183594,30672900,263.79998779296875,277.45001220703125,259.25,268.4599914550781,146486900,218.46626491168394,222.31260214779184,217.5618242432653,221.8256072998047,36412700,108.36813339033893,110.04578269736857,106.32100673854832,109.99585723876953,222614000,371.0000917512926,379.12021808448793,369.59394254927554,378.4666442871094,19689500
2025-04-02,82.4000015258789,88.40499877929688,82.30000305175781,87.44999694824219,96563100.0,101.5199966430664,104.19000244140625,100.76000213623047,102.95999908447266,20794000,572.5913702725657,590.2697848019704,571.0476335559673,581.5750122070312,13470800,154.52155623121885,157.7683612723421,154.07338200320004,156.40390014648438,25041700,254.60000610351562,284.989990234375,251.27000427246094,282.760009765625,212787800,219.96705040499884,223.81338775742097,219.66888130946384,222.52133178710938,35905900,107.1398479774266,111.82328673498283,106.64054773013802,110.26546478271484,220601200,374.2877261088344,381.32844426453147,372.95087209109226,378.4171142578125,16092600
2025-04-03,81.25,85.68000030517578,81.01000213623047,83.5999984741211,93878200.0,97.79000091552734,99.44999694824219,93.63999938964844,93.80000305175781,50472500,544.0170454965238,550.3315027907909,528.1612684622463,529.4759521484375,34777500,150.49794733089453,152.16118136873095,149.78086239042807,150.10952758789062,46883400,265.2900085449219,276.29998779296875,261.510009765625,267.2799987792969,136174300,204.28348559152053,206.22157697816277,200.0197179050274,201.94786071777344,103419000,103.36515315702636,105.48218161280622,101.45782230020173,101.65754699707031,338769400,371.13872318254886,373.80251903809335,365.7517184220645,369.4750671386719,30198000
2025-04-04,80.06999969482422,80.9800033569336,71.93000030517578,74.01000213623047,147323200.0,90.0999984741211,91.08000183105469,83.66999816894531,85.76000213623047,65847000,504.5767280238223,515.9108358048159,492.2068365877987,502.6943664550781,38589800,147.41051168463707,150.4581305746649,144.7911742710094,145.01028442382812,62259500,255.3800048828125,261.0,236.0,239.42999267578125,181229400,192.7047355778497,198.658123727335,186.19477317599058,187.22842407226562,125910900,98.7715853475697,99.98987163475934,91.98109847139008,94.17801666259766,532273800,360.5825648601157,370.94065262193254,355.97787229621173,356.3343505859375,49209900
2025-04-07,66.6500015258789,81.80000305175781,66.12000274658203,77.83999633789062,169083700.0,80.68000030517578,89.0,77.75,83.63999938964844,70515400,483.14354512484755,537.1946573822175,479.95643891438516,514.1679077148438,36606100,140.9766740613606,152.23090799124293,139.96080117715204,146.15560913085938,76794100,223.77999877929688,252.0,214.25,233.2899932861328,183453800,176.11672557211514,192.96310261722135,173.5524959881376,180.35069274902344,160466300,87.33759621246332,101.60759784636036,86.4987754744505,97.50334930419922,611041300,347.4616469003483,367.3856281525139,341.43098078163547,354.3736267089844,50425000
2025-04-08,83.29000091552734,86.11399841308594,75.22000122070312,77.31999969482422,135345600.0,86.1500015258789,88.93000030517578,76.4800033569336,78.20999908447266,69910200,541.0589647931961,545.2220987278512,500.83185110030036,508.3912658691406,28034200,150.60750263275938,151.62337549950988,142.45067281990836,144.11390686035156,52200200,245.0,250.44000244140625,217.8000030517578,221.86000061035156,171603500,185.55865310846366,189.17640027021665,168.17558356470508,171.36595153808594,120859500,103.66472218207363,105.70186824827938,94.3278084260022,96.16523742675781,476243400,364.6723484414274,370.00982228854286,346.8377957272636,351.1058044433594,35868900
2025-04-09,78.19000244140625,93.33000183105469,77.2699966430664,92.01000213623047,187244300.0,79.22000122070312,97.91000366210938,78.87000274658203,96.83999633789062,97827400,507.21603593950647,585.5189766353849,500.0849095170737,583.4075317382812,39216600,143.83505464618503,158.90377855359424,143.3271257672898,158.0671844482422,70406200,224.69000244140625,274.69000244140625,223.8800048828125,272.20001220703125,219433400,170.89883496621582,199.38363475051753,170.83920418374143,197.6343994140625,184395900,98.75161045127601,114.9389248904037,97.39351305704149,114.17000579833984,612918300,350.0957251156184,389.39905670107095,349.66000929830324,386.68572998046875,50199700
2025-04-10,88.4000015258789,90.77999877929688,84.13999938964844,88.58999633789062,124448200.0,91.0,92.94999694824219,85.05999755859375,88.69999694824219,65210600,573.1688477345623,578.9554116409885,533.1409449374893,544.0866088867188,28173500,155.9059376747643,157.081166059798,149.32271046519142,152.20101928710938,48022000,260.0,262.489990234375,239.3300018310547,252.39999389648438,181722600,187.9141823452429,193.58926741380884,181.88128226075605,189.25592041015625,121880000,109.21694044618194,110.70485307181585,99.01124202201945,107.4194564819336,437812400,378.33787067807094,380.1599412978202,364.21678559967916,377.6347961425781,38024400
2025-04-11,87.9800033569336,89.55000305175781,85.47000122070312,88.55000305175781,95130700.0,90.51000213623047,94.76000213623047,90.5,93.4000015258789,57892600,533.3502556297472,545.1923169106578,526.4581815568449,541.3777465820312,17642300,152.28070771093053,157.03139218045564,152.2010451058409,156.5035400390625,33636200,251.83999633789062,257.739990234375,241.36000061035156,252.30999755859375,128948100,184.96236474624945,198.32019241914816,184.9226007761468,196.93869018554688,87435900,108.34816524857224,111.39390013023589,107.32959598741144,110.77476501464844,313417300,376.93173851590154,386.25003769690613,375.1987873888056,384.6656494140625,23839200
2025-04-14,95.80000305175781,97.33000183105469,91.45999908447266,92.62000274658203,122836900.0,97.11000061035156,97.37000274658203,93.44999694824219,94.5,36003000,553.9268489865372,555.520432371149,526.149380590007,529.33642578125,14130900,159.35194610703772,161.06498074344722,156.92182649738766,158.42572021484375,30333000,258.3599853515625,261.79998779296875,245.92999267578125,252.35000610351562,100135200,210.14743595954587,211.63826622013798,199.9302804535287,201.28196716308594,101352900,113.95031245540225,114.13006086401796,108.91736463288024,110.55506896972656,264705000,389.38915847164185,390.8052198187617,380.46692636349223,384.0318603515625,19251200
2025-04-15,93.52999877929688,98.98999786376953,93.05000305175781,98.4000015258789,118457700.0,94.66000366210938,96.8499984741211,94.62000274658203,95.29000091552734,28116500,529.9639426413264,535.7704467995947,515.41288054515,519.4166870117188,15558700,158.4854650554691,159.0033479067655,154.5813444386225,155.6768798828125,27551500,249.91000366210938,258.75,247.5399932861328,254.11000061035156,79594300,200.6259945192588,202.26590170954893,198.57859009217825,200.90428161621094,51343900,110.81470199440513,113.46099492172469,110.3453585264742,112.04297637939453,228966900,384.7250528209778,388.07212889209285,380.41742551182244,381.9721374511719,17199900
2025-04-16,96.27999877929688,97.30000305175781,89.62000274658203,92.70999908447266,121997600.0,87.61000061035156,90.47000122070312,85.30000305175781,88.29000091552734,62109000,506.4591254364096,511.2995098605443,493.6310672206579,500.28411865234375,18735100,152.47988970477897,155.25858239966342,150.89631829246227,152.70895385742188,28187400,247.61000061035156,251.97000122070312,233.88999938964844,241.5500030517578,112378700,197.1474220896786,199.4731139846924,191.19403361596088,193.08242797851562,59732400,104.40369410395131,106.64055727885454,100.30942561460589,104.3437728881836,397016900,376.9614484928254,377.892263018399,364.4148689208335,367.98968505859375,21967800
2025-04-17,94.70999908447266,95.11000061035156,92.2699966430664,93.77999877929688,83991800.0,88.83999633789062,89.02999877929688,86.5199966430664,87.5,34801400,503.212273262548,505.25399323772916,496.00148267523775,499.4574890136719,14593500,153.66505665607545,154.0534763910807,147.8985151753075,150.54774475097656,33046600,243.47000122070312,244.33999633789062,237.67999267578125,241.3699951171875,83404800,195.9944894564487,197.61452992177487,193.2314851467638,195.7758331298828,52164700,104.30381795694564,104.3237942331935,99.90998190333623,101.34796142578125,292517500,370.10883089247193,370.6732850580017,363.31567729138493,364.1969909667969,21120200
2025-04-21,92.83999633789062,96.4749984741211,89.30999755859375,90.80000305175781,83831100.0,86.0199966430664,86.13999938964844,83.75,85.55999755859375,33855400,489.3483426044671,491.5096038816375,477.86484689470427,482.70526123046875,16166000,148.2769899279801,148.346698501599,145.50825109483685,147.07188415527344,26049100,230.25999450683594,232.2100067138672,222.7899932861328,227.5,97768000,192.08849990403363,192.6152586778503,188.64964501381652,191.9791717529297,46742500,98.63177356997639,99.3008417327631,94.90699776234818,96.77438354492188,288501100,359.2853342749941,360.9291658129438,352.20499720618693,355.6213684082031,20807300
2025-04-22,93.01499938964844,96.33999633789062,91.3499984741211,93.98999786376953,91185400.0,86.12000274658203,87.16999816894531,85.16999816894531,86.26000213623047,35236700,489.8862436640875,504.8357168469179,484.3984562132767,498.2623291015625,17399400,148.28692423087432,151.57356070413425,147.93833581818626,150.85647583007812,26971800,230.9600067138672,242.7899932861328,229.85000610351562,237.97000122070312,120858500,194.92107095045932,200.35763286451953,194.7719939992729,198.51895141601562,52976400,98.6417555090913,99.67031279819463,97.14385476914264,98.75160217285156,241004800,359.83987920585236,364.18709517298703,356.3541524572501,363.2463684082031,19485000
2025-04-23,98.86000061035156,103.76000213623047,97.83000183105469,100.81999969482422,112909500.0,91.87999725341797,93.73999786376953,90.12000274658203,90.38999938964844,41102600,526.398387792126,533.1809196011152,514.4368162114096,518.1716918945312,18173900,154.97972084901838,156.89194229421238,153.1870084950911,154.7207794189453,31128800,254.86000061035156,259.45001220703125,244.42999267578125,250.74000549316406,150381900,204.74067860292737,206.7284521815966,201.56024391015845,203.3492431640625,52929200,104.37372584399631,104.6533403969428,101.87722447592722,102.5662612915039,247526000,372.3963282706759,376.68416126561135,369.38593623911186,370.74261474609375,20545500
2025-04-24,101.52999877929688,108.0,100.91000366210938,107.77999877929688,103190700.0,91.58999633789062,94.75,90.37000274658203,94.47000122070312,33681900,516.6379293508005,531.746792125581,515.4129094243589,530.9998168945312,13910000,155.5175149877812,158.9435838456132,155.15897254458986,158.6348419189453,45894000,250.5,259.5400085449219,249.1999969482422,259.510009765625,94464200,203.63746952607698,207.55338601533765,201.69939326414854,207.09619140625,47311000,103.33518320501399,106.39089830035945,102.96569827687256,106.28105163574219,220815000,372.0398589139721,384.6656455709585,371.53481777720657,383.5268249511719,22232300
2025-04-25,108.05000305175781,112.87999725341797,106.55000305175781,112.77999877929688,103933800.0,93.27999877929688,97.0999984741211,92.8499984741211,96.6500015258789,28575300,544.5947301221067,547.6423866360049,534.0872906869056,545.0628662109375,17098900,164.40140465983956,165.4272315126956,160.3877138664607,161.3040008544922,56034000,261.69000244140625,286.8500061035156,259.6300048828125,284.95001220703125,167560700,205.10841141990002,208.46775361357263,204.9394524859384,208.00062561035156,38222300,106.70047033928225,111.76337496991529,105.58204256681438,110.85465240478516,251064700,383.2297451406492,388.33947870228997,380.8531326101871,388.0325012207031,18973200
2025-04-28,113.77999877929688,114.86000061035156,108.87000274658203,114.6500015258789,111082900.0,95.58000183105469,97.48999786376953,94.2699966430664,96.38999938964844,30456700,553.3989944115831,556.2374754096683,538.409706579595,547.5227661132812,15179000,161.7720622393917,162.48914706079233,157.95758921050154,159.95944213867188,29745800,288.9800109863281,294.8599853515625,272.4200134277344,285.8800048828125,151731800,208.71623364812058,210.2070638884643,206.1917677806294,208.85537719726562,38743100,109.53649833991803,110.21554702841466,105.8716284785824,108.57784271240234,207708500,388.1414067328739,388.9138065441973,382.87325863987553,387.3492126464844,16579400
2025-04-29,113.9800033569336,117.2300033569336,113.23999786376953,116.08000183105469,79709000.0,95.76000213623047,97.18000030517578,95.33000183105469,96.05999755859375,20700600,543.7979549633997,554.3253329246786,541.9255322333729,552.2039184570312,11835000,159.6706623611363,160.0889594093041,156.88200017636458,159.5113067626953,26809000,285.5,293.32000732421875,279.4700012207031,292.0299987792969,108906600,207.4142395090872,210.94254069563792,207.09618845243054,209.91883850097656,36827600,107.5193148494054,110.04577291521682,107.2896409990865,108.86742401123047,170444300,387.4878753983452,391.2508732709842,386.5768551213708,390.2012023925781,14974000
2025-04-30,111.61000061035156,118.77999877929688,110.54000091552734,118.44000244140625,109461700.0,92.80999755859375,97.55000305175781,91.87000274658203,97.3499984741211,29730700,536.2285429645594,546.8853389647652,527.3644142359332,546.7857666015625,29244000,157.34011335090173,158.62489684356424,154.7705615625615,158.15679931640625,34981100,279.8999938964844,284.45001220703125,270.7799987792969,282.1600036621094,128961100,208.02053835450616,212.27437321950518,205.40661086468026,211.2009735107422,52286500,104.32379376082015,108.76756286621094,103.93434018163836,108.76756286621094,235044600,386.49757125114587,392.79562598704683,380.69467558939255,391.4092712402344,36461100
2025-05-01,120.04000091552734,120.19000244140625,116.0,116.19999694824219,90677600.0,99.2699966430664,100.0999984741211,96.44999694824219,96.6500015258789,29591500,589.6920784232152,590.5585647326062,568.1990964565776,569.9022216796875,31159000,159.80013463025725,161.29405925789504,158.26637869922348,160.64669799804688,30203200,280.010009765625,290.8699951171875,279.80999755859375,280.5199890136719,99659000,207.80187477964563,213.2483707428857,207.62296725165953,212.01596069335938,57365700,112.92174799120272,114.7791455573913,111.14424029465428,111.45380401611328,236121500,426.9100091091665,432.7327295827746,420.76051687113977,421.2556457519531,58938100
2025-05-02,118.66000366210938,124.41999816894531,118.62999725341797,124.27999877929688,103094300.0,98.4000015258789,99.87999725341797,98.30000305175781,98.80000305175781,29957900,581.1068141330562,601.9026058918658,575.9974995584959,594.6121215820312,24739300,162.7481319399907,164.3018109241553,161.21436100650547,163.36561584472656,25715000,284.8999938964844,294.7799987792969,279.80999755859375,287.2099914550781,114454700,204.83013207172814,205.72463931330321,200.92416412992952,204.09466552734375,101010600,114.02021557227994,115.23850951002053,113.21135153306962,114.33976745605469,190194800,427.5339075174203,435.15890492620053,425.8009563081767,431.0394287109375,30757400
2025-05-05,123.69999694824219,125.25499725341797,121.36000061035156,123.7699966430664,135961300.0,99.0,102.05000305175781,98.76000213623047,100.58999633789062,41268900,588.8355064073843,600.7772002962906,585.6783084359005,596.8530883789062,13887700,162.33980079480253,164.72011996544808,162.06093609508568,163.54490661621094,21341800,284.57000732421875,284.8500061035156,274.3999938964844,280.260009765625,94618900,201.85841873478097,202.85230555244996,196.99831280299983,197.6741485595703,69018500,112.75199066583207,114.5095221313392,112.50234053074915,113.66071319580078,133163200,428.652877068793,435.2182909345157,427.9002714913439,431.9207458496094,20136100
2025-05-06,112.70999908447266,113.91000366210938,105.31999969482422,108.86000061035156,201193400.0,98.41000366210938,100.06999969482422,97.44000244140625,98.62000274658203,54264300,590.140262710858,593.6261466616496,584.2142478367141,584.9412841796875,10600700,161.51314352018753,164.13249581033162,160.53711717512775,162.56884765625,21277200,273.1099853515625,277.7300109863281,271.3500061035156,275.3500061035156,76715800,196.9983091053983,199.42338015596502,195.81558138809015,197.2964630126953,51216500,111.32399638135878,114.57942879752297,110.66491633937942,113.38111114501953,158525600,427.9894209087166,433.46554517602334,426.9694566129341,429.0885925292969,15104200
2025-05-07,107.97000122070312,111.8499984741211,107.0,110.4800033569336,95428800.0,100.75,103.41999816894531,96.87999725341797,100.36000061035156,86474400,587.9790163444538,600.6477471780503,584.3038959778277,594.4030151367188,13139100,163.4154348555188,164.3317067909572,147.2412056374208,150.76687622070312,127490100,276.8800048828125,277.9200134277344,271.0,276.2200012207031,71592600,197.9524407308952,198.2207944248892,192.0686324392914,195.05029296875,68536700,112.89179643623137,117.51531428959993,112.12286973799952,116.89617919921875,206758800,429.61342097536215,433.8517229596541,426.9100064238295,429.1282043457031,23295300
2025-05-08,112.27999877929688,120.37999725341797,112.06999969482422,119.1500015258789,126966200.0,101.91999816894531,105.44000244140625,101.55999755859375,101.69999694824219,54231400,603.8447803031055,608.8345844494372,594.2137969163823,595.5982055664062,14622800,154.37220586033243,155.29843180094085,152.2807053795591,153.65512084960938,57498700,279.6300048828125,289.79998779296875,279.4100036621094,284.82000732421875,97539400,196.51130456752412,198.82706269335065,193.48988012199126,196.28271484375,50478900,118.08452294119296,118.51392151118237,115.68787993703612,117.20575714111328,198428100,433.66356271096413,439.3476626606329,431.41568853142036,433.9012451171875,23491300
2025-05-09,118.97000122070312,119.16000366210938,114.9000015258789,117.30000305175781,81005300.0,102.58999633789062,103.54000091552734,101.5999984741211,102.83999633789062,31704300,601.2850913628599,604.5219836999701,589.3235802814015,590.1004028320312,10427300,153.5455484927057,154.42198900650553,151.58352655875794,152.1313018798828,32435300,290.2099914550781,307.0400085449219,290.0,298.260009765625,132387800,197.78348851905432,199.3140676367793,196.33240700583877,197.3163604736328,36453900,117.1857803819228,118.06455379711826,115.0487756801452,116.48676300048828,132972200,435.71345766523456,436.4462388099119,431.6336001241581,434.4558410644531,15324200
2025-05-12,120.77999877929688,120.93499755859375,115.01000213623047,118.45999908447266,94257300.0,110.41999816894531,110.66999816894531,106.9800033569336,108.12000274658203,50543400,628.3754468402599,637.8072854035049,618.52537997075,636.8511352539062,21965100,156.85210396646104,158.45558338936252,155.61712102310727,157.81817626953125,44138800,321.989990234375,322.2099914550781,311.5,318.3800048828125,112826700,209.95526516858178,210.2538252478288,205.75556156059073,209.776123046875,63775800,121.79930827024249,122.82786560058594,120.11167093091153,122.82786560058594,225023300,441.5955462250109,444.9921230759706,435.4955548202822,444.8832092285156,22821900
2025-05-13,119.91999816894531,130.60000610351562,119.30999755859375,128.10000610351562,147155400.0,109.5999984741211,113.12999725341797,109.0,112.45999908447266,55659500,642.9364721174845,658.2544484118764,640.2374406337076,653.3842163085938,18570800,158.14685705682408,159.91966162602043,155.52751949956448,158.8838653564453,42382100,320.0,337.5899963378906,316.79998779296875,334.07000732421875,136992600,209.4178625594749,212.3735786127325,207.99474788922345,211.9058380126953,51909300,124.80509195257008,131.0363568449821,124.29580357204036,129.74815368652344,330430100,443.41763796979524,446.2794975271711,441.021200788799,444.764404296875,23618800
2025-05-14,129.00999450683594,133.49000549316406,127.55899810791016,130.17999267578125,96611500.0,119.83000183105469,122.5199966430664,116.58999633789062,117.72000122070312,86743700,658.5432587283299,659.9973314154452,651.671063189936,656.70068359375,12348200,159.31213380087087,166.3236135788371,158.96354529840758,164.70021057128906,48755900,342.5,350.0,337.0,347.67999267578125,136997300,211.40824098508043,212.91098786371114,209.56714827780408,211.30873107910156,49325800,133.01358451331882,135.25045513495294,131.49570747587302,135.1505889892578,281180800,443.7741186799948,449.4779827199474,443.7741186799948,448.52734375,19902800
2025-05-15,128.3699951171875,130.1999969482422,125.73999786376953,128.1199951171875,69503000.0,117.0199966430664,117.5,114.01000213623047,114.98999786376953,43843200,651.6412836963046,654.6590319374474,636.0045904601806,641.283203125,14341800,165.1682887318073,165.53680044166376,161.71234217984835,163.29591369628906,33146700,340.3399963378906,346.1400146484375,334.7200012207031,342.82000732421875,97882600,209.93535780893234,211.93569971673273,208.53213606160298,210.43295288085938,45029500,134.10204362723803,136.10924022234616,132.47433530494334,134.64129638671875,226632600,447.1979616790238,452.57502540604634,446.860659567107,449.5392761230469,21992300
2025-05-16,129.22999572753906,130.3300018310547,126.76000213623047,129.52000427246094,57003700.0,118.06999969482422,118.23999786376953,116.01000213623047,117.16999816894531,43419700,635.3871011059229,637.8570797042149,623.6247337876389,637.7575073242188,18519000,167.0506320085185,168.66408078965867,164.94917762065725,165.51687622070312,42846900,346.239990234375,351.6199951171875,342.3299865722656,349.9800109863281,95895700,211.33859654598928,211.54759317457453,208.76105751069144,210.24388122558594,54737900,136.02937003025397,136.15919297953724,133.27323795943153,135.21051025390625,226542500,448.4678481067336,450.7595407562394,445.1741794982958,450.6702575683594,23849800
2025-05-19,124.71499633789062,127.7699966430664,124.31999969482422,126.33000183105469,72503900.0,115.0199966430664,115.52999877929688,114.05999755859375,114.73999786376953,37737400,625.7161768945482,640.4066880114517,625.2679796518272,637.8470458984375,9592400,163.8436563518303,165.9650337738735,163.5548376666196,165.8654327392578,30426100,336.29998779296875,343.0,333.3699951171875,342.0899963378906,88869900,206.90999202317107,208.47243269467637,203.2775387890809,207.7758026123047,46140500,132.20473687113784,135.6798627990254,132.20473687113784,135.3802947998047,193154600,447.30711960117503,455.948090917999,447.22773658664954,455.2337951660156,21336500
2025-05-20,127.22000122070312,128.1999969482422,124.6500015258789,125.58999633789062,61265300.0,114.3499984741211,114.51000213623047,112.08000183105469,113.51000213623047,29030800,633.4448867170665,636.7713819580241,629.7100110253076,634.5304565429688,6743500,165.75590012466307,167.817523283891,162.24019892385144,163.31582641601562,46607700,347.8699951171875,354.989990234375,341.6300048828125,343.82000732421875,131715500,206.67113760639387,207.46729276724128,204.04383620537516,205.8650360107422,42496600,134.10205468200522,134.39165736048994,132.4343936724944,134.1919403076172,161514200,451.9797648957129,454.70797307292094,450.71983965496236,454.5393371582031,15441800
2025-05-21,125.16000366210938,127.11000061035156,119.41000366210938,120.58000183105469,80657700.0,113.8499984741211,116.0999984741211,111.08999633789062,112.05999755859375,43594600,629.2418916838421,644.0021281038256,627.6284302053292,632.9369506835938,11464600,163.02700354080346,172.43872486137178,162.89752522096424,167.8772735595703,73416000,344.42999267578125,347.3500061035156,332.20001220703125,334.6199951171875,102354800,204.1831685508297,206.04416933851562,199.74462882701684,201.11798095703125,59211800,132.87378601013486,137.2077087161811,130.40724144628157,131.6155548095703,270608700,450.9678549991314,454.1524094962116,448.229716398419,448.98370361328125,19216900
2025-05-22,121.94999694824219,126.33000183105469,121.375,122.29000091552734,75498300.0,111.9000015258789,112.63999938964844,110.61000061035156,110.70999908447266,29252000,631.492768599171,640.6556757699244,628.1662733645643,634.0026245117188,8228400,171.15395911169207,176.05402972868134,170.01857708088951,170.17791748046875,74864400,331.8999938964844,347.2699890136719,331.3900146484375,341.0400085449219,97113400,199.7446272097534,201.77480849030061,198.7394754118135,200.39149475097656,46742400,132.04495280891254,134.0621302833829,131.36591171623223,132.6441192626953,187344000,451.3448676580097,456.6028569421555,450.30316997101943,451.25555419921875,18025600
2025-05-23,120.87999725341797,125.54000091552734,120.68000030517578,123.30999755859375,65905800.0,108.08999633789062,111.0199966430664,107.66999816894531,110.30999755859375,30867300,621.4833495575277,629.8992820739184,620.1388185495641,624.531005859375,8454100,168.3752347830085,169.2715985296926,167.2099755896054,167.78762817382812,35211400,337.9200134277344,343.17999267578125,333.2099914550781,339.3399963378906,84654800,192.73845462081462,196.74906929623725,192.52947321472183,194.3307647705078,78432900,129.8180590665907,132.49430097030302,128.97923834191374,131.1062469482422,198821300,446.414273906322,450.0948666019555,445.3527455471655,446.6126708984375,16883500
2025-05-27,126.81999969482422,127.87999725341797,120.87999725341797,123.38999938964844,86455200.0,113.18000030517578,115.4000015258789,112.2699966430664,114.55999755859375,37885000,632.8472662118028,640.4863756807556,630.1980211513535,639.7294311523438,9508400,169.4707843872067,172.4685871557562,169.31142880693562,172.19967651367188,37995700,347.3500061035156,363.7900085449219,347.32000732421875,362.8900146484375,120146400,197.34622283817185,199.77448939448533,196.4803970243206,199.24703979492188,56288500,133.96226214597903,135.47015877862245,133.12344131304633,135.3103790283203,192953600,452.86270711658346,457.2972865174385,452.5055441364309,457.0393371582031,20974300
2025-05-28,124.2300033569336,125.6500015258789,122.91000366210938,123.76000213623047,64866000.0,114.91999816894531,114.94999694824219,112.66000366210938,112.86000061035156,27483700,640.0083470734247,648.2549827182214,639.9585608829994,640.9844360351562,9042900,172.45865857387113,174.56011310814884,171.21372141368263,171.66189575195312,34784000,364.8399963378906,365.0,355.9100036621094,356.8999938964844,91404300,199.6252046868552,201.75491117265972,198.93852099816252,199.45602416992188,45339700,135.83961638539918,137.0579101389624,134.60134635659116,134.62132263183594,304021100,457.56520718600586,458.8548936312049,453.3091934756473,453.73577880859375,17086300
2025-05-29,125.3499984741211,126.47000122070312,121.52999877929688,122.31999969482422,62929100.0,115.48999786376953,115.54000091552734,112.12999725341797,113.02999877929688,30501400,649.0218431897822,650.6850908623647,636.9208212538034,642.4484252929688,8858800,173.29525703459385,173.71355410724578,169.93891122977584,171.16392517089844,29317300,365.2900085449219,367.7099914550781,356.0,358.42999267578125,88087800,202.60079553265004,202.8296849960031,197.55517460719432,198.98825073242188,51396800,142.05090829751865,143.28917829117677,137.71698617586475,138.9951934814453,369241900,457.8925405838875,458.0612067791374,451.7019977235154,455.0452880859375,13974800
2025-05-30,123.52999877929688,131.94000244140625,122.75,131.77999877929688,185897600.0,111.58000183105469,112.11000061035156,108.62000274658203,110.7300033569336,36088500,639.9086753837215,646.7907792932219,630.227907169861,644.8785400390625,16241000,170.65598330984582,171.51250064033223,166.76181642373982,171.04440307617188,52639900,355.5199890136719,363.67999267578125,345.2900085449219,346.4599914550781,123474900,198.41106448584634,200.98861863398105,195.8335255231089,199.8839569091797,70819900,138.52585950975748,139.42459384487097,132.73397369059805,134.94088745117188,333170900,456.07706236471586,458.0215223462663,451.9301930198663,456.71197509765625,34770500
2025-06-02,131.43499755859375,134.47999572753906,128.86000061035156,132.0399932861328,93218700.0,111.05999755859375,114.86000061035156,111.01000213623047,114.62999725341797,34078400,641.791121766507,670.5446811489596,641.6616412070963,668.1942138671875,15766300,167.1602000728598,169.18197682154243,166.71202573097702,168.3453826904297,38612300,343.5,348.0199890136719,333.3299865722656,342.69000244140625,81873800,199.31669015009302,201.15779807678393,199.15745607510846,200.7298583984375,35423300,135.30038976970178,137.9266987725352,135.21050414256473,137.187744140625,197663100,453.51752207653715,458.44810948050275,453.2695031394806,458.3092346191406,16626500
2025-06-03,133.07000732421875,135.27999877929688,130.10000610351562,133.1699981689453,91297700.0,114.5,117.68000030517578,113.27999877929688,117.30999755859375,37161500,668.7420068089284,672.8553550898889,662.3479161440031,664.1605224609375,11585000,166.81161909114326,167.79759955842107,164.61056358901342,165.5069122314453,45084900,346.6000061035156,355.3999938964844,343.0400085449219,344.2699890136719,99324500,200.38154929416936,202.78990771325485,199.99342573046133,202.2923126220703,46381600,138.58579662593073,141.80129192952475,137.7569562601038,141.0223846435547,225578800,457.8131864599202,460.4620419695056,457.20800452370844,459.3013000488281,15743800
2025-06-04,132.8000030517578,132.9499969482422,125.58000183105469,130.00999450683594,97306300.0,117.41000366210938,119.30000305175781,115.7300033569336,118.58000183105469,31025000,666.6205475323237,686.2211680866209,665.8735723856402,685.1754150390625,14031900,166.06466254041968,167.53866387757995,165.6861967820594,167.36935424804688,26900800,345.1000061035156,345.6000061035156,327.3299865722656,332.04998779296875,98912100,201.93401536371383,205.24800003069532,201.1279138581714,201.84445190429688,43604000,141.99100090060617,142.19071794379053,139.3447005567539,141.72137451171875,167120800,460.3231275179124,461.9997378828715,459.35088242690273,460.19415283203125,14162700
2025-06-05,129.27000427246094,132.85000610351562,118.93000030517578,119.91000366210938,131055900.0,118.94999694824219,119.23999786376953,114.70999908447266,115.69000244140625,34091000,688.8704721449504,691.5795338523676,679.4984499163488,681.85888671875,13083100,169.65006425936653,170.23767092126516,166.9112026488037,167.52870178222656,36379100,322.489990234375,324.54998779296875,273.2099914550781,284.70001220703125,287499800,202.52119947175674,203.76518718349973,199.18730633012683,199.66500854492188,55126100,141.97102431113476,143.79846496522654,138.63570246128648,139.79408264160156,231397900,461.2755213187348,465.92835889810493,460.35289815926444,463.9739685058594,20131700
2025-06-06,123.7300033569336,128.1300048828125,121.91999816894531,127.72000122070312,87175100.0,117.69000244140625,118.37999725341797,115.87999725341797,116.19000244140625,27042100,693.3622292653906,699.9754637799698,689.0795839414949,694.8960571289062,11728000,170.13809953981024,173.79323333999866,170.13809953981024,172.97654724121094,35731800,298.8299865722656,305.5,291.1400146484375,295.1400146484375,164747700,202.023590138985,204.71060036976428,201.0781625818177,202.9391632080078,46607700,142.31055518995854,143.0695013401578,141.31195466595716,141.52166748046875,153986200,466.3648469522318,469.5890928719542,465.06523024972654,466.6525573730469,15285600
2025-06-09,127.07499694824219,132.22999572753906,124.80000305175781,132.05999755859375,74785600.0,119.18000030517578,122.37000274658203,119.04000091552734,121.7300033569336,55437700,695.6430205968694,702.3458579741853,691.1412310298801,691.2607421875,12773200,174.04347186034624,175.96798941833634,173.8739572925037,175.5890655517578,28935900,285.9599914550781,309.8299865722656,281.8500061035156,308.5799865722656,140908900,203.40692547634254,205.0091823144686,199.05794913802782,200.48106384277344,72862600,142.98963386491081,144.7970986584505,141.74138301440692,142.430419921875,185114500,465.9779957450024,469.67841894667356,464.90653697170796,469.0038146972656,16469900
2025-06-10,131.02000427246094,134.07000732421875,129.41000366210938,132.80999755859375,69308900.0,121.11000061035156,124.08999633789062,120.80000305175781,123.23999786376953,41691900,698.5213248498013,700.3937473880201,688.7708312874433,699.567138671875,10850100,175.69878257607027,180.59481935710423,174.41245877453574,178.0919647216797,61766100,314.94000244140625,327.8299865722656,310.6700134277344,326.0899963378906,151256500,199.63515466910712,203.36711781582227,199.60530017876516,201.6951904296875,54672600,142.49031793007975,144.088069701399,141.33193761060437,143.758544921875,155881900,467.45617352695865,469.0534009468453,463.25968221899245,467.1883239746094,15375900
2025-06-11,133.9199981689453,140.0,132.99000549316406,136.38999938964844,97366000.0,124.44000244140625,124.47000122070312,119.87999725341797,121.13999938964844,32261900,700.871864292101,706.0110265671628,689.1991010267074,691.3404541015625,9582500,179.2586188457646,179.8569029175766,176.24720547354727,176.8455047607422,31646800,334.3999938964844,335.5,322.5,326.42999267578125,122611400,202.5211970741936,203.51638723180633,197.45568281643992,197.8238983154297,60989900,144.4176611881815,144.79716064315863,141.6813000562032,142.64002990722656,167694000,466.29544434484353,471.7022694228479,465.9383115986028,468.8748474121094,16399200
2025-06-12,136.39999389648438,137.10000610351562,134.6300048828125,135.19000244140625,56248200.0,120.62000274658203,122.25,118.02999877929688,118.5,44718400,690.5038430500748,692.5754712333077,684.229263706634,690.5635986328125,7322700,175.6788103288989,176.21728270194464,174.25288557862032,175.20018005371094,20941900,323.0799865722656,332.55999755859375,316.8599853515625,319.1099853515625,105127500,198.12246436103902,198.71956936233477,196.4107360236097,198.24188232421875,43904600,141.78116046611606,144.80712890625,141.6613249598906,144.80712890625,162365000,471.255819627256,476.61305298608835,469.76770597774697,475.0753173828125,18950600
2025-06-13,133.81500244140625,139.99000549316406,133.35000610351562,137.39999389648438,93519000.0,116.05000305175781,117.87999725341797,115.05999755859375,116.16000366210938,39702700,685.175373097979,691.7686684593297,678.2633610655403,680.1158447265625,9274400,171.9494740114175,176.6261351195968,171.8996131999643,174.17312622070312,27663100,313.9700012207031,332.989990234375,313.29998779296875,325.30999755859375,128964300,198.769334334526,199.40625545491926,194.7587190445596,195.50511169433594,51447300,142.2904745799642,143.38901749969733,140.6626531024409,141.78115844726562,180820600,472.6348110082228,475.3828499324856,469.0137405811006,471.1962890625,16814500
2025-06-16,140.02999877929688,144.86000061035156,139.81199645996094,141.41000366210938,80779800.0,118.63999938964844,128.13999938964844,117.77999877929688,126.38999938964844,100968500,697.0453694874415,704.8398295585073,691.2443755981594,699.8262329101562,13720300,174.23294549738824,176.43666545813562,174.15317124562452,176.26715087890625,27389200,331.2900085449219,332.04998779296875,326.4100036621094,329.1300048828125,83925900,196.3510442175849,197.73435809187652,195.61459794763022,197.4656524658203,43020700,143.159329390418,145.98555166191812,143.00951976951112,144.49754333496094,183133700,471.44428961660435,476.8808754060361,471.23596219473825,475.3431701660156,15626100
2025-06-17,141.48500061035156,141.69000244140625,136.0800018310547,138.1999969482422,70479100.0,127.93000030517578,130.6999969482422,126.58000183105469,127.0999984741211,86623900,699.7066458929623,703.6636471536132,693.7860487635145,694.9522094726562,10066100,175.20018931566514,176.85547082344988,174.08338020939252,175.44947814941406,24973000,326.0899963378906,327.260009765625,314.739990234375,316.3500061035156,88282700,196.2514839890114,197.43576263348734,194.27106541566712,194.69898986816406,38856200,144.2978018718573,145.0268265438421,143.58873962374116,143.92828369140625,139108000,471.63279762120845,474.9463269378011,470.3232503868908,474.25189208984375,15414100
2025-06-18,139.0399932861328,140.36000061035156,137.49000549316406,139.9600067138672,58260200.0,128.00999450683594,129.2100067138672,125.7699966430664,126.79000091552734,49627100,695.8991705300261,699.2980647722242,692.6299173050131,693.4970703125,10068300,175.50931582595604,176.0577543370001,172.70731159680278,172.8269805908203,28707500,317.30999755859375,329.32000732421875,315.45001220703125,322.04998779296875,95137700,194.9975546383106,196.6197193940347,194.13174409281177,195.6344757080078,45394700,143.81845298832403,145.45627108510786,142.9296373487004,145.2864990234375,161494100,474.21220825159133,477.1884355000323,470.70025162122124,476.4344482421875,17526500
2025-06-20,140.69000244140625,142.24000549316406,136.74200439453125,137.3000030517578,87067000.0,129.0,132.80999755859375,127.55000305175781,128.24000549316406,79931000,698.4607641474819,699.5272759324512,676.4528788689065,680.120849609375,22538600,173.45517315134433,173.8440631360939,164.98933381824614,166.1659698486328,75659900,327.95001220703125,332.3599853515625,317.7799987792969,322.1600036621094,108688000,197.28649906078425,200.72984844555882,195.9131318065836,200.03321838378906,96813500,145.2565234707711,146.00552584195606,142.46024490398213,143.65866088867188,242956200,478.4086860483398,479.62891980922967,473.09114443804276,473.616943359375,37576200
2025-06-23,138.89999389648438,142.14999389648438,135.9600067138672,139.9199981689453,70501100.0,130.47000122070312,133.25,126.81999969482422,129.5800018310547,65152900,681.4565596787132,696.7663678330139,676.5326949790629,696.2481079101562,11080100,165.79702236468145,166.86397066469698,161.53916480969883,164.7200927734375,57671000,327.5400085449219,357.5400085449219,327.4800109863281,348.67999267578125,190716800,200.6602023375907,201.3269779408771,198.00304635957568,200.53082275390625,55814300,142.31044894200824,144.58741490600102,141.84107290887454,143.9782257080078,154308900,474.42052531416374,483.884936234588,468.76571183115124,482.1488037109375,24864000
2025-06-24,140.97999572753906,143.66000366210938,137.8000030517578,143.22999572753906,58574200.0,133.42999267578125,138.7899932861328,132.92999267578125,138.42999267578125,78572000,702.5872956643889,710.860169242287,699.8163481052391,709.8734130859375,13823200,166.4451757427373,167.74148079179992,165.65742968002243,166.2956085205078,40524300,356.1700134277344,356.260009765625,340.44000244140625,340.4700012207031,114736200,201.61555699715424,202.4614746491071,199.23705328583006,199.33657836914062,54064000,145.36637857516104,147.76319531946535,145.3064608232896,147.70326232910156,187566100,485.07541514458467,487.9524285572733,482.9424282150726,486.2261962890625,22305600
2025-06-25,144.49000549316406,147.6699981689453,141.52999877929688,142.89999389648438,61435300.0,140.94000244140625,144.17999267578125,139.4600067138672,143.39999389648438,74607200,710.9897247556078,714.2390846812559,703.0756608117819,706.3648681640625,9320400,167.15314653822034,171.86968681108624,167.0733722889804,170.1944580078125,35479000,342.70001220703125,343.0,320.3999938964844,327.54998779296875,119845100,200.4810436177515,202.6903668657116,199.65503400834336,200.59051513671875,39525700,149.0714471780808,154.24454949233478,149.06145072732096,154.104736328125,269146500,488.1409520653471,490.64097201284227,485.5119574284625,488.3691101074219,17495100
2025-06-26,144.85000610351562,148.21499633789062,142.91000366210938,144.25,69440500.0,145.97000122070312,146.0,141.91000366210938,143.67999267578125,58180100,712.0262960706955,725.84100327131,708.7271116959034,723.718017578125,13964800,171.9394978428303,173.19592338119924,169.4565906415466,173.0463409423828,31796700,324.6099853515625,331.04998779296875,323.6099853515625,325.7799987792969,80440900,200.4611428555203,201.66532960796235,198.50063224789568,200.03321838378906,50799100,155.77252682686714,156.51154803915952,153.79516469048193,154.81381225585938,198145700,489.07347716233096,494.09337765578726,488.9048109762518,493.508056640625,21578900
2025-06-27,144.8699951171875,144.97000122070312,130.5399932861328,130.74000549316406,202598600.0,144.17999267578125,147.75,141.6300048828125,143.80999755859375,61937900,724.1466398304902,733.0275060697373,723.4887618360168,731.2333984375,18775700,173.04634474267505,178.17172298843596,171.24149586849427,178.02215576171875,108140200,324.510009765625,329.3399963378906,317.5,323.6300048828125,89067000,200.91892502298623,202.2425296541318,199.03801637565215,200.11282348632812,73188600,155.83242906789442,158.49889084686143,155.05346784206984,157.5401611328125,263234500,493.60726767719865,495.3434002058453,489.12309627390664,492.0100402832031,34539200
2025-06-30,137.7899932861328,138.875,134.8000030517578,136.32000732421875,97305600.0,144.0,146.0,141.00999450683594,141.89999389648438,42972500,742.1176905331245,745.4567832484664,731.851350759088,735.6788330078125,15402100,180.26572771487326,180.71444454135903,174.0833681106488,175.72866821289062,63378900,319.8999938964844,325.5799865722656,316.6000061035156,317.6600036621094,76695100,201.03836190454115,206.39248990855162,198.3015889216639,204.18316650390625,91912800,158.1893045239527,158.4489684480595,155.7525627920192,157.7798614501953,194580300,493.101351114434,496.79187420420715,491.4048797426009,493.4684143066406,28369000
2025-07-01,135.27000427246094,136.32000732421875,128.50999450683594,130.67999267578125,91479700.0,138.77000427246094,140.22999572753906,135.1199951171875,136.11000061035156,55257200,734.4727647300622,735.3399177465482,713.0330238804761,716.8704223632812,13431200,175.24009156508697,175.58908681807281,173.0363714854685,175.3397979736328,35904500,298.4599914550781,305.8900146484375,293.2099914550781,300.7099914550781,145085700,205.6759567295316,209.17903048404247,205.14850713857425,206.8204345703125,78788900,156.08211312403307,156.9909063970138,151.2885097592641,153.09609985351562,213143600,492.53583641461546,494.10330273882704,487.08935037246306,488.1508483886719,19945400
2025-07-02,131.47000122070312,133.60000610351562,130.19000244140625,132.1199951171875,59732000.0,135.52999877929688,139.77999877929688,135.22000122070312,138.52000427246094,39228000,712.9932128907722,717.9469479430355,710.4714485666279,711.2389526367188,9336700,175.04063318866915,178.35119606008848,174.5719841997796,178.13182067871094,29128900,312.6300048828125,316.8299865722656,303.82000732421875,315.6499938964844,119483700,207.90519262679368,212.31387801499196,207.13889190503232,211.418212890625,67941800,152.77652287552658,157.3903883520798,152.76654166200262,157.0408477783203,171224100,486.107196925814,489.5893925672679,484.82744098086494,487.198486328125,16319600
2025-07-03,134.36000061035156,135.6199951171875,132.50999450683594,134.36000061035156,41812500.0,139.11000061035156,139.5,137.32000732421875,137.91000366210938,28646000,724.23628063908,726.6484187341657,712.0861007528597,716.6611328125,8601700,177.99221838299502,179.15888824066795,176.5463462627362,179.019287109375,21689700,317.989990234375,318.45001220703125,312.760009765625,315.3500061035156,58042300,211.12958235725722,213.61755770997246,210.7912213537831,212.52285766601562,34955800,158.1593559409033,160.7658851337161,157.56016311083363,159.12806701660156,143716100,489.8969147231798,496.1668406146565,489.5298515465148,494.8870544433594,13984800
2025-07-07,134.3800048828125,139.2899932861328,132.32000732421875,139.1199951171875,71959700.0,136.55999755859375,137.44000244140625,133.5,134.8000030517578,37395000,715.2556849998467,724.6250009558648,711.1790804792781,716.0032348632812,9457100,178.550625649566,178.78994839919216,175.1802358653973,176.28707885742188,34175600,291.3699951171875,296.1499938964844,288.7699890136719,293.94000244140625,131177900,211.65703516300363,215.18996325511674,207.79570768244494,208.94017028808594,50229000,157.98957042846925,159.09809459400483,157.1307137305003,158.02952575683594,140139000,493.4386378219278,494.7977767455099,491.3056810299541,493.77593994140625,13981600
2025-07-08,138.77499389648438,139.85499572753906,135.7899932861328,139.7100067138672,59834800.0,137.32000732421875,139.14999389648438,135.91000366210938,137.82000732421875,36124600,719.2127580119818,720.5483463866185,712.4748320749653,718.315673828125,7770700,177.34407588154812,177.44378228214464,172.31840465770773,173.86399841308594,40442500,297.0,304.04998779296875,294.3500061035156,297.80999755859375,103246700,209.08947184941582,210.41306148236814,207.44739887083225,208.99989318847656,42848900,159.11806346268276,160.00687898854957,158.17931139836438,159.78717041015625,138133000,493.2997134401056,494.25212791462184,490.1945116420166,492.68463134765625,11846600
2025-07-09,139.65499877929688,143.1699981689453,137.38999938964844,143.1300048828125,68494800.0,138.69000244140625,140.64999389648438,137.58999633789062,138.41000366210938,37013100,720.3590354295591,735.1207134732275,720.3590354295591,730.38623046875,11418000,174.75147104078385,178.92955429499338,172.27853009035698,176.11756896972656,43025600,297.54998779296875,300.1499938964844,293.54998779296875,295.8800048828125,75586800,208.52219391164948,210.31353924447487,206.22330706177223,210.12445068359375,48749400,161.0055648799297,164.20130555952733,160.94564712320184,162.66336059570312,183656400,496.33549554664154,502.76415743455226,495.77993553758444,499.52008056640625,18659500
2025-07-10,143.30999755859375,145.16000366210938,139.52999877929688,142.5,64383900.0,143.0,145.82000732421875,141.85000610351562,144.16000366210938,61101500,729.1601141641413,733.3962299961528,717.2491410105094,724.8641967773438,9913600,175.1304013990042,177.92242424511252,173.88395719435462,177.11473083496094,29252400,300.04998779296875,310.4800109863281,300.0,309.8699951171875,104365300,209.49746585002458,212.45318170934252,209.01977884626095,211.38833618164062,44443600,164.10143771292147,164.28119097215313,161.3950357038234,163.88172912597656,167704100,499.06366987607214,500.4426696344743,493.8056807647675,497.5061340332031,16492100
2025-07-11,142.11000061035156,144.5800018310547,141.47000122070312,142.10000610351562,52134800.0,142.60000610351562,147.39999389648438,141.60000610351562,146.4199981689453,50049200,720.1397657932962,722.791049443565,707.3815924903404,715.1660766601562,10873900,176.28710677069904,180.91390748840172,175.97799101310056,179.6774444580078,34282900,307.8900146484375,314.0899963378906,305.6499938964844,313.510009765625,79236400,209.55720483784353,211.10969909895366,208.8506131239295,210.1443634033203,39765800,163.50222183922534,167.6666731011634,163.2525543877531,164.70062255859375,193633300,494.51996982276876,501.0279839194423,493.85526578992295,499.33154296875,16459500
2025-07-14,142.72000122070312,149.5749969482422,142.22000122070312,149.14999389648438,81774400.0,145.08999633789062,147.5800018310547,141.89999389648438,146.24000549316406,44718600,715.2557188520466,725.6217684499236,714.2091611608587,718.5648803710938,8939400,180.49507959550706,183.14751640721383,179.16886118965368,181.04351806640625,32536600,317.7300109863281,322.6000061035156,312.6700134277344,316.8999938964844,78043400,208.92024318716173,209.8955403849565,206.54173953773955,207.61654663085938,38840100,165.1500194092157,165.26987014699793,161.80448473325933,163.8517608642578,136975800,497.5458219138798,499.9764196247383,497.0597144820079,499.033935546875,12058800
2025-07-15,148.92999267578125,150.6199951171875,147.36000061035156,148.5800018310547,59126200.0,153.75,158.67999267578125,153.55999755859375,155.61000061035156,93370100,721.5351494521201,722.1032338104419,707.5011297082585,708.0692749023438,11529500,182.28996266650833,183.69595532751242,181.08341324296114,181.48226928710938,33448300,319.67999267578125,321.20001220703125,310.5,310.7799987792969,77556300,208.21367378884585,210.8708295317098,207.91511372197888,208.1042022705078,42296300,170.96229989605533,172.17068192225182,168.97494134085255,170.4729461669922,230627400,499.033906939414,504.27206541624594,498.805748905247,501.8117370605469,14927200
2025-07-16,149.3000030517578,151.50999450683594,147.6739959716797,150.91000366210938,57550300.0,155.30999755859375,160.36000061035156,152.85000610351562,160.0800018310547,59492800,711.0394977501286,711.6375132851348,696.985585155631,700.6136474609375,13067600,182.71876014286474,183.80565587223137,181.5121954195811,182.44952392578125,33104200,312.79998779296875,323.5,312.6199951171875,321.6700134277344,97284800,209.28848066940537,211.37837076419683,207.63646146204943,209.14915466308594,47490500,170.83247408910898,171.52155877211666,168.67534340451815,171.14205932617188,158831500,501.17679603649344,502.70460109528983,497.9128887743687,501.6133117675781,15154400
2025-07-17,151.55999755859375,155.67999267578125,150.82000732421875,153.99000549316406,60165500.0,161.80999755859375,161.9600067138672,158.67999267578125,160.41000366210938,50605100,702.0888975460598,703.5939743779064,694.8326508122145,699.1185913085938,11803300,181.6218637248093,183.53640005379035,179.96658229342344,183.05776977539062,31992600,323.1499938964844,324.3399963378906,317.05999755859375,319.4100036621094,73922900,209.5571995447156,210.78127919114968,208.58190225319882,209.0098419189453,48068100,171.7911900263939,173.92834287299638,170.60277047944578,172.76988220214844,160841100,501.6728265840105,509.30189104591364,501.6133044647972,507.6451416015625,17503100
2025-07-18,154.86000061035156,154.9199981689453,151.89999389648438,153.52000427246094,45771600.0,159.58999633789062,160.8300018310547,155.80999755859375,156.99000549316406,48859800,699.896109861645,702.4078970710398,689.3905635084973,701.9793090820312,12779800,184.87259850820493,185.88970124039062,183.1874187229756,184.5335693359375,34014500,321.6600036621094,330.8999938964844,321.4200134277344,329.6499938964844,94255000,209.85575432940058,210.77132749863404,208.6913836081342,210.1642608642578,48974600,173.40903901870553,174.01822826089457,171.03219980516573,172.18067932128906,146456400,510.4030974050004,510.5618634291492,503.40897568442307,506.0082092285156,21209700
2025-07-21,153.8800048828125,155.44000244140625,151.36000061035156,151.7899932861328,45072800.0,157.6199951171875,160.33999633789062,156.9199981689453,157.0,39021100,704.4910420819451,714.657733300232,703.4544614129026,710.640869140625,9404400,185.72019545617198,189.74869662525765,185.6204738288338,189.5592498779297,45803100,334.3999938964844,338.0,326.8800048828125,328.489990234375,75768800,211.07983063398711,214.74212298846783,210.61209006251647,211.45799255371094,51377400,172.52022673163836,173.1493936504508,170.77255439137573,171.1520538330078,123126100,502.69466780228106,508.0320701704435,501.54385636100875,506.01812744140625,14066800
2025-07-22,150.85000610351562,151.7899932861328,145.06199645996094,149.07000732421875,49880800.0,156.1999969482422,156.22999572753906,149.33999633789062,154.72000122070312,49028000,713.8503977542969,714.2590316242121,699.1186509323247,702.507568359375,8921100,190.9552485801447,191.10481579575136,186.9267476808465,190.7957000732422,44660200,329.739990234375,335.4100036621094,321.54998779296875,332.1099853515625,77370400,212.11484021935428,213.91613206526756,211.20921348603295,213.3687744140625,46404100,171.1120956061046,171.1620321483939,164.3610926233022,166.80783081054688,193114300,506.92092641726225,507.1491147296819,501.2660827636719,501.2660827636719,13868600
2025-07-23,149.74000549316406,155.0,148.28700256347656,154.6300048828125,48062000.0,156.32000732421875,159.4499969482422,156.0,158.64999389648438,41510900,704.0624934372183,712.295520196002,702.62719505753,711.2489624023438,8771600,190.95526494810704,191.98233382433085,188.6418570458734,189.68887329101562,58681900,330.8999938964844,336.20001220703125,328.6700134277344,332.55999755859375,92553800,213.96588230147148,214.11515474984876,211.38834345684663,213.11996459960938,46989300,169.30450383433347,171.03219846298632,167.74658125695927,170.55284118652344,154082200,502.73439015336794,502.77408166088094,496.73234393031225,501.8613586425781,16396600
2025-07-24,153.97999572753906,155.6300048828125,152.5749969482422,154.86000061035156,38925700.0,159.1199951171875,163.92999267578125,158.36000061035156,162.1199951171875,48440100,714.7074933384354,721.2560374369583,711.6674693968201,712.46484375,10920800,196.46951227536783,197.38689334762466,190.45666688872916,191.6233367919922,74881700,310.0,310.1499938964844,300.4100036621094,305.29998779296875,156966000,212.87116805528336,214.65256693634578,212.50295255730364,212.73184204101562,46022600,172.21065238052367,173.5988030318276,171.07216922217725,173.50892639160156,128984600,504.73833906736274,509.5995039044367,503.27998658866585,506.8316345214844,16107000
2025-07-25,155.6300048828125,160.38999938964844,155.5800018310547,158.8000030517578,57972300.0,163.50999450683594,167.17999267578125,162.36000061035156,166.47000122070312,53432300,714.5779456568456,718.2958018452817,709.5743863825453,710.351806640625,8271700,191.43386410905467,193.77718507523662,190.71591109879392,192.6304473876953,39785900,308.739990234375,323.6300048828125,308.010009765625,316.05999755859375,148227000,213.6673052863376,214.20471642869953,212.37355515647585,212.85125732421875,40268800,173.37908037175941,174.4876045602178,172.72995103806022,173.26922607421875,122316800,508.4090573683804,514.1829458042694,506.3157919577708,509.6392822265625,19125700
2025-07-28,159.8800048828125,160.27999877929688,153.0399932861328,157.8800048828125,63886900.0,169.0800018310547,174.6999969482422,168.6699981689453,173.66000366210938,68267800,712.8635901780652,722.3724029167645,710.3518030699777,715.28564453125,8715700,193.0991291078416,193.49800038051387,190.29712498462092,192.0321807861328,38139500,318.45001220703125,330.489990234375,315.69000244140625,325.5899963378906,112673800,213.000569237894,213.8166325366559,212.03523347491873,213.02047729492188,37858000,173.78854323017163,176.7645753161742,173.73860668662087,176.51490783691406,140023500,510.0063088656235,510.91900158393673,506.07766717141,508.4388122558594,14308000
2025-07-29,158.71499633789062,160.13999938964844,154.91000366210938,156.24000549316406,42427200.0,175.2100067138672,182.30999755859375,174.67999267578125,177.44000244140625,108154800,717.6479213169642,722.1032896273051,697.6235240780348,697.7132568359375,13267000,191.88259792418754,195.36267559548023,191.53360267868564,195.1931610107422,41389200,325.54998779296875,326.25,318.25,321.20001220703125,87358900,213.14983725799084,213.77681196541135,209.80601264614248,210.25384521484375,51411700,177.7233037615148,179.14141320408203,174.78721179005433,175.27655029296875,154077500,511.4448055642593,513.5182098314434,507.50623361872493,508.50823974609375,16469200
2025-07-30,157.36500549316406,159.3800048828125,156.55999755859375,158.61000061035156,40261700.0,175.61000061035156,180.3699951171875,173.8000030517578,179.50999450683594,64820300,705.7767700131621,706.1854038178556,688.9419332947481,692.9388427734375,27077300,195.04358487121084,197.03789549273495,194.13616988672555,195.97093200683594,32445400,322.17999267578125,324.45001220703125,311.6199951171875,319.0400085449219,83931900,210.88079278566187,211.36844143995228,206.72090512781878,208.0445098876953,45512500,176.27521653092245,179.65072563032518,175.80584046425426,179.03155517578125,174312200,511.08764202727673,511.86149016920456,505.4030674134904,509.1729431152344,26380400
